review,sentiment
"The movie is a riot - hilariously funny yet graphically violent. Just when you think you can't take any more it gives you more. Great thiller. The cast is excellent and the plot is very convincing. The past does indeed catch up with our hero, but right(?) prevails.",positive
"Well I just paid a dollar for a DVD of this movie, and it wasn't even worth that. It seems to be from a poor print and is in the public domain, I am guessing.<br /><br />Neagle - despite her glory, awards, and reputation - is a homely British gal who can't sing or dance or act.<br /><br />Some of the fine old Hollywood character actors on display here must have thought they were doing a classic. Director Herbert Wilcox (Neagle's husband) always thought Anna was the most exciting and talented femme on the screen. He was mistaken. She was improbably popular in Britain before and after WWII. Her ""serious"" roles are even more ludicrous than her musical appearance here.<br /><br />Only a couple of the famous songs are included and neither one is well presented. Skip this one and find the one that stars Doris Day. At least you get some real comedy and professional style dancing!",negative
"This movie was recommended to me by the same person that blessed me with a copy of The Chronicles of Narnia. Shadowlands is one of the most amazing screenplays ever written. It is well executed, acted and directed. The cinematography is a bit dark for my taste but I'm sure it was intended to be so. The screenplay is like poetry in portions of the movie, through out the movie I found myself taking pause to reflect on the comments just made on screen. This is a wonderful piece of cinema and I can only hope that more people will run across it and add reviews. Fair warning though this was a 6 tissue movie for me. Very touching. Very Heartfelt performances.",positive
"It seems the makers of this film had trouble deciding what their message really was. Consequently, they had even more trouble delivering it. They began by poorly describing principles of quantum physics which relate to sub-atomic particles. Having established a fuzzy picture of Heisenberg's Uncertainty Principle, they presented a barrage of talking heads who built a case of ridiculous logic intimating that every living person is an entity which follows the same quantum rules on a cosmic scale. Then there was a lot of talk about ideas upon which Stephen Covey and Tony Robbins have made their careers: positive thinking, interrupting bad patterns, always look on the bright side, etc. Next came a bit about how our brains can change our bodies through production of proteins: hormones which we more or less choose to create. If you are sad, you will create sad proteins. If you are happy, you will create happy proteins. It's just so simple, isn't it? Interwoven with our lessons we follow the fictitious life of Amanda, a photographer who pops anti-depressants and hates her thighs. The film makers slowly but surely were trying to get us all to say, ""Hey, Amanda, just cheer up!"" Why can't she cheer up? Obviously it's because the world is a BAD place where there is crime and poverty and religion, that's why. The conclusion of the film (which is basically the entire second half) brought on a barrage of contradiction. We are all a part of a whole energy where we are not beings, but a collective consciousness, but we are individuals who can change the world, but there are many of each of us because of all the different dimensions, but we can choose who we are, and we have a purpose to do good, but there is no god because there is nothing better than us, so there is no such thing as right and wrong, so there is no such thing as reward or punishment, so nothing good ever came out of religion, but we should still do good anyway, even though there is no such thing as bad and good because there is nobody to decide what that is, except for the fact that we each can make life good if we all meditate, and then crime will cease, and if we say nice things, our water will freeze into pretty shapes. Still with me? Good because there is more. According to Robert L. Park in his book ""Voodoo Science"", the whole meditation experiment put on by John Hagelin in Washington, D.C. was a farce, the numbers were doctored, and the murder rate was higher that year that any year before or since. And what about your positive attitude keeping you young and healthy? This was a message delivered by an older man who looked his age and a woman who was overweight.<br /><br />So does all this work or not? I was lucky enough to see the film at a theater where Betsy Chasse, one of the film's three directors (yes, three) fielded questions following the show. I call myself lucky because I had first-hand confirmation that these people don't know what they are talking about. Several of the questions asked by audience members had her so stumped that her husband, a chiropractor, had to step in and recite the answer. I finally had to leave when the discussion inevitably turned political, and everyone, including Ms. Chasse, began speculating as to how wonderful the world would be if only President Bush could see this movie.",negative
"The final film for Ernst Lubitsch, completed by Otto Preminger after Lubitsch's untimely death during production, is a juggling act of sophistication and silliness, romance and music, fantasy and costume dramatics. In a 19th century castle in Southeastern Europe, a Countess falls for her sworn enemy, the leader of the Hungarian revolt; she's aided by her ancestor, whose painted image magically comes to life. Betty Grable, in a long blonde wig adorned with flowers, has never been more beautiful, and her songs are very pleasant. Unfortunately, this script (by Samson Raphaelson, taken from an operetta by Rudolf Schanzer and E. Welisch) is awash with different ideas that fail to mesh--or entertain. The results are good-looking, but unabsorbing. *1/2 from ****",negative
"A message movie, but a rather good one. Outstanding cast, top to bottom. Interesting in that Bette Davis's plot line is essentially back story! The extremely negative reviews (name throwing at the screenplay/playwright, associating this somehow with extremely negative comments about 'Angles in America', etc. etc.) object to the movie being too preachy about Germany in WWII. Gosh, that is just a bit too sophisticated an understanding of morality for me.<br /><br />Theatrical and movie-making, and acting styles vary over time and of course 70 years later this particular movie would not be made in this way. Yes Casablanca is a better movie (I guess), but although made in the same year and both having Nazis in them, Casablanca is primarily a love story. The love story in this movie takes second seat to the spy plot--more of a thriller. Both have a rather large number of somewhat cheesy accents and wonderful character actors. The children ARE a bit tedious and could have been edited",positive
"I am so upset that ABC is giving up on yet another show that has the chance to be a real winner. This show is so good, the writing and storyline were great, an actual original idea for a show instead of another boring reality show. The casting was spectacular! Not only were the characters and actors right on, but these are a very talented set of actors. The concept and idea is really a new and cool idea for a TV show, many of us share this whole idea of ""connections"". I really love the characters of Steven, Laura, Whitney and Damien. But to be honest there is not one person connected to this show that I did not like, even those that only were in for a few episodes (Sheri Appleby for example). The acting and characters are so easy to like and so talented!!. I wish ABC had given this show more of a chance, and not interrupted the show midway, Also it was not advertised enough. Truly unfair!! to everyone!!. This show showed great promise. I for one will let ABC know how I feel and will keep sending emails to keep this show alive. Please join me, I know we can do it. It worked for Jerico. (By the way where is episode 13? I want that last show!). Please support this show and send emails to ABC,we can do it!!! This show is well worth it!!! PETITION ONLINE TO SAVE SIX DEGREES: http://www.PetitionOnline.com/gh1215/petition.html WE CAN DO IT!! SIGN THIS PETITION ASAP!!!",positive
"Jerry spies Tom listening to a creepy story on the radio and seizes the opportunity to scare his nemesis.<br /><br />I didn't find this particular episode that funny: the humour seemed rather constrained and the whole set up was kinda lame (Jerry is essentially the 'bad guy' in this one, tormenting poor Tom for no particular reason).<br /><br />There is the occasional flash of inspiration (such as Tom's literal 'heart in mouth' experience, and the moment when his nines lives are sucked out of his body), but, on the whole, this effort lacks the frenetic pacing, excellent animation and sheer wit of most of T&J's other cartoons.",negative
"This movie was childish in its writing and laughable in its visual effects. Scenes where Father Merrin is tossing in his bed and his glimpses of a gimpy native are signs of bad acting and poor imagination. Nothing seems to fit. The story jumps from scene to scene. The elementary writing leaves no fact to the imagination and leaves no room for suspense. The lady doctor at one point states that she thinks the town is going to ""explode soon"" from all the crazy happenings. There was, in fact, nothing in the movie to make that line relevant. From the terrible job the movie had done, I would have never known that there were any tensions in the village. If you are into cheesy movies go ahead and rent this, but if you want to see this done right check out Exorcist:The Beginning",negative
"I fell in love with Emily Watson in Breaking the Waves, then grew even more fascinated by her range and adeptness in Hilary and Jackie. Now comes this stunning portrayal of a rich girl who spurns breeding and convention in favor of mothering the tortured soul of the child of a man clearly in need of mothering. Her eyes are the mirror to his soul --and what gentle and beautiful eyes they are.<br /><br />Those who take things literally will find Marleen Gorris' poetic and allegorical direction quite frustrating. Romantics who are willing to go with the amazing kinetic energy is this filmed allegorical poem will be well rewarded.",positive
"I did not enjoy the film Eraser whatsoever. It's awful acting, boring storyline and average special effects made this an annoying arnie film, as it had a mountain of potential. With other action films of the time Eraser fell very short!!!",negative
"When I saw the preview, I thought: this is going to be a great movie. And indeed it could have been. The actress playing the main character was very credible, and the beauty of the filming is undeniable. However the dialogues cast a dark shadow on the whole picture. The level of language was too familiar and too contemporary for an action taking place in 1610, and it took away most of the magic of the film. However, I must congratulate the translator, because the English sub-titles were more refined and appropriate that the original French cues, and it probably explains the good rating the movie received on the imbd!",negative
"Many experienced and excellent actors mixed together in an ongoing plot of an untold part of world war II on the eastern front. Characters well portrayed and unforgettable. One episode leaves you wishing for the next. Pay attention to the closing credits were the thousands of Shtrafbat battalions are listed. An untold story involving hundreds of thousands of individuals. Sometimes brutal, sometimes romantic, always filled with real people and dialog. Produced with excellent sets and camera work. Heroes and villains, criminals and priests, patriots and traitors. Portrait of people struggling to survive and overcome a most terrible time. I wish to buy a copy for my own collection so to be able to enjoy the series repeatedly.",positive
"96 minutes of this is cruel..and I love the old Munster's. Yes, the plot is thing; yes the lines are trite; but whoever was at the helm of this was not a fan. There is so much 'intrigue' (and I use that word with great pause) that I wonder if it's an old Starsky & Hutch episode. I lost count of the number of times I noticed that makeup had missed a spot near the collar. Refusing to acknowledge that any time had passed since the mid-60's (ludicrous) the producers simply replace Marilyn & Eddie with younger actors. Why not let them grow and age? The addition of an Addam's Family style reunion does not add to the flavor of the Halloween Party.<br /><br />Grandpa & Herman fly to Transylvania and back in a few hours (preposterous.) Sid Ceaser is the most, yes the most unbelievable character (I am including the bad robots) since he babbles an unwild combination of gibberish & yiddish but claims to be an ancient Arabic ruler. And yes, it looks like the laugh track is missing. In fact, there are several spots where there is dead air, as if the laugh track was to be inserted later. The actors seem to wait on the faux audience. It's not laughable; it's sad. Oh, and the best part! Yvonne DeCarlo has a line that just goes to show you how out of touch the writers and producers were. Marilyn says something like: ""Where could Uncle Herman and Grandpa be? They could have been in an accident. They could have been hit by a car...or a train!"" Lily says responds with something like: ""You're Uncle Herman will be here if he has to drag himself off the train track."" What's amazing about this is: Yvonne DeCarlo's husband was a stuntman in the early 60's and lost a leg and was nearly killed in a train stunt. He never recovered and this financially devastated her family. (check out Biography's fantastic review of her life and career) This line could have been easily changed to be more sensitive to her.<br /><br />If you are a real fan of the Munster's then you'll have to RENT this mess. It illustrates how some things are better left alone. Even with the (nearly) original cast, this is almost as bad as the attempted remake of the show a few years ago.",negative
Kenneth Branagh shows off his excellent skill in both acting and writing in this deep and thought provoking interpretation of Shakespeare's most classic and well-written tragedy. Kenneth plays the role of Hamlet with such a distinct emotion that provokes tears. Kate Winslet's performance is also of great note.,positive
"I like the good things in life as much as anybody, I suppose, but until about five years ago, opera didn't figure into my entertainment choices. Oh, I made a few attempts to learn what all the fuss was about; I'd watched several television productions -- notably parts of Wagner's Ring Cycle on public television -- hoping to understand other people's fascination with the art form. And I knew I could like parts of various operas (I remember being surprised as a kid that I actually LIKED the snippets of ""Madame Butterfly"" in ""My Geisha, and I enjoyed the opera scenes in ""Moonstruck"" and ""Pretty Woman""), but unlike the characters in those films, I just didn't ""get it.""<br /><br />Then in 1995 I saw a live performance of ""Rigoletto"" presented by the New York City Opera Company, and that night I ""got it."" What a wonderful, glorious pageant of color and music and raw Emotion! And I do mean Emotion with a capital E! The key, I think, is that the operatic music allows the performers to over-act freely and believably in a way that would seem silly if their words were just spoken. Everything hinges on the music, of course, and when the music is magical, as it is in ""Rigoletto,"" an opera can be a magnificent entertainment.<br /><br />A sympathetic family member gave me a laserdisc copy of the 1982 TV production of the opera, and I've found that since I can't see live performances of ""Rigoletto"" live on a regular basis, this video version is a fine substitute. Luciano Pavarotti is perfect in the part of the Duke; Ingvar Wixell is excellent as his mean-spirited court jester Rigoletto; and Rigoletto's beloved daughter Gilda is played by the somewhat plain-featured Edita Gruberova. The sets and costumes are lavish, and the location shots on the river late in the film bring a heightened sense of drama to the story that could never be matched on a stage.<br /><br />If you've never seen ""Rigoletto,"" or if you think you don't like or understand opera, I urge you to find this one on videotape and buy it or rent it. If you don't like this, if this production of ""Rigoletto"" doesn't make you appreciate the power of the art form of opera, well, just give it up and move on to something else. But I suspect, if you're new to opera as I was, that you'll be pleasantly surprised.<br /><br />Bill Anderson",positive
"Despite all it's trappings of style and cinematic invention, this is basically another serial killer thriller, following the same sort of plotline favoured by such old favourites as Silence of the Lambs ? team of cops follows the trail of (particularly nasty) murders, someone else gets taken and they somehow have to find out where they are before it's too late. Only in this case, the only person who knows, the killer himself (powerfully played by Vincent D'Onofrio) is in a coma and we need psychologist Jennifer Lopez' sci-fi mind-meld machine to get into his head and force him to tell all. This is where the film gets all new and different, as we enter (via a 21st-Century CGI update of Dr Who's kaleidoscopic favourite, the trendy time tunnel) a kind of Hellraiser-y weird world of scary crazy stuff going on all over the place, ruled over by D'Onofrio, now a kind of superking overlord of his twisted mental world, inside his comatose body. The inside-the-mind sequences are well realised and often pretty stunning, all the leads perform adequately, the gruesomeness is to the max if you like that kind of thing, but the hype around the whole thing led to a disappointment for me, as I had expected something completely new and unlike anything ever done before, not this fairly successful blending of serial-killer and special-effect-horror genre staples. Sometimes horrifying, often pretty, a fairly gripping story told with care and attention by talented film people, but by no means the great leap into the unknown it has been marketed as.",positive
"I hadn't heard of Soap Girl but I saw a poster with a five star review from Film Threat outside the theater so I figured, how bad could it be? Well, I soon found out. My god this film was awful. The most wooden acting I have ever seen outside of a porn flick. Absolutely agonizing dialogue. I just can't understand how this was made and why anyone agreed to be a part of it. And I find it completely unfathomable that this was actually being shown in a theater and money was being charged to see it. How did this happen????? And most importantly WHAT THE WAS THE GUY FROM FILM THREAT THINKING?!?!?!?!",negative
"You can find an anti-war statement here without looking too hard; that layer is hackneyed. Or you can find a value neutral comment on the madness of war (stripped of ""judgement""); that layer is completely uninteresting.<br /><br />Or you can watch this for the darn good entertainment value of Duvall's one-liners, but that's just a coating for commercial mastication.<br /><br />You can try to view this as a 'realistic' Vietnam war film, but ask any veteran and he'll swat down that notion -- most vets will say it stinks.<br /><br />Or view it as a 'will he or won't he' morality play -- nothing rich there, either.<br /><br />Where I found the value was in the superb self-reference. Coppola needed a container with great enough dimensions (the war) to fit the greatness of the skilled multi-dimensional actor playing 'a great man'.<br /><br />Brando the man was as much of a maverick as the Kurtz character. The studios were uncomfortable with his acting 'method', yet he always excelled and won accolades; the 'generals' are uncomfortable with Kurtz's 'unsound methods', in spite of his strategic genius.<br /><br />So Coppola makes a movie all about Brando's greatness. To hammer on the point, he places himself in the movie (as Hopper, a manic photojournalist laden with multiple cameras) to spout his praises. Brando himself is only seen in half-light and silhouettes -- brilliant cinematography by Storaro that only increases the actor's power. And he goes out like the sacrificial bull to complete the narrative equation. Oh, yes: ""the horror..."" <br /><br />Other pieces of interest: the great use of point of view camera perspectives, including 'being in the firefight' long before ""Private Ryan""; the ground breaking use of sound, notably the ominous flanging sweeps and the sonic depiction of an acid trip.<br /><br />Don't get caught in the outer layers; the rich part you should despoil from this is the brilliant core of sound, vision and self-reference.",positive
"Wonderful romance comedy drama about an Italian widow (Cher) who's planning to marry a man she's comfortable with (Danny Aiello) until she falls for his headstrong, angry brother (Nicholas Cage). The script is sharp with plenty of great lines, the acting is wonderful, the accents (I've been told) are letter perfect and the cinematography is beautiful. New York has never looked so good on the screen. A must-see primarily for Cher and Olympia Dukakis--they're both fantastic and richly deserved the Oscars they got. A beautiful, funny film. A must see!",positive
"Excellent episode, showed Dean has not only good taste by picking Cassie for his girlfriend but also shows he does have a heart and can love just one woman, and he's not just some guy who loves and leaves em! Aweso e episode. Applaud them on this one. I only hope that some way they go back to the Cassie relationship next season (if there is a next season??) i would like to see her come back into their ""supernatural"" lives especially Dean's. Also I like the fact the chose an African-American woman to be the special lady in his life that got away somehow. I hope they don't screw that up and end it as he episdoe ended. The girl who played Cassie was truly a looker and it was good to see the WB branching out into what we all see in everyday life-the interacial coupling that has become common and acceptable(finally!)",positive
"First of all , you should watch this only if you don't mind the lack of subtitles , pornography , kinky sex and utter , horrifying and truly shocking depravity . I mentioned kinky sex , but to call sex in the second half of the movie "" kinky "" would be a great understatement . It's more like a punch in the face if you aren't prepared for this sort of sickness . That being said , I can go back to reviewing this morbid piece of pseudo - snuff genre brought to us by our fellow Japanese .<br /><br />The plot seems to be fairly basic , almost nonexistent : a girl is hired to perform in amateur porn movie . Don't expect much in first 30 - 40 minutes . There is some dialog - if you don't speak Japanese it's not going to mean much to you - that seems to be an occasional chatting between the girl and the crew & performer , then there is some porn ( straight sex ) , and after the scene is finished the performers and the crew take a break . And then ... it starts to happen .<br /><br />It seems that the girl is talked into performing one more scene - this time tied with the rope . The abuse begins : whipping , slapping , hot wax ... In the end , girl breaks down and cries . They untie her .<br /><br />Then we see performers and crew sitting at the table as if nothing had happened - except for the girl . She is visibly shaken and looks like she wants to leave . She walks to the door , sits on the floor to put her shoes on ... and that's when hell breaks loose .<br /><br />She is hit in the head with the baseball bat , her wound is treated , she is tied to the bed . What ensues can be briefly described ( I'm not going to spoil everything for you ) as rape during dismemberment . Think of "" Flower of flesh and blood "" , mix it with porn and you will get the idea .It goes on for about 20 minutes or so . SFX are very good , makeup too . Everything is shown , with no mercy for the viewer . You have been warned .<br /><br />I thought "" Visitor Q "" was a very sick movie . After watching "" Niku daruma "" it looked like a fairytale to me .This movie is so sick , so depraved , so twisted , so disgusting that the harshest words pale in comparison to it's finale . Too bad it's released only on VHS so there are no subtitles available . But the movie still works without them . So , if you are into ultra sickness , extreme sadism and other beauties of this beloved genre , check this out . I hope you won't have nightmares .8/10 .",positive
"This is my first Deepa Mehta film. I saw the film on TV in its Hindi version with its ""Sita"" character presented as Nita. I also note that it is Radha who underwent the allegorical trial by fire in the film and not Nita/Sita. Yet what I loved about the film was its screenplay by Ms Mehta, not her direction. The characters, big and small, were well-developed and seemed quixotic towards the end--somewhat like the end of Mazursky's ""An Unmarried Woman."" They are brave women surrounded by cardboard men. And one cardboard man (Ashok) seems to come alive in the last shot we see of him---carrying his invalid mother Biji. He seems to finally take on a future responsibility beyond celibacy and adherance to religion. <br /><br />Ms Mehta seems to fumble as a director (however, compared to most Indian mainstream cinema she would seem to be brilliant) as she cannot use her script to go beyond the microscopic joint family she is presenting except presenting a glimpse of the Chinese micro-minority in the social milieu of India. She even dedicates the film to her mother and daughter (not her father!) Yet her Radha reminesces of halcyon days with both her parents in a mustard field. Compare her to Mrinal Sen, Adoor Gopalakrishnan, Muzaffar Ali and she is dwarfed by these giants--given her competent Canadian production team and financial resources! Mehta's film of two bisexual ladies in an Indian middle-class household may be sacrilege to some, but merely captures the atrophy of middle-class homes that does not seem to aspire for something better than its immediate survival in a limited social space. Kannada, Malayalam, and Bengali films have touched parallel themes in India but did not have the publicity that surrounded this film and therefore have not been seen by a wide segment of knowledgeable cinemagoers.<br /><br />Ms Das, Ms Azmi, Mr Jafri and Mr Kharbanda are credible but not outstanding. Ms Azmi is a talented actress who gave superb performances under good directors (Mrinal Sen's ""Khandar"", Gautam Ghose's ""Paar"", Benegal's ""Ankur"") a brilliance notably absent in this film. Ms Das sparkled due to her screen presence rather than her acting capability. All in all, the film's strength remains in the structure of the screenplay which is above average in terms of international cinema. I am sure Ms Mehta can hone her writing talents in her future screenplays.",positive
"There is such rubbish on the cable movie channels that I hit a gem with this one. From beginning to end it had me gripped and deserves top marks.<br /><br />Father of two sons hears messages from ""God"" to kill people who he is told are 'demons'.<br /><br />When the opening credits showed the director as one of the cast that can often be a warning of a bad film; exceptionally it is the reverse here as the drama is non-stop from beginning to end.<br /><br />And there is not one moment in the movie when one is not fully enthralled as there are no unnecessary or needless sub-plots, and the script is first class. <br /><br />All the actors give wholly convincing performances especially the lead child actor who is exceptional. <br /><br />This film is at least as good as the likes of 'Silence of the Lambs'.",positive
"This movie was yet another waste of time... Why oh why do I keep renting crap like this?... someone please tell me... *sigh* Oh well. back to the movie at hand: Cube Zero is probably worth it if you REALLY REALLY enjoyed the first movie, (like I did), and just want to check out what's up in the last (hopefully) movie scraped together just to keep some poor actors and screenwriters employed, then of course this is the movie for you. But if you are looking for a good movie with good acting and a fantastic plot... *evil grin* then this movie is definitely for you :-D.... OK I'm lying... At best this movie sucks. OK, I have to admit that certain elements to it was cool.. well.. coolish... and I laughed quite a few times, prolly at the wrong things, but nevertheless I was amused. :-) But all in all the few things that barely makes the ""ok"" category isn't enough to make this movie worth it at all.. Unless you count ""Manos - Hand of Fate"" one of the top ten movies EVER!",negative
"This 1984 version of the Dickens' classic `A Christmas Carol,' directed by Clive Donner, stars George C. Scott as Ebenezer Scrooge. By this time around, the challenge for the filmmaker was to take such familiar material and make it seem fresh and new again; and, happily to say, with this film Donner not only met the challenge but surpassed any expectations anyone might have had for it. He tells the story with precision and an eye to detail, and extracts performances from his actors that are nothing less than superlative, especially Scott. One could argue that the definitive portrayal of Scrooge-- one of the best known characters in literary fiction, ever-- was created by Alastair Sim in the 1951 film; but I think with his performance here, Scott has now achieved that distinction. There is such a purity and honesty in his Scrooge that it becomes difficult to even consider anyone else in the role once you've seen Scott do it; simply put, he IS Scrooge. And what a tribute it is to such a gifted actor; to be able to take such a well known figure and make it so uniquely his own is quite miraculous. It is truly a joy to see an actor ply his trade so well, to be able to make a character so real, from every word he utters down to the finest expression of his face, and to make it all ring so true. It's a study in perfection.<br /><br />The other members of the cast are splendid as well, but then again they have to be in order to maintain the integrity of Scott's performance; and they do. Frank Finlay is the Ghost of Jacob Marley; a notable turn, though not as memorable, perhaps, as the one by Alec Guinness (as Marley) in the film, `Scrooge.' Angela Pleasence is a welcome visage as the Spirit of Christmas Past; Edward Woodward, grand and boisterous, and altogether convincing as the Spirit of Christmas Present; and Michael Carter, grim and menacing as the Spirit of Christmas Yet To Come.<br /><br />David Warner hits just the right mark with his Bob Cratchit, bringing a sincerity to the role that measures up well to the standard of quality set by Scott's Scrooge, and Susannah York fares just as well as Mrs. Cratchit. The real gem to be found here, though, is the performance of young Anthony Walters as Tiny Tim; it's heartfelt without ever becoming maudlin, and simply one of the best interpretations-- and the most real-- ever presented on film.<br /><br />The excellent supporting cast includes Roger Rees (Fred Holywell, and also the narrator of the film), Caroline Langrishe (Janet Holywell), Lucy Gutteridge (Belle), Michael Gough (Mr. Poole) and Joanne Whalley (Fan). A flawless presentation, this version of `A Christmas Carol' sets the standard against which all others must be gauged; no matter how many versions you may have seen, watching this one is like seeing it for the first time ever. And forever after, whenever you think of Scrooge, the image your mind will conjure up will be that of George C. Scott. A thoroughly entertaining and satisfying experience, this film demands a place in the annual schedule of the holiday festivities of every home. I rate this one 10/10.",positive
"This movie is an amusing and utterly sarcastic view of pop culture and the producers thereof. I was impressed with the photography that consisted of vivid colors and spin doctored settings, especially when you think that this is Zukovic's first large scale attempt.<br /><br />One warning, do not take the movie's message that seriously. It is not for mass consumption ( and that is not a compliment). The message is a somewhat stylized post-college, neophyte view of society.<br /><br />I did enjoy the basic plot line of a fictitious 'zine editor verbally whipping the mobocracy of the 90's.",positive
"I first read about the Left Behind series a few months ago and made a mental note to check it out since I have an interest in the way religion is used to control people in our ever more hate filled world, so imagine my surprise and joy when I found a copy of Left Behind : World at War in my local library, nestling innocently among the big budget action movies.<br /><br />Now as a movie it's extremely poor. The acting is straight out of an elementary school production and the ""special effects"" would have looked dated in the early 90's. Being the third part of a series the story would be unintelligible to anyone who hadn't seen or read about the other Left Behind movies, and even with my prior knowledge it was still pretty laughable.<br /><br />On the religious front, I don't think anyone who wasn't already filled with the spirit of the lord would find anything in the movie to convince them to change their ways. How are you supposed to fear the Antichrist when he's got a comedy Russian accent, and the worst of his powers are some pitiful CGI?<br /><br />However, my main problem with this movie is the blatant attempt to try and dupe people into believing that it's a big budget action movie. Upon picking up the box and reading the spiel I immediately noticed something odd...nowhere on the packaging was there a mention of the true nature of this film. To someone not in the know it would appear for all intents and purposed that Left Behind : World at War was no different from the latest Tom Clancey. Nor, on the copy that I rented did it say anything about it being the third in a series.<br /><br />Considering the whole premise of the series is that the Antichrist has deceived the whole world, I find it extremely hypocritical that the film makers tried to deceive me TWICE before I even got the to counter! If you're so firm in your beliefs then why not be honest about it?<br /><br />The simple fact is, had this not been a ""Christian"" movie with the built in fan base that goes with it, I seriously doubt it would ever have seen the light of day. If Cloud Ten were hoping that I'd see the error of my ways and give myself to God, I'm afraid to say I would have died of boredom and/or laughed myself to death before I ever had the chance.",negative
"Hello. this is my first review for any movie i have seen. i went through the trouble of doing this to tell everyone that this is quite literally, the most disgusting movie i have ever seen. I feel like the movie was porely made, which i will give some understanding due to budget constraints on making it. I felt like i was watching a very bad remake of the movie saw. Which i can agree, saw as well is also very graphic, but, i did like the movie saw.<br /><br />The scene where he takes the hammer to the head of the tied up victim in the chair is the most disturbing scene i have seen. the scene lasted almost forever, well actually, it was probably around 5 min but still. i want to note that i like some horror movies and i do give credit if they are good. this director uwe boll, and his group of people used to make this movie should think it over before making another one similar to this one. one final note haha!! FOR ALL THE PEOPLE WHO ENJOY WATCHING ANIMALS BEATIN TO DEATH, LETTING ROT, WITH WOMEN AND CHILDREN AS WELL AND A FIVE MINUTE SCENE OF SOMEONE GETTING THERE HEAD SMASHED IN WITH A HAMMER then you will enjoy this movie, if not, and you like horror, go with a higher budget film, like saw for example. I cant believe people actually make movies like this. anyway sorry to anyone who loves uwe boll and took it to heart, this is just my opinion on the movie.",negative
"""The Brak Show "" is good .Probably not in the same level than ""Aqua Teen Hunger "" or ""Space Ghost Coast to Coast "", but definitely it have many brilliant moments .Basically it follows the life of Zorak and Brak that have normal lives and go to the school ,living in a neighborhood on the style of the 50 'sitcoms . The humor and the animation of this show it's very much as ""Aqua Teen Hunger "" (and in one episode you could see Meatwad) with bizarre situations and strange characters .But it is good ,it have funny parts . Some of the songs are great ,others not very much but I like this show . The funniest character is the father of Brak . (that is a human ,nobody knows why )",positive
"First off, I absolutely loved this movie. As a Billy Crystal fan, I must say that I was expecting more comedic situations than I actually got. However, it was nice to see him in a role with more depth and emotion. His portrayal of talent agent Sammy was brilliantly performed and uniquely him. In addition, Gheorghe Muresan (as Maximus) was superb in his first film role. When Sammy goes to Romania to visit his client on location he has his world turned upside down. He never expected that he would accidentally find the one person who could change his life. Sammy and Max's journey is unique and moving, and even humorous at times. Plus, the location in Czech Republic where parts of the film were shot, was absolutely beautiful. I have to say, this dramatic comedy had me feeling a variety of emotions. I thought it was excellent and I would recommend it to anyone and everyone.",positive
"Gake no Ue no Ponyo is a beautifully animated film and a relief from the many heartless soulless CGI movies being made. The pastel and color pencil backgrounds were a surprise after Sen to Chihiro no Kamikakushi(Spirited Away) and Hauru no Ugoku Shiro(Howl's Moving Castle) being so similar stylistically. The style worked well for the film and was done exceptionally well. The time and effort put in to animate this is greatly appreciated as it gives the characters so much more life, the detail and care it takes makes the movie turn out so much better. There are several great scenes throughout the movie that have lots of movement and action. The greatest to me being a scene were Ponyo's sisters transform into massive wave like fish while she runs on top of them. The story is simple but fairly well written and played out. The plot stayed focused around character relationships and while it wasn't played out as well as in Tonari no Totoro(My Neighbor Totoro) it is still great. I felt that each character had the an appropriate amount of screen time unlike Spirited Away which was so jammed with distinctive characters that it could have been stretched out into an entire series.(The Radish Spirit. There was a another whole movie right there!) My only real problem with the movie was the end. The way its worded in the English version at least makes it seem like there's going to be some great test given to Sōsuke which turns out to be just him promising Ponyos mother that he will love Ponyo. Though putting more thought into this leads me to think that translation may not be that accurate to the actual meaning in that the test is the promise and that deep down he really means it. The movie did seem to end abruptly though. Other than that the movie was great and I highly recommend it.",positive
"For a kid's movie, this is great. As an adult and mother, I enjoyed watching the movie with my daughter. There is a lot going on in this movie. The following *might* be considered a *spoiler*... Barbie learns courage and learns not to judge others so quickly in this movie. She also learns not to give up hope and to master her anger. I loved the sense of teamwork you get from watching Barbie and her sister and friends solve the puzzle. There's nothing in the movie I found offensive or inappropriate for young viewers. In fact, I felt that the moral messages of the movie were superb and well done.<br /><br />The animation was pretty good. I really enjoy the ice-skating scenes and think that they were very well done. There's a lot of action in this film, so I suspect that most kids would enjoy it... not just the ones that are really into Barbie. My daughter actually picked it out because of the Pegasus. She loves horses. But she enjoyed the movie very much. My daughter is autistic, and was able to sit through the whole movie and enjoy it. She really liked the action scenes and any parts with horses involved.<br /><br />One thing that I was thinking about was that many people object to Barbie (and Ken) because they are so beautiful. Yet, I think that kids, just like adults like to look at beautiful people and things. It's natural. As adults, we enjoy watching beautiful movie stars too. It's wonderful though, that the Barbie character and her ""boyfriend"" have a lot of personality. While it's fun to watch pretty people, it grows old if there is no substance behind the pretty face.<br /><br />Overall, I'd say this is a great movie for kids and parents will enjoy it, too. :)",positive
"Deceptive Advertising... I saw a commercial for Carlitos Way: Rise to Power that states ""From the Producer of Scarface and Carlito's Way"" LETS GET IT STRAIGHT... Michael Bergman did not produce Scarface, in fact he was 'editing room assistant' for Scarface. Not to take away from Bergman's talent... but in my opinion he should of had a little more class. I think I can speak for the masses when I say... We hate being blatantly lied to. As far as the movie goes, It was poor at best. I did think Puff Daddy did a good job. Although, Luis Guzman should be ashamed for working on this film. Overall this film did not do a good job filling in the blanks for Carlito's Way. It's obvious this project was an attempt to make a quick buck rather a good film.",negative
"I find it difficult to comprehend what makes viewer's feel this is a powerful movie. I would guess that the main intention of this film would be a character study and the effects of racism in a British community. It is therefore all the more disappointing that all the characters are two dimensional and the acting is at the level of a college performing arts course. I'm always sceptical of ""improvisation"", another word for being too lazy to write a decent script. I was embarrassed by the performances and sat in an audience who laughed when they surely were supposed to be moved by the story. Racism is a serious issue but I think a subtle approach in cinema works far better than laying it on with trowel.",negative
"I resisted watching 15 Park Avenue despite of recommendations, discarding the movie as a clichéd topic of extreme emotional dramas and over-the-top acting.<br /><br />Once in a while, movies like 15 Park Avenue come by and sweep you off your feet.<br /><br />The movie grasps your attention pretty early on and there is no moment to rest after that. Aparna Sen has done a wonderful job of gluing the audience to every line of the movie. The impeccable character development, ""just right"" amount of emotions and an enigmatic end to match it all...<br /><br />I have a renewed respect for Konkana Sen Sharma, who convincingly plays the schizophrenic Mithi. She beats expectation yet again after Page-3 and Mr.& Mrs.Iyer. Prof. Anjali's role is very well developed and Shabana does full justice to the character. Rahul Bose, Shefali Chaya, Waheeda Rehman add incredible flavor to the movie.<br /><br />I define ""shower moments"" as thoughts of scenes from a movie that you ponder over in your shower endlessly, till your wife/girlfriend/mom bangs at the door. 15PA delivers many ""shower moments"" especially the conversation between Anjali and her mother where the mother is cautious when talking to Anjali about her thoughts. It immediately brings out Anjali's personality to the audience.<br /><br />The end is a very bold statement by the director; probably too westernized for the Indian audience; yet delivers the elements to promote the movie from a ""good"" to a ""great"" status.",positive
"I saw it last night and I was laughing out loud for the whole second half of the movie. The whole audience was. Bruce Campbell has made a damn funny movie! I don't want to give anything away, but when the film turns and gets wacky, it gets really wacky. Just one funny scene after another. My hats of to Mr. Campbell and crew for pulling this off on such a tiny budget. Bruce was there to introduce the film and do a Q and A, which was a treat. A lot of the questions people were asking were pretty lame, but Bruce would turn it around on them and be all sarcastic. He was great! Anyway, loved the film. I'll be looking forward to seeing this on DVD later this year. B sure to check it out on the Sci-Fi channel this fall. I highly recommend this one.",positive
"I'm kinda torn on DARK ANGEL. The film appears to be a ""loving"" tribute to the greatest pin-up to ever live - but there is so little actual ""content"" that the film itself is virtually pointless. I can't really see what the motivation or ""point"" of this film is - as there is very little biographical information provided in the narrative - so those who don't know much about Bettie aren't gonna know much more after watching DARK ANGEL either...<br /><br />The film basically chronicles the last few years of Bettie's career in bondage modeling. Almost the entire film is comprised of ""re-enactments"" of some of Bettie's more ""famous"" photo-shoots and loops. These re-enactments take up literally 75% of the films run-time, and give virtually no insight into Bettie as a person. The film touches briefly on her short-lived legitimate acting pursuits, and her subsequent decision to leave the ""business"" and become religious - but all of this is pretty much glossed-over in favor of showing long and drawn-out re-enactment scenes...<br /><br />DARK ANGEL isn't a horrible film - there's just no substance to it. The other problem is that the actress that plays Bettie only really resembles her in farther away shots - up-close it's a no-go. The other thing that irritated me, is that although Bettie did several topless modeling shoots - the only nudity in the film was a short segment shot in a zoo during the end credits. The film itself is obviously extremely low-budget, but does what it can set and costume-wise within it's limitations - so no gripes from me there. The acting is pretty wooden and unmemorable from everyone involved. In fact - the most memorable thing about the whole film for me, was noticing during the end credits that the actor who played Irving Klaw's real name is Dukey Flyswatter. No joke - check the cast list. Can't say that I recommend this one too highly unless you are a true Bettiefile completist and must own anything relating to her. And if you are that bad off - then you need to seek treatment anyway...4/10",negative
"""A scientist has developed a serum which grotesquely distorts the victim's hands and heads. The scientist decides to use his serum on a concert pianist to extort money from him for the cure as well as take the man's daughter for a wife,"" according to the DVD sleeve's synopsis. J. Carrol Naish (as Dr. Igor Markoff) plays ""The Monster Maker"" in the low budget Bela Lugosi mode.<br /><br />Mr. Naish's serum causes a real disorder, ""acromegaly"", which American Heritage defines as, ""A chronic disease of adults marked by enlargement of the bones of the extremities, face, and jaw that is caused by overactivity of the pituitary gland."" Ralph Morgan (as Anthony Lawrence) plays the afflicted man with some dignity. Pretty blonde Wanda McKay (as Patricia ""Pat"" Lawrence) is the daughter desired by mad scientist Naish; in early scenes, Ms. McKay and Naish emote hilariously.<br /><br />Watch for Tala Birell (as Maxine) in a surprisingly good supporting performance; she plays the somewhat Garbo-like, and long suffering, assistant to Naish. Ms. Birell definitely steals the film; and, you've got to question Dr. Markoff's sanity in casting her aside. Glenn Strange (as Steve) and a crazed gorilla (Ray Corrigan) add to the fun. The monster makeup (Maurice Seiderman) is very good.<br /><br />**** The Monster Maker (1944) Sam Newfield ~ J. Carrol Naish, Ralph Morgan, Tala Birell",negative
"The biggest National Lampoon hit remains ""Animal House"", and rightly so. It was funny, raucous and good-natured.<br /><br />The exact opposite of every other National Lampoon film. Including ""Class Reunion"".<br /><br />PLEASE do not be fooled by the inclusion of Stephen Furst (""Flounder"") from ""Animal House"". Or by the fact that John Hughes wrote this jumbled mess. This reunion is about as hilarious as root canal and twice as painful.<br /><br />One star, and that's being generous. Then again, I always thought most of my old classmates were demons, vampires and serial killers, too.",negative
"This movie is a mix of a dark comedy and a drama, about two guys who worked in a Butcher's shop and wanted to build up their own. When they finally fulfilled that dream, they faced a new problem: there were no clients! One day, by accident, one guy dies in the refrigerator room, and a new kind of butcher's business begins They start selling human flesh, saying to the clients it's just chicken and their business starts to improve: Human flesh sells good! Oh! I forgot to say something These guys aren't normal! There's really something missing in their brains! <br /><br />The movie has some nice dark humour scenes, but it is, in my opinion, mostly a drama. One that shows us what is inside the head of a psychopath, what are his motivations to what he does. I must confess I was a bit surprised with the ending of the movie, because I never expected they could make it without been discovered, but that's probably because I see too many Hollywood movies What I mean by this is that in Hollywood's cinema we always expect the punishment of the guys which do the ""bad things"". There's always a morality protecting the ""good values"", in spite of we all know that in ""real life"" it doesn't happen this way too many times And I liked this movie mostly because of that, because it fits in a kind of cinema which is true, frontal, without fake moralities, and which ""see"" what is on the other side, behind the ""conventional morality"" It just happens in independent cinema (especially in the European)! <br /><br />Besides, there're excellent performances by Nikolaj Lie Kass and Mads Mikkelsen (especially the first one) in the roles of the ""disturbed guys"" <br /><br />Very nice Danish film!",positive
"I've no idea what dimwit from San Francisco came up with this stupid plot, but apparently they need to get off whatever drugs they are taking and put their analyst on danger money -- NOW.<br /><br />Yeah, this is a plausible story, if you regard the alien abduction sequence in ""Life of Brian"" as plausible.<br /><br />This film is little more than a leftist pipedream. Had the US and USSR give up nuclear weapons, the result would've been to eliminate the only real obstacle that kept the two from engaging in a war. Bad as Korea, Vietnam and other wars of the era were, they were ""proxy wars"" fought to keep the superpowers from a direct engagement.<br /><br />This film makes me think about how realistic it was when some group of high school kids would go on a hunger strike against nuclear proliferation. As if someone would say ""Mr. President, some kids at Drastic High are not eating!"" and Ronald Reagan would reply ""My God! I'd better revise my Defense policy!"" Right.<br /><br />Like this film? Wouldn't it be better if the Soviet Union would've collapsed because they could not support their massive arms build... wait, that happened!",negative
"A straight-forward X File that shows that action is always the equal of intelligence. Rob Bowman's direction is crisp and sharp, the episode looks just as fresh now as it did almost a decade ago. David and Gillian both give fine performances and both seem to relish the lack of baggage - it's a standalone X File that even non-fans could happen upon and enjoy. Junior Brown gives both the leads a run for their money during his scene with them, he's so convincing that you could believe the crew drove to the middle of nowhere and knocked on the first door they came to. Bryan Cranston is intense and energetic as Patrick Crump, he has since admitted in interviews that he knew next to nothing about the X Files prior to this role, a fact that makes his hit-the-floor-running performance all the more incredible. A brilliantly dumb episode.",positive
"I still haven't gotten to see all of this; it's running on cable right now, and I seem to keep coming in on the middle of it. My main reason for being interested in it is that I'm a Bill Paxton fan; he's a pretty good actor, and has turned in consistently good work over the course of his career.<br /><br />The other thing is that, while never really a fan of the old series, I kinda liked Thunderbirds for the ships and effect work. Derek Meddings was quite possibly the best in the business during the sixties and seventies, and his designs for the International Rescue craft are wonderful. The current team has done a fine job of translating his work to the big screen.<br /><br />BUT...<br /><br />This is one lame story. The kids are asked to drive it, and while they do an okay job, it's hard to suspend your disbelief, especially when you have Brains' eight-year-old son flying T2, an enormous multi-ton transport with all the aerodynamics of a Buick. Everywhere you look, you see a Ford logo. Product placement is way over the top here, and it's annoying. Ben Kingsley does an good job as The Hood, but he can only do so much with a one-dimensional role. If you can accept the film on its very slim merits, Thunderbirds is a fun, enjoyable ride. Just don't look too closely at the machinery that drives it.<br /><br />ADDENDUM: I finally got to see all of this, and it's worse than I thought. The acting is fairly uniformly poor, and while the effects are fairly good, the story on multiple viewings has gotten cheesier. The overdone product placement for Ford is annoying, and the kids as central characters grate on my remaining nerves. As with The Avengers, if you ignore the source material, it's bearable. But not very. Watch the original show, and you'll see what I mean.<br /><br />And a word of advice to Jon Frakes. Take a refresher course at the Director's Guild. You can do better than this, old friend.<br /><br />Another footnote...<br /><br />I saw this again. Last night. On Telemundo. Dubbed in Spanish, with cheesy comedy sound effects. And yes, I came in roughly in the middle, with Ben, Ron and Sophia in their fight scene on Tracy Island. <br /><br />I didn't think it was possible for an already lame movie to be worse, but it was. It was embarrassingly bad. <br /><br />If this had been done straight, no kids-to-the-rescue, no tongue-in-cheek jokes, it might have worked. As it is, it's just another beloved childhood joy that's been ruined.",negative
"I viewed the first two nights before coming to IMDb looking for some actor info. I saw the 9+ rating which surprised me since I was not that impressed by what I'd seen. (As reference, I happen to believe Lonesome Dove was the best TV western ever. I grew up next to the MGM back lots in Culver City in the 50s and have a certain sense of reverence about the Western genre.) <br /><br />So I saw the glowing first review and decided to read ""more"". There I found several reviews with 1 or 2 stars that summed up my feelings well about the lack of character development, poor editing, feeling that it was shot on the Universal back lot (MGM's is long gone), and overall impression that it was not going to come close to changing my feelings about LD. My impression is that the overwhelming vote of those who chose to write was ""less than a 4.0"".<br /><br />This got me to wondering about the process that yields a 9+ rating. If the people giving the 10s and 9s do not take the time to justify their vote, is the ballot box being stuffed by people with a monetary motivation? I have long used IMDb as one tool to screen movies and thought it the best available. Now I am not so sure.",negative
"I agree with the previous comment, what a disappointment. Rented it thinking it was going to be a good movie since Mira and Olivier where in it. I was surprised by their performance, expected more since they're good actors.<br /><br />Thought it was a slow beginning but it got worse. I even laughed at some bad stunts!! when is supposed to be a mystery movie. You can even guess who is the killer beforehand!!! <br /><br />For real what happened?? <br /><br />Sorry to say but don't even bother you'll waste time and money.<br /><br />Boring!!!",negative
"I was looking forward to seeing Bruce Willis in this, especially since I remember being mesmerised by the original when I was young.<br /><br />This movie is a perfect example of how movie companies can take a very good story and dumb it down until it's just another formula ridden hype of the fabled American law enforcement system/army VS, (the Russians.... no sorry the cold war is over, make that WITH the Russians) VS the TERRORISTS, similar to probably 50 other movies.<br /><br />Furthermore it treats its audience like a bunch of idiots. The choice of weapon is well, plain ridiculous, are we seriously expected to believe that the world's most feared and experienced hit man/terrorist would select that for an assasination?<br /><br />The whole point of the original story was the tense dual of intellects between the ordinary detective who is given the responsibility and the professional who crafts a ruthless but elegant plan to reach his target and then get away. None of that survived. All we have is the tired old American CIA/FBI/army vs the evil terrorist plot, we've all seen 1000 times before.<br /><br />But of course the movie company's MBA's realised that a new intellectual angle here would lose them revenue from the short attention span gang, so the answer is ......Bruce Willis, BIG explosions and a crippled plot. They assume the American audience wont be able to relate to a threat to a foreign statesperson (where is France on the map afterall) so it has be an American!<br /><br />Another example of a movie defiled by the boardroom.",negative
"The movie began well enough. It had a fellow get hit by a glowing green meteorite, getting superpowers (telekinesis, x-ray vision, invulnerability, flight, the ability to speak to dogs, superspeed, heat vision, and the ability to make plants grow large and quickly), and fighting crime. From there on it's all downhill.<br /><br />Meteor Man gets a costume from his mom, fights with the resident gangs, and has many aborted encounters with the gang leaders which serves to set you up for the disappointing, overlong, and stupefying ending.<br /><br />It wouldn't be so remarkably bad if it weren't like watching a boxing match where the two fighters pretend to hit each other while the audience stands looking onward while the fighters just continue to dance.<br /><br />Despite all of this nonsense the movie has good points. It states clearly that if you try to take on a gang alone then they'll come back to your home and hurt you. It states that gangs & communities need to see their real enemies (the big bosses that use them for their own ends to crush honest people into a ghetto existence). It also states that people do not need superheroes if they are willing to work as a community do destroy the predators that harm them. The only message it really lacks is that the voters should ensure their elected officials (Rudolph Giuliani, Marion Barry, Ronald Reagan, George W. Bush, & George H.W. Bush) aren't crooks too.<br /><br />",negative
"Although I've long been a fan of Peter Weir, I hadn't watched any of his Australian movies until I watched The Last Wave. And it was a pleasant, unpredictable surprise.<br /><br />Richard Chamberlain plays David, a lawyer invited to defend five aborigines charged with murdering another Aborigine. For David's peers it's a clear case of drunken disorder and they think they should plead guilty and serve a quick sentence. But David believes there's a mystery underneath the murder, linked to tribal rituals. As his investigation proceeds he learns not only things about his clients but about himself too.<br /><br />To reveal more would be to spoil one of the strangest movies I've ever seen. I can only say that this movie goes in directions that no one will be expecting.<br /><br />There are many elements that make this a fascinating movie: Chamberlain's acting, for instance; but also the performances by David Gulpilil, who plays a young aborigine who introduces David into tribal mysteries; and Nandjiwarra Amagula, who plays an old aborigine who's a spiritual guide. The relationships between these three characters make the heart of the movie.<br /><br />But there's also the way Weir suggests the supernatural in the movie. David has dreams that warn him of the future. Australia is undergoing awful weather, with storms, hail falling and even a mysterious black rain that may be nothing more than pollution. But it's also related to the case David is defending. How it's related is one of the great revelations of the movie. Out of little events Weir manages to create an atmosphere of dread and oppression, suggesting future horrors without really showing anything.<br /><br />Charles Wain's score is fantastic, especially the use of the didgeridoo. The photography is also quite good. Russell Boyd, Weir's longtime DP who won an Oscar in 2004 for Master and Commander, depicts a dark, creepy world full of mystery.<br /><br />I also find it remarkable that for a movie centered on aborigines, it doesn't turn into an indictment against white culture or into a sappy celebration of the their traditions, like Dances With Wolves or The Last Samurai. This movie is too clever to be that simplistic.<br /><br />Sometimes it can be frustrating, and it may upset viewers who expect to finish a movie with everything making sense; but for those who don't mind some strangeness or ambiguity, The Last Wave is a great movie to watch.",positive
"Just bought the VHS on this film for two bucks, Did I waste my money! Hey, I dig Adam ""Batman"" West and Tina ""Giligan's Island"" Louise, but hello! This third rate production is a rehash of a dozen other biker films; crazed bunch of bikers psychos ride into a hick town, beat up everybody and everything, and then are defeated in the man by a dashing hero. Adam West looks the part as a hero, but he's missing cape, and his Batman uniform. Sorry, just isn't the same. Tina L. looks really nervous and frightened the whole show, but at least we know what happened to ""Ginger"" once she was rescued from the island...LOL! The bikers are a motley group, and known of them ever acted again or at least shouldn't have. Hell Riders is Hell to Watch!",negative
"I wouldn't say this is a *bad* movie. Unfortunately for me, I get the feeling that the more you know about fencing, the worse it gets simply due to the fact that it becomes totally unrealistic. I've been fencing since i was 14 years old, and this movie portrays it very poorly. F. Murray Abraham is good (and appears to have some fencing background), but most of the other actors--especially the students--just seem to be lost.",negative
"I work at the video store that rents this video in Lexington and I must say...it should have never been made. I even know some of the people who worked on it who regret doing so. Bad effects, horrid acting, bad script especially. I swear the dialog wouldn't have passed for the original PSX Resident Evil; it's that bad. If you want to know how not to make a movie, watch this film to learn a thing or two. If not, don't waste your time. And even the director know it sucks because he keeps coming in to try to get us to upsale the movie. No sir. I've watched two-thirds of the horror section and this rates even lower than Plan 9 from Outer Space. Even Ed Eood would have said, ""Nope. That's too stupid even for me.""",negative
"Perhaps it's just the format of this film, a documentary, but I believe that the movie would have been much better served by good actors and more solid dialogue. The fact that the actors are also the business owners is a double-edged sword. They know better than anyone else the emotions and complexities of the business they were in, but, since they are not professional actors, they do a very poor job of conveying those emotions and the documentary suffers. There were some truly memorable scenes in this movie and lots of good lines but they were delivered so poorly that they will fade away with time and the only memory I will have of this documentary is that it had some good scenes which I can't remember. <br /><br />Watch this if you want a first-hand account of the .com bust and see what happened to the 99% of people in the industry who didn't become instant millionares. However, be prepared for some nauseating camera work, poor acting, poor dialogue, and an overall bad movie that epitomizes the era of the Internet boom.",negative
"The debut that plucked from obscurity one of the brighter stars of contemporary noir is an assured, if limited, stab at the con game and obsession. Filmed for zero money, Nolan couldn't have chosen a better subject than the drab and seamy underside of London to ply his trade, given the lack of funds. This short (67 min) is at its best in playing with the audience's and protagonist's expectations about who is scamming whom, though the initial set-up does ring some alarm bells in the credibility dept. The muddy cinematography (he often used natural lighting due to budget) can be mostly chalked up to noir stylization, though the limitations do show at times.<br /><br />One can easily see Nolan's style developing in this fledgling effort; many of the same themes of blurred identity and expectation smashing recur in MEMENTO and INSOMNIA. Not a masterpiece but good and certainly worth a look for modern noir and Nolan fans.",positive
"This movie was craptacular. I was so emotionally uninvolved in every single character that the movies' biggest antagonist was, in fact, myself. I played it beautifully throughout; promising myself I would walk away, but only drinking another beer hoping it would auto-magically transform into something engrossing along the way. Even in this state, I couldn't help but notice that Cuba's acting was as flimsy as tracing paper. His obsessive dedication to his job was unconvincingly done as well as his one night binge after the failure of his own idiot standards. Burt came on the screen as a General, that's right, a General (who wears too much makeup). I fell into a frighteningly fast binge to rival Cuba's, except mine was real and I stubbed my toe. Recompense! Recompense my stubbed toe!",negative
"""Spielberg loves the smell of sentiment in the morning. But sentiment at the expense of narrative honesty? Nobody should love that."" - Lucius Shepard<br /><br />""The Color Purple"" takes place in the Deep South during the early 1900s, and tells the story of Celie and Nettie, two African American sisters. The film opens with the girls playing in a field of purple flowers, an idyllic haven which is promptly shattered by the appearance of their stepfather. This motif  innocence interrupted by men  permeates the entire film.<br /><br />The film then launches into a series of short sequences. Celie is revealed to have been twice impregnated by her stepfather, gives birth in a dirty barn, has her newborn child taken away and is forced to marry a local widow named Albert Johnson, a violent oaf who rapes her repeatedly, forcing her to cook, clean and look after his children.<br /><br />All these horrific scenes are given little screen time, and are instead surrounded by moments of pixie-dust cinematography, a meddlesome symphonic score, incongruous comedy and overly exuberant camera work. The cumulative effect is like the merging of a Disney cartoon and a rape movie, a jarring aesthetic which caused Stanley Kubrick to remark that ""The Color Purple"" made him so nauseated that he had to turn it off after ten minutes. Ten minutes? He lasted a long time.<br /><br />The film is often said to deal which ""racism"", ""sexism"" and ""black culture"", but this is not true. Alice Walker, the author of the novel upon which the film is based, claims to be a bisexual but is actually a closet lesbian. Her book is a lesbian fantasy, a story of female liberation and self-discovery, which paints men as violent brutes who stymie women. For Walker, the only way out of this maze is for women to bond together in a kind of lesbian utopia, black sisterhood and female independence celebrated.<br /><br />Spielberg's film, however, re-frames Walker's story through the lens of comforting American mythologies. This is a film in which the salvific power of Christianity overcomes the natural cruelty of men. A film in which Albert finds himself in various ridiculous situations, moments of misplaced comedy inserted to make him look like a bumbling fool. A film in which all the characters are derived from racist minstrel shows, the cast comprised of lecherous men (always beaming with devilish smiles and toothy grins), stereotypical fat mammies, jazz bands and gospel choirs. <br /><br />This is a film in which black people are naturally childlike, readily and happily accepting their social conditions. A film in which black people are over-sexed, carnal sensualists dominated by violent passions. A film in which poverty and class issues are entirely invisible (Albert lives in a huge house) and black men are completely inept. This is not the Old South, this is the Old South as derived from ""Gone With The Wind"", MGM Muscals, ""Song of the South"", Warner Cartoons, ""Halleluha!"" and banned Disney movies. In other words, it's the South as seen by a child raised on 50s TV. It's all so cartoonish, so racist in the way it reduces these human beings to one dimensional ethnic stereotypes, that black novelist Ishmael Reed famously likened it to a Nazi conspiracy.<br /><br />Of course, in typical Spielberg fashion the film ends with family bonds being healed. This reconciliation was in Walker's novel, but Spielberg goes further by having every character in the story reconcile with their kin.<br /><br />Beyond Walker's hate letter to black men and Spielberg's bizarre caricaturing of black life, we are shown nothing of the black community. We have only the vaguest ideas as to how any of these characters make a living and no insight into how they interact with others in their community. Instead, Spielberg's camera jumps about, desperately fighting for our attention (one of Celie's kitchen contraptions seems like it belongs in a ""Home Alone"" movie), every emotion over played, the director never stopping to just observe something or to allow a little bit of life to simply pass by. Couple this with Quincy Jones' ridiculously ""white"" music, and you have one of the strangest films in cinema history: an angry feminist tract filmed by a white Jew in the style of Disney and Griffith, scored by a black man trying to emulate John Williams.<br /><br />Problematic too is the lack of white characters. Consider this: the men in this film aren't portrayed as being rough to each other, nor do they dominate women because they are brutalised by a racist society which reduces their manhood. No, they are cruel by nature. And the women, whether quietly suffering like Celie or rebellious and tough like her sister, persevere and survive only because the men are too stupid to destroy them. A better film would not have focused solely on the oppression of women as it occurs among the oppressed, rather, it would have shown that it is societal abuse which has led to spousal abuse, that enslaved black women are forced to perform the very same tasks as their male counterparts (whilst still fulfilling traditional female roles) and that African American domestic violence occurs largely because of economic factors, women unable to support themselves and their children alone.<br /><br />And so there's a hidden ideology at work here. Late in the film one character tells another that since he didn't respect his wife, she wound up getting severely beaten and imprisoned by whites. The implication is that blacks need to return to their African roots to restore their own dignity and that it is their fault that whites unjustly crush them. ie- Respect one another in your poor minority community and you won't run afoul of the dominant white culture. <br /><br />3/10 - A failure to confront sex and lesbianism, inappropriate musical numbers, countless sequence loaded with extraneous visual pizazz, incongruous comic business, emphatic music cues, and wildly hyped emotionality, all contribute to rendering ""The Color Purple"" worthless.",negative
"Yikes. This is pretty bad. The play isn't great to begin with, and the decision to transfer it to film does it no favours - especially as Peploe doesn't decide how she wants to treat the material's theatrical origins (we get occasional glances of an observing theatre audience etc.) and has decided to go with a jumpy editing style that is intended to keep reminding you that you're watching a film, whereas in fact it only serves to remind you that you are watching a very poor film by a director who is overwhelmed by her material. Mira Sorvino's central performance is breath-takingly poor: stage-y and plummy, it's as if she's playing the part via Helena Bonham-Carter's Merchant Ivory oeuvre. Only Fiona Shaw delivers a performance of note - and it may be that her theatrical pedigree means that she is best able to handle the material - but it's hard to watch a film for one performance alone, even if that performance is as light, truthful and entire as Shaw's. Ben Kingsley turns in an average and disengaged turn, and Diana Rigg's daughter, Rachel Stirling plays her supporting role as just that. Sadly, none of Bertolucci's magic has rubbed off on his wife if this film is to be the evidence.",negative
"I was looking forward to Kathryn Bigelow's movie with great anticipation after the endless hype and 6 Oscars which it was awarded. Unfortunately it really isn't a good movie. The depiction of the situation certainly seemed to be accurate and believable on all counts, but beyond that the story simply came across as incomplete and the direction of the movie appeared to be uncertain and haphazard. The actors put in a good effort, but for me I didn't really get what the movie was trying to be. It's not as atmospheric and gripping as Full Metal Jacket, not as epic as Band of Brothers, not as action packed as...well, anything. I certainly can't see why it was nominated for so much, nor why people are 'hyping it up' to these epic proportions. Mind you, given the calibre of movies in the last couple of years I suppose there's not a lot to choose from.",negative
"It's hard to believe that there are some people out there in the world that actually think this is a worthy Charles Bronson vehicle. <br /><br />Bronson is a good actor that can do more than tote a gun and knock off bad guys. He was quietly moving in the TV movie ""Yes Virginia, There is a Santa Claus"" and showed a lot of class and style in the Sean Penn-directed ""The Indian Runner"".<br /><br />In ""The Evil That Men Do"", however, Bronson again plays a character that sees injustice and sets it right with fists, knives and, of course, guns. There's nothing here you haven't seen in the last five ""Death Wish"" flicks. <br /><br />Wait, I take that back. This has to be the most sadistic and repellently violent film Bronson has ever had the dis-service of being in. Not just repellent in the scenes of torture or the descriptions of torture, but in the fact that these scenes were put in a film just to sell tickets. And Jose Ferrer! What in blue blazes was he doing here?!! I mean, he won an Oscar, for crying out loud!!! <br /><br />Okay, sorry about that outburst. Let me just say that ""The Evil That Men Do"" has to be one of the worst movies I had ever seen that was based on a book. Yeah, that's right. I wonder if it was written with Bronson in mind?<br /><br />No stars. Watch ""Death Wish"" instead. At least IT was topical.",negative
"I believe that this was supposed to be shocking or something.... All that I can say is....POOR GOAT!!! This flick is so poorly done that the parts that ""should"" shock and revolt you come across as laughable at best. The characters are so lame and 2....wait....1 dimensional, that I applauded each sick death.....all except that POOR GOAT.<br /><br />",negative
"Definitely not only for urban legend aficionados, Campfire Tales is an often scary and always fun ride through several popular stories. It is also a film that exceeded the (low) expectations I had. A horror film I had never heard or read about, a straight-to-video release (granted, the latter often presents us with a pleasant surprise, but with horror films nowadays it can be all or nothing), a cast of mostly unknowns... well, I'll leave the math to you.<br /><br />The film proves to be an entertaining, suspenseful and overall very enjoyable experience. The four stories are well-paced and satisfying. The only one I felt was a little weaker was ""The Locket"", for the simple reason that it offers almost no explanation for its plot or the characters' actions; however, I still loved the tale, its atmosphere and ending. My favorite one was the third story, ""People Can Lick Too"" - the suspense in it is not only palpable, but also educational.<br /><br />I found Campfire Tales to be one of those horror gems one discovers by chance, and then goes on recommending it to everyone.<br /><br />7/10",positive
"I just want to say that I am so glad somebody finally spilled the beans on this movie. Bravo ""The Spaz"", Bravo! This movie is a ridiculous farce of film-making. Especially for a student film! I just want to give credit to the Spazz for taking the absurd amount of time a care to find such a rare picture, and then TO COMMENT ON IT! Most people I know don't have that kind of time, especially so few will end of reading it. Kudos to you sir! Anyway, the movie follows a thin storyline that is at the least unbelievable and just plain silly. I understand the idea behind creating a satire of Charlie's Angels but why hire such atrocious actresses! Also, what kind of director has himself act, write, produce and also edit the picture! Choose one job and put all your love into it man! It's such a shame because I hear he made a good movie about a killer toothbrush. Again, thanks to the Spazz for pulling back the curtain on this film, people like you are a rare find.",positive
"The Night Listener is probably not one of William's best roles, but he makes a very interesting character in a somewhat odd but very different movie. I can guarantee you that you have never seen this kind of movie before. Some people maybe won't like the slow pacing of this movie, but I think it's the great plus of the movie. It is definitely one of the top movies that have come out the year 2006. It has a intriguing performance in a movie with a great content, dramatic feeling. This is no americanized movie. Neither is it a predictable movie. You just feel that it is a movie that has secrets which you have a hard time to determine what the outcome of it may be. This is no excellent movie that has everything, but hell, it's a damn good and very original movie.",positive
"A somewhat typical bit of filmmaking from this era. Obviously, It was first conceived into this world for the stage, but nonetheless a very good film from beginning to end. Peter O'Toole and Susannah York get to do their stage performance act for the silver screen and both do it effectively. There is very little in the way of story and anyone not familiar with this type of off beat character study may be a little put off by it. All in all, though, A good film in which Peter O'Toole and Susannah York get to overact.",positive
"I must say that I am fairly disappointed by this ""horror"" movie. I did not get scared even once while watching it. It also is not very suspenseful either.... I was able to guess the ending half way through the movie... So.. what's left?<br /><br />""The Ring"" is a trully scary movie... I wish other movies would stop copying from it (e.g. the trade-mark: long hair). Please give me some originality.<br /><br />Will not recommend this movie.",negative
"Weak plot, unlikely car malfunction, and helpless fumbling characters. At first I thought this movie was made during the seventies, since the picture quality, as well as the storyline and drama seemed taken from an old Kojac episode. When I checked and found that it was really made as late as -97 I was astonished. This is by far one of the worst and least (thriller) movies I have ever seen.<br /><br />If you read this, be advised, if you see it you waste time when you could have done something more exciting, like watching paint dry.",negative
"My mother and I were on our way home from a trip up to the North East (mainly Massachusetts) when we decided to take a little detour a attend a film festival in Boston. Now, I don't know much about film so I thought this might be a bit educational. The first movie we saw was this one, THE ROMEO DIVISION. Now, I don't know about you but I thought this was great! I'm from Texas and where I come from we don't see too many motion pictures so this was a pleasant surprise. My mother insisted that it was too violent, but said that I didn't know much about what she was saying but this was a great picture. I was shocked by the fight sequences they were great. Also, I am a big fan when the good guys win so I was thrilled when Romeo ladies killed all of the bad guys. This was true brilliance. I'm not sure when it's getting released on video but if you get the chance you should check it out. I think you'll be pleasantly surprised. A word to the wise though, it is rather violent and there many cuss words so you may not want to let your children watch. It's more for adults.",positive
"This may not be the very worst movie Peter Sellers ever did (I think that laurel goes to ""The Prisoner of Zenda"") but it is surely the most depressing. Sellers, especially sans makeup as Nayland Smith, looks like he has just undergone chemotherapy. As Fu Manchu, he looks hardly better and spends most of the film (with the exception of those strangely disturbing scenes where he gets jolted with electrical currents) on the verge of collapsing under the weight of all that makeup. The supporting players also look tired and run down, and Sid Caeser's presence is offensive even without his constant references to ""Chinks!"" (One bright spot: this would be one of the last times a major motion picture would portray Asians so insultingly ... or, for that matter, star a non-Asian as one!). The film seems surprisingly cheap, with soupy photography and drab sets - even the whiz-bang Elvis number at the end looks cut-rate. Only the stunning Helen Mirren and the tall, thin, nervous guy who get his pants wet add any sparks of life to this sad affair. All in all, this film provides an eerie premonition of a great comic's death, and an even eerier documentation of his dying.",negative
This movie stinks. The stench resembles bad cowpies that sat in the sun too long. I can't believe that so many talented actors wasted their time making such a hopelessly awful film. Whew!,negative
"This movie is great from start to finish about a group of med students that get together and literally kill each other by stopping their hearts and then revive themselves. They then research what happens from the ""near death"" experiences. As each one goes through the experience, they become haunted by their deepest fears that seem to materialize as reality. This ranges from dead kids with hockey sticks to dead fathers that seem to be upstairs.<br /><br />The cast is first rate and Oliver Platt is hilarious in one of the best roles of his career. I am not a big Keifer Sutherland fan but even he does an excellent job. This is a movie that I can watch over and over!",positive
"I caught this movie at the Glenwood Cinemas at the weekend as part of the Kansas International Film Festival, which, as usual has provided a thoughtful and eclectic sample of world cinema. <br /><br />I have been keen on Australian Film for a number of years, so was pleased to learn that this film was included, and I was certainly not disappointed. <br /><br />Superbly shot, firmly directed, it's an eerie tale of one man and his journey to the heart of darkness, as it were. It reminded me a tad of Lynch's Wild at Heart, it has that strange madness in it, but I was glued to the movie for other reasons - namely that it presents a portrait of Australia which is..well, very believable.<br /><br />I have vacationed to the Land Down Under a number of times, once in the 1980's and again about 7 years ago with my wife. <br /><br />I don't wish to go to great lengths explaining my vacations, but the director Frayne appears to have a grasp on much that I find so odd and eccentric about Australia, a country that is responsible for the extremities of, say, Nick Cave on one hand, and Steve Irwin (the 'Crocodile Hunter') on the other.<br /><br />One incy wincy whinge - - I would have preferred even more of the 'unknown' Australia. Much more in fact. But I also realise that there's only 1 and a half hours to do it all in... 'Sigh.'<br /><br />Overall though, this movie is very, very accomplished.",positive
"This was a great movie but it had the worst ending I think I have ever seen!!! The actors were great and displayed wonderful talent. The entire story was twisted and unexpecting, which, is what made it entertaining. As good as the movie was, the entire film is judged by the ending, which was terrible! Maybe a sequel could eliminate this bad ending.",positive
"I consider myself lucky that I got to view a wonderful movie with two marvelous actors. ""Kramer vs. Kramer"" was great to me because I think I could relate to it.<br /><br />Unfortunately, my parents are divorced. Even though I was older than Billy in this movie, I felt his pain and confusion. Having two parents who you thought were happy and end up hating each other is the worst. Through this movie, actually, I think it made me realize that my parents are people too, and they had as just much pain as my sister and I had.<br /><br />Back to the movie, this was a good one. Yes, it's dated and Meryl and Dustin are very young. But I would recommend this for a lot of people, because I think most can relate in some way. There are funny, sad, happy, and relieving moments that are carried away terrificly by these great actors. It's a good movie and deserves more credit than a 7.5.<br /><br />9/10",positive
"Most reviews say that this is the weakest point in Hamilton's short movie career. This movie is a bit different from the rest, and considering it the best or the worst depends on what you expect from a movie, and what you expect from Hamilton.<br /><br />Knowing Hamilton as a photographer, you can be slightly surprised. While Bilitis looks like his books in a movement with all those young girls discovering themselves and relations with each other on the edge of lesbian, with a plot connecting these scenes, Laura concentrates on few characters what enables developing relations among them (male-female, artist-model) but though we see beautiful photos, many of them better than his average, their number is reduced for the sake of the plot. Tendres cousines is different from both, it is only Hamilton's movie that looks more like a film than like a collection of moving photos. Because of that it can be acceptable to wider audience than Hamilton's fans, looking like an erotic comedy (but not German soft-core type - ""Schulmädchen report"" fans would be very disappointed). You won't laugh a lot, but you can smile (and that's something you don't often get from Hamilton). Unlike all other Hamilton's movies the age of female varies. Unlike other movies main character is a boy. Unlike his usual works this one isn't put out of place and out of time. We have characters that live their life, have their destiny and don't lead us only from one photo to another, from one nude girl to another.<br /><br />Unfortunately, Hamilton (again) gets lost with a script in his hands. Girls on beaches, under shower, in low-light rooms, in gardens, under tents, in front of mirrors, regardless of the amount of clothes - this is his territory, he can shoot minutes and hours, and whatever he does you'll always feel the artist's eye and hand behind it. But when he has to present us average everyday life he stops being Hamilton and becomes average director who just follows the script. Hamilton is best known for his nudes, but they are just a part of his work. And in Tendres cousines we have a reverse situation: his girls are not in the best shots. Nature, garden, house remind us on Hamilton's work (often neglected part of it), while girls, even when nude, don't have anything special in the way he presents us. Maybe Hamilton was confused having a boy in front of camera, maybe he was thinking about a line that censorship would accept, maybe he was really trying to make something new (and no one dared to tell him he shouldn't), but he neglected what he was mostly praised for.",positive
"This musical has a deep meaning which is appreciated by only a few. The wise can see the wisdom contained in what most call folly.<br /><br />This music may well regain popularity as world consciousness rises. It is about a land ""far away from it all"" where ""living things have room to grow."" Its people are ""living and growing together"" mentally and spiritually faster than in biological age.<br /><br />The lyrics help us recognize the relativity of this ""world that is spinning around"" and to ""look inside yourself; that is where the Truth always lies."" The absolute level of consciousness is more real than the ever changing world of the senses.<br /><br />I have been searching for the video for years . When I find it, or it comes out in DVD, it will help ""share the joy"" of being in ""Shangri-la"" again. Burt Bacharach's music and Hal David's lyrics made a masterpiece in turbulent times that is just now ready to be fully appreciated.<br /><br />May this CD inspire you to find your own ""Lost Horizon"" or recognize it when ""peace of mind"" has found you. - LostHorizon.org",positive
Something surprised me about this movie - it was actually original. It was not the same old recycled crap that comes out of Hollywood every month.<br /><br />I saw this movie on video because I did not even know about it before I saw it at my local video store. If you see this movie available - rent it - you will not regret it. The suspense builds throughout and the twist ending is excellent.<br /><br />,positive
"I've rented this gem several times! It's a small, yet somehow sprawling masterpiece taking the viewer from Manhattan glitz to the beauty of the Greek islands. John Cassavetes on-screen marriage to his real-life wife Gena Rowlands is on the rocks. He finds meaning in a fling with footloose Susan Sarandon whom he finds in Greece while their daughter, played in her earliest film role by the pubescent Molly Ringwald, falls for the son of the Greek shipping tycoon who is courting her mother on a yacht sailing in neighboring waters. Meanwhile, the immensely talented Raul Julia plays a goatherd living in a cave with his Sony Trinitron. He has the ""hots"" for Molly Ringwald's character until confronted by John Cassavetes. All comes together at the end in a classic closing scene where all is reconciled. Raul Julia, the goatherd, is seen dancing with his goat. This film is full of mysticism, beauty, young and old love, humor, sexiness, and more. See it!",positive
"Altered Species starts one Friday night in Los Angeles where Dr. Irwin (Guy Vieg) & his laboratory assistant Walter (Allen Lee Haff) are burning the midnight oil as they continue to try & perfect a revolutionary new drug called 'Rejenacyn'. As Walter tips the latest failed attempt down the sink the pipes leak the florescent green liquid into the basement where escaped lab rats begin to drink it... Five of Walter's friends, Alicia (Leah Rown in a very fetching outfit including some cool boots that she gets to stomp on a rat with), Gary (Richard Peterson), Burke (Derek Hofman), Frank (David Bradley) & Chelsea (Alexandra Townsend) decide that he has been working too hard & needs to get out so they plan to pick him up & party the night away. Back at the lab & the cleaner Douglas (Robert Broughton) has been attacked & killed by the now homicidal rats in the basement as Walter injects the latest batch of serum in a lab rat which breaks out of it's cage as it grows at an amazing rate. Walter's friends turn up but he can't leave while the rat is still missing so everyone helps him look for it. All six become potential rat food...<br /><br />Also known as Rodentz Altered Species was co-edited & directed by Miles Feldman & has very little to recommend it. The script by producer Serge Rodnunsky is poor & coupled together with the general shoddiness of the production as a whole Altered Species really is lame. For a start the character's are dumb, annoying & clichéd. Then there's the unoriginal plot with the mad scientist, the monster he has created, the isolated location, the stranded human cast & the obligatory final showdown between hero & monster. It's all here somewhere. Altered Species moves along at a fair pace which is just about the best thing I can say about it & thankfully doesn't last that long. It's basically your average run-of-the-mill killer mutant rat film & not a particularly good one at that either.<br /><br />Director Feldman films like a TV film & the whole thing is throughly bland & forgettable while some of the special effects & attack scenes leave a lot to be desired. For a start the CGI rats are awful, the attack sequences feature hand-held jerky camera movement & really quick edits to try & hide the fact that all the rats are just passively sitting there. At various points in Altered Species the rat cages need to shake because of the rats movement but you can clearly see all the rats just sitting there as someone shakes the cages off screen. The giant rat monster at the end looks pretty poor as it's just a guy in a dodgy suit. There are no scares, no tension or atmosphere & since when did basements contain bright neon lighting? There are one or two nice bits of gore here, someone has a nice big messy hole where their face used to be, there's a severed arm & decapitation, lots of rat bites, someone having their eyeball yanked out & a dead mutilated cat.<br /><br />Technically Altered Species is sub standard throughout. It takes place within the confines of one building, has cheap looking CGI effects & low production values. The acting isn't up to much but it isn't too bad & a special mention to Leah Rowan as Alicia as she's a bit of a babe & makes Altered Species just that little bit nicer & easier to watch...<br /><br />Altered Species isn't a particularly good film, in fact it's a pretty bad one but I suppose you could do worse. Not great but it might be worth a watch if your not too demanding & have nothing else to do.",negative
"""The Notorious Bettie Page"" (2005) <br /><br />Directed By: Mary Harron <br /><br />Starring: Gretchen Mol, Chris Bauer, Lili Taylor, Sarah Paulson, & David Strathairn <br /><br />MPAA Rating: ""R"" (for nudity, sexual content and some language) <br /><br />It seems as though every celebrity nowadays is getting a biopic made about his or her life. From Ray Charles to Johnny Cash, biopics are very posh right now. ""The Notorious Bettie Page"" is the latest of these to be released on DVD. It features Gretchen Mol as the world's most famous pin-up model, Bettie Page and was filmed mostly in black and white with certain excerpts in color. Unlike ""Ray"", ""Walk the Line"", and ""Finding Neverland"", however, this movie is not going to be one to watch out for at the Oscars this year. This movie lacks the emotional resonance displayed in other biopics and most of the more dramatic moments in Bettie Page's life are either completely ignored or only merely suggested. This does not mean, however, that it is a bad movie. In fact, ""The Notorious Bettie Page"" is a thoroughly entertaining and fulfilling movie--a solid work of cinema. This film focuses more on Page's exciting career and the thin line between sexuality and pornography. It is filmed with fervor and care and Mary Harron's direction captures the look and feel of the time period as most filmmakers only dream about.<br /><br />Everyone knows Bettie Page (played by Mol). Whether you know her as an iconor a simple porn staryou know her. She is a woman who had a very profound impact on American culture only by revealing more skin than deemed appropriate at that particular time. Now, most people know her as one of America's first sex symbols--a legend to many models, especially those of Playboy and other adult-oriented magazines. She lived in a time when showing just an inch of flesh below the waste could have someone arrested and Page's bondage-style photos were just the thing to push the American public into an uproar. In fact, the photos launched a full-fledged senate investigation about common decency and the difference between harmless films and porn.<br /><br />The performances in ""The Notorious Bettie Page"" are absolutely wonderful with Gretchen Mol standing out. Her performance as Bettie Page is simply brilliant. I understand that, when she was announced for the role, many people were skeptical. Her name is not one that immediately leaps to my mind when I think of great performances. Now, it will. She completely aced the role and drew me in with her vulnerable and yet deeply engaging performance. David Strathairn is fresh off of last year's ""Good Night, and Good Luck"", in which he gave one of 2005's best performances. Here, he gives yet another fine performanceeven though he is slightly underused. I was shocked at how very limited his screen time wasbut quality over quantity is always the most important aspect of any good movie. The only performance I have seen from Lili Taylor was that in ""The Haunting"" (1999). While most people ignored the movie, I found it to be an enjoyable, if not completely shallow, horror movie and I also have always thought that Taylor was perfectly credible as the emotionally-distraught Nell. Here, Taylor gives yet another credible performance. She gives a very subdued performance and delivers the perfect performance to compliment that of Gretchen Mol.<br /><br />After everything was said and done, I realized that ""The Notorious Bettie Page"" cannot be compared to other biopics, such as ""Finding Neverland"" and ""Walk the Line"". It is incomparable to these because it tells a story of a woman and her career, from the beginning to the end. Her personal life is briefly implied, but it is really her impact on the world that becomes the high point. We watch the film knowing that Page will eventually bare all and we know the impact that her decisions will havebut we are rarely shown the impact that they will have on her personal life. She is a woman that never looked back and could constantly reinvent herself. After all, she was an adult model turned Christian missionary. This movie does not over dramatize anything. It could have included fictitious moments of Page sobbing hysterically and begging God to forgive her. It could have shown Page running and screaming through the rain, trying to escape the ghosts of her pastand yet it does not. ""The Notorious Bettie Page"" tells a simple story and that is something rare by today's standards. Fortunately, it is quite refreshing.<br /><br />Final Thought: ""The Notorious Bettie Page"" is a relaxing movie with absolutely amazing cinematography.<br /><br />Overall Rating: 9/10 (A)",positive
"""Queen of the Damned"" is one of the best vampire movies I had ever seen! The movie had suspense, action, and gore. The combination of the fierce demanding attitude of the Queen and the rock mood of our star, very well acted by Stuart Townsend, makes a wonderfully done movie that only this combination can create. I'm always the one to give advice to my friends and family members on which movies are worthy of renting and when they ask me if ""Queen of the Damned"" is worthy, I tell them it's worthy of buying. This movie is most for sure a must-have in all horror movie lovers' homes!",positive
"I couldn't wait for the end. This is absolutely the worst film I have ever seen. If you thought that just about anyone could make a watchable movie, these folks prove that there is a minimum skill set required. This is a film with no redeeming features whatsoever. It scores a zero in every department. This is more than just 'amateur' as the audience is given no consideration or regard at all. There is no serious attempt to act or entertain. The storyline is aimless, pointless and senseless. The cast look very uncomfortable and completely lack direction. The technical aspects of the film are poor.<br /><br />As a DVD it makes a good drinks coaster.",negative
"Terrible movie. Just terrible. The start of this movie is like something out of a bad women in prison movie. Then it moves on to being a B-movie version of Aliens. B-movie in this case meaning the addition of gratuitous sex-scenes and women in lingerie. Oh and a lot of the footage is the exact same as used in two other movies by the same company (including the women in prison schtick). The only thing saving this movie from a 1/10 is that I have actually seen worse movies. Not many, and not much, but worse.",negative
"Never had I seen such a powerful true story movie. I discovered a city, a country, a lost revolution and even a Nobel prize winner thanks to this masterpiece of cinema.<br /><br />If you haven't seen this movie, you can't say you've seen anything .<br /><br />A great lesson of courage, humility and life.<br /><br />I haven't seen anything as good since.<br /><br />T.E. Saturday, January 9th, 1999",positive
"I truly despised this film when i saw it at the age of about 6 or 7 as I was a huge fan of Robin Williams and nothing he could do was bad. Until this. This complete trash ruined Robin for me for a long time. I'm only recovering recently with his funny but serious part in Fathers day but then he went on to create another mistake, Bicenntinial Man i think it was called but the point is. Robin should be getting much better jobs by now and now he has returned to performing the slime that originated with this 'classic'.",negative
"After seeing all the Jesse James, Quantrill, jayhawkers,etc films in the fifties, it is quite a thrill to see this film with a new perspective by director Ang Lee. The scene of the attack of Lawrence, Kansas is awesome. The romantic relationship between Jewel and Toby Mcguire turns out to be one of the best parts and Jonathan Rhys-Meyers is outstanding as the bad guy. All the time this film makes you feel the horror of war, and the desperate situation of the main characters who do not know if they are going to survive the next hours. Definitely worth seeing.",positive
"This film has been lauded to the point of the ridiculous. ""American Movie"" is a boring documentary about a boring person so ordinary you'll find equivalents on just about every corner in America. It takes a long, hard look at a guy who's failed at just about everything in the interest of making an independent movie..or two. Were his failures for other than his own selfish pursuits or were they in the name of real art, the movie might have had a chance. America has an abundance of better stories to be told. This one should be flushed and many critics have good reason to be ashamed. Two thumbs up indeed!",negative
"1999 will go down in history as the year the movie critic lead the general public astray. First they sent us to EYES WIDE SHUT. Then they hyped up THE BLAIR WITCH PROJECT and now MAGNOLIA which is by far the worst movie of the year. What is it about? Who the heck knows. Its full of self-indulgence and loaded with bad acting. I always like to stay and watch the credits, but when this thing was over I couldn't get out of the movie theatre fast enough. Most of the audience that attended the showing that I was at, felt pretty much the same way. Dates were arguing with each other as well as strangers. It's an ugly and hateful film that will make you feel ugly and hateful.",negative
"I made a promise that if ever I posted a comment that was less than complimentary, then later felt different about it, I would return and make known my change of heart. So far, this is the first time it's happened. <br /><br />I'm really starting to enjoy Hack. Something has clearly changed. The storylines seem to be much stronger. The plot may still be a tad surreal, but the characters have developed so much more depth that a surreal plot can be forgiven. I attribute this to fine acting. <br /><br />Not every show can come charging out of the starting gate a winner. Some need time to pick up speed. I'm glad I kept watching this program, and I really hope it lasts.",positive
"Blackadder 3 is probably the Blackadder series that people have least heard of - it has basically the same principles as the second and fourth ones and has nothing revolutionary in it. But it is still great - a fiery Duke of Wellington and a fat foolish Dr Johnson (writer of the first dictionary in England) make this series one to be reckoned with. There are still more hilarious one-liners to be delivered in this series, and it brings out the humour in a lesser-known era - in historically accurate and enjoyable episodes. Blackadder's third outing is not the most famous and well-known of the lot, but Rowan Atkinson's role as a butler to a stupid prince is a funny and effectively done one, and Hugh Laurie is at his best in this series. Very good! 9/10",positive
"There are no flaws in this production. Perfectly entertaining, fun, and worthy of respect.<br /><br />This is what theatre is all about. Definitely not for the very young, but slightly older kids will get a great kick out of seeing it and can be introduced to theatre this way.<br /><br />Astounding and amazing.",positive
This movie is a lot better than the asylums version mainly its war of the worlds. The tripods look pretty cool but their walking and deaths could have been better. The action scenes were really cool. Walking... walking...walking...walking!!! oh my god stop walking please or i'm going to kill myself. The thunder child scene was my favorite sequence mainly because a ship rammed bunch of tripods. Good movie I recommend it for people ho have read the book. The music is awesome and the directors cut looks pretty cool.<br /><br />pros. Good soundtrack 99% to the book Cool violence Tripods and handling machines are cool to look at<br /><br />cons. some bad acting cheesy looking London,positive
"Actually my vote is a 7.5. Anyway, the movie was good, it has those funny parts that make it deserve to see it, don't misunderstand me, is not the funniest movie of the world, and its not even original because its a idea that we have seen before in other movies, but this one has its own taste, a friend of mine told me that this was a film for boyfriends... I think that not exactly but who cares? Also there is another movie that show us almost the same topic, Chris Rock appears in it, the name is Down to Earth, men, that one its a very funny movie, see both if you want and I know that you will agree that Mr. Rock won with his movie. I would liked that the protagonist male character were given to Ashton Kutcher, however, the film is good.",positive
"At first sight The Bothersome Man seems like several other movies/books rolled into one. Kafka's The Trial, Melville's Bartleby, The Fall and Rise of Reginald Perrin and Groundhog Day instantly spring to mind. A man, Andreas, arrives in a nameless city where he is immediately given a job in an office and finds a beautiful new girlfriend. However, there's a catch: his colleagues are all friendly, bland and utterly characterless, and everyone he knows, including his girlfriend, seems to have only one topic of conversation -interior design. Welcome to the hell of modern consumerism, in which people throw themselves from buildings and no one raises an eyebrow, or spend their days reading furniture catalogues and eating food that tastes of nothing.<br /><br />Andreas quickly realises his predicament and spends the rest of the film trying to escape, in various ways. Suicide turns out not to be an option, and when he finds a new girlfriend she is just as bereft of feelings as the old one - there is a wonderful scene in a restaurant where he asks her to move in with him and all she can say is, 'I don't mind'.<br /><br />In fact, much of what The Bothersome Man has to say has been said before, and after about 45 minutes you begin to feel that you indeed are experiencing a certain sense of deja vu. Yet its point is one that is probably worth repeating, over and over again: an unexamined life is one that is not worth living. Added to which, it provides a decidedly modern take on the perennial theme of how capitalism is destroying our souls. More than one character reminded me of people I've known, especially his furniture-obsessed girlfriend, and if by the end of the film the film-makers have run out of ideas, maybe that's the point - there will no end unless you can find other people who share your sense of alienation.",positive
"I was surprised that I liked this movie. But it reminded me of a 2004 version of the first Friday the 13th. There were a number of cheesy elements, yet at the same time there were many cool ones. The story line was good--predictable if you have seen more than one or two horror movies, but full of one-liners to make it worthwhile. There are some memorable scenes worth watching. A few issues I had with the plot had to do with the continuity of the characters. For instance in the opening scene the scarecrows (which were humans on stakes, whose blood was drained to grow the crops), looked very real, but later in the film they looked more like fake scarecrows wearing blue colored masks. There were more than several gaps in the plot, and the acting was mediocre, but at least it sounded like how real people talk, unlike Hollywood movies where the dialogue is really fake sounding when you think about it. The culmination of the last scene, when the main character says ""I'm not a Baker, I'm a Connell!"" and lops the head off of the scarecrow is satisfying, as his friends have for the most part been killed off by these creatures at that point.",positive
"Excellent Piece of work!<br /><br />I am not a surfer nor a skate board fan, but work this good about sorting sock drawers would have been riveting. A must see!<br /><br />There is a lot to enjoy here. Excellent Visuals. Great sound track mix. Huge body of documentary work both pictures and film.<br /><br />The life work and love of the subject is captivating.",positive
"It's generally an accepted fact that Marcel Carné's 1936-1946 movies are masterpieces and it's considered polite to say that the rest are mediocrities.This is an unfair opinion:at least ,two of the latter era are eminently watchable:""Thérèse Raquin"" ,his best post-war work,and ""les tricheurs"" (the cheats).<br /><br />There's a strange evolution from the Prevert golden hour to ""les tricheurs"":in ""les enfants du paradis"" ""quai des brumes"" or ""le jour se lève"",true love is thwarted by the villains. In ""les tricheurs"" true love does not exist anymore:we deal with a bunch of young people who believe in nothing;falling in love would be incongruous for this youth.The adults are not the villains at all:Mic's brother and mother are kind people ,but she is beyond their command.Very few grown-ups appear anyway.<br /><br />During two hours,the characters do not stop playing around,dancing,listening to jazz records(a music which was not still part of the bourgeois culture),and heavily drinking .When two of them discover they care for each others ,it will be too late.<br /><br />The cast is rather good ,Laurent Terzieff as an existentialist cynic and Andréa Parisy as a rich kid are the stand-outs.On the other hand,Pascale Petit and mainly Jacques Charrier(who married Brigitte Bardot the same year as ""les tricheurs"")do not possess the ambiguity their parts ask for.They are all smile,too sweet and to nice to be believable.<br /><br />Oddly,""les tricheurs"" was labeled ""nouvelle vague""!When you know what the priests of this cinema school (the likes of Godard)thought of Carné ,it's really a good joke.But this disenchantment you feel throughout the whole movie is really disturbing.",positive
"The name ""cult movie"" is often given to films which continue to be screened, or to sell in home movie format, more than a generation after they were first released. Superchick, which was first released in 1973, now comes into this category. Its cult status is largely due to ongoing interest in it by those women who regard it as an early and effective feminist film.<br /><br />Despite the ""Superwoman"" connotation, ""Superchick"" is not a cartoon character but a very competent young lady working as an air stewardess - a career option which in the 1970's was commonly regarded as one of the most glamorous open to any girl, and which also enables her to emulate the traditional matelot who reputedly has a wife in every port. Since she holds black belt status in karate, she is in a position to make it quite clear that she is very happy with her bachelor existence, and is in no way beholden to any of her extensive suite of male admirers. This film is a situation comedy which avoids the generally much shorter lived appeal of outright farce. Its appeal to feminists is also heightened by a climax in which our heroine uses her karate abilities to avert a hijacking and save all the other passengers on her plane from a potentially unpleasant fate. To ensure that this film will appeal to men as well as to their partners, the Director has wisely ensured that is liberally sprinkled with eye candy.<br /><br />Superchick can be enjoyed by those who are not too critical and want a very light easy to watch comedy which they will forget soon after viewing. It is so forgettable that they will probably find it equally enjoyable if watched again in a year's time; despite its age it may therefore retain its status as a cult movie for some time to come. However the dialogue and acting would make it hard to give this film a rating of more than 4/10.",negative
"For the uninitiated, almost any Andy Milligan film is a shock, but despite the fact that I've seen many of his films, this one still takes the cake for sheer shoddiness.<br /><br />This is, of course, Milligan's take on the Sweeney Todd tale, done with period costumes (but not necessarily period hairstyles, in some cases) and the usual headache-inducing camera-work & grainy quality. As for the gore, well, the version I saw may have been cut some, for there's not a lot, for a film with ""bloodthirsty"" in the title. The best indication of subversive film-making here is a meat pie consisting only of some poor victim's tit.<br /><br />So, while I will still treasure this piece of, uh, work, on my video shelf, it's definitely somewhat of a letdown as far as content though. Recommended for only the foolhardy & morbidly curious. 3 out of 10.",negative
"Guy Kibbee gives the viewer a lot of laughs. Like most candidates, he knows almost nothing. Warren William, a very, under rated actor, is superb in giving instructions to Kibbee; that is, he teaches him to say something which means nothing to the voting public. A campaign based on no comment, ""I'll take it under advisement,"" and ""Maybe yes, but then again, maybe no,"" is the nearly perfect way to win an election. Succinctly, the dumber the candidate, the greater the chance he or she will win. After all, the public can identify with such a person. With respect to the movie, it makes for a lot of comedy.",positive
"I saw this movie with the intention of not liking it. I sure didn't. It's one of those movies that seems to have been made exclusively for the Oscars: music throughout the film in almost every single frame, almost no profanity, set in a time long gone, sepia-toned imagery, pretentious title, NO SEX, and a genius that explains everything he thinks and concludes in sfx/cgi so that we (the stupid audience) get it. One thing that amused me though is the fact that they spelled the NOBEL PRICE WRONG! Instead they call the Nobel-price (named after an actual person called Alfred Nobel) 'the noble-price'.. Jesus! How can one make such a mistake in such a big production, supposedly based on a true story. What a sham! What were you and the others thinking RON?",negative
"The Horror Channel plays nothing but erotic soft porn Gothic flicks each night from 10pm till about 4 in the morning, but their 'scare' factor is very limited, if one exists at all. In fact I am sure I will find a multi-million pound lottery win more scary than anything this channel has to offer.<br /><br />The Bloodsucker Leads the Dance deserves special mention because it is I feel, the undisputed low of a channel full of lows. I cannot even begin to tell you how bad this film is, but for the purpose of completing the minimum 10 lines demanded by this site, I will at least give it a go.<br /><br />Firstly the title is misleading and bears no resemblance to the action on the screen. In fact the film might as well have been called 'Toothbrush' or 'Wallpaper' for all it has to do with the plot. At least they used toothbrushes...at least they had wallpaper.<br /><br />There are no bloodsuckers for miles around and whats even worse there are no dances, not one. I'm sure they were making two different films by mistake here.<br /><br />A more suitable title would have been, 'Horny Italian Count Leads Five People to a Scary Castle and Bores us Silly for Ninety Minutes.' Yes that fits better.<br /><br />The acting is terrible and and the dubbing appalling, and that guy who plays Seymour was almost as wooden in his walk as he was in his character....abysmal.<br /><br />The only saving graces of this film are a small but slightly interesting lesbian sex scene, two small and very interesting heterosexual sex scenes, and the added attraction in that every single female character gets her kit off. Bonus.<br /><br />Otherwise steer a wide birth away from this one. No vampires, no dancing, no scenes of a brutal or gruesome nature and no way on Gods earth I will ever, ever, ever watch this one again.<br /><br />No word of a lie, this film could put you off motion pictures for life.",negative
"When I first heard that Jack Black and Kyle Gass would make a movie about their band I was freaking out! I love their music and I hoped that this movie would be really funny! Now that I have watched it I can't really say that these hopes weren't satisfied but I think I expected more. The movie is full of Tenacious D's great music and I really loved listening to all of it. There are a lot of great jokes and I just love the story, at least the first bit. I don't like the way the movie ends. The ending is very abrupt and in my opinion they could have extended that a bit more.<br /><br />Overall I think it is a good movie to watch! Everyone who likes rock music should watch it! It'll give you a good laugh!",positive
"Unfortunately, this has been showing on Star Movies here in Thailand for the last week or so. It's complete rubbish acting. As another member said, this movie is a good example of 'how not to act.' I haven't seen a movie so poorly acted in a long time. The actors (can you call them 'actors'?) are completely flat and deliver their lines with the passion of a dead dog. I would say that in order to truly understand how bad the acting is, you would have to see the movie... but that would be akin to torture.<br /><br />I cringe as the leading lady delivers her lines, and the rest of the cast with their accents (fake or contrived) is equally heinous. Another actress with the fake British accent was pretty, yes, but good lord was her accent terrible. Mix that with her (lack of) acting and you have a disaster. She should just have said nothing and I could have accepted her as the pretty girl. Oh my, we just got to the scene where the leading lady's lover says ""Really me?"" after a forced crying scene from her. Laughable. No, really, I just laughed out loud.<br /><br />The sets and the art directors offer some saving grace to the film. Some of the sets are colorful and some of the scenes are rather nice (minus the actors).<br /><br />The old magic potion lady? What?! Another member mentioned the 'modern' love song that was in the movie. Totally inappropriate for a period piece set some 500 years ago.<br /><br />I understand the movie was considered 'Big Budget' in Thailand at the time of it's production. I would be seriously upset if I were the producer of this movie. Just goes to show that money does not necessarily make a good (or even mediocre) film.<br /><br />I would give the King Maker a 1 out of 10, but the costumes and sets make save the film from such a rating. 2 out of 10.",negative
"I had the pleasure of watching this two chairs down from (one of?) the Executive Producer at the Atlantic Film Festival, Which was interesting because he laughed at very different times than the rest of us.<br /><br />Filmed in Atlantic Canada, the movie is about three teen-aged girls who in one of their last summers of their youth, devote a large deal of energy to sleeping with a married 30-year old man, despite much protestation.<br /><br />It's definitely worth a watch, but the humour was geared a completely different demographic than the one I inhabit (Male 18-25), so I was shaking my head at the character's antics rather than laughing. Inspite of this, the story is strong enough to hold up for itself make it entertaining, without so much laughing.",positive
"This movie has made me a rugby -- and Coach Larry Gelwix -- fan. The story's characters slipped and fell before they begin to grow as they struggled through incredibly strong conflicts. Those were understandable and completely believable. Like life, there were no easy answers for the problems facing them all. Superb actors and an excellent script brought this true story to life. I wish there were more movies like this one. These days, I watch almost exclusively, worthwhile true stories because they are typically far more interesting than fiction. Additionally, this one is inspirational and it teaches us to not to give up on anyone too quickly.",positive
"Joe was first released in the US in the summer of 1970. Despite respectable notices, reasonable box office and an Oscar nom, it vanished shortly afterwards and remained forgotten about throughout the 1980's, before being enthusiastically reappraised, somewhat unjustly, in the US in the late 90's. Thanks to this lengthy unavailability, its reputation has gone on to see it placed (inexplicably) alongside the likes of Michael Winner's original Death Wish. Although revenge is a theme, a film about vigilantism this most definitely is not.<br /><br />The plot isn't worth synopsizing. Its a flabby, hammy and bizarrely stagey ramble about an accidental murder and the unlikely relationship that blossoms out of it. That relationship and the largely class-based quirks of its two leads are exaggerated into ridiculous caricature; these two, and their situation, bear absolutely no relation to reality.<br /><br />Almost everything about the film is cantankerous and begrudgingly antiquated, which makes the whole thing completely fascinating. Hippies are depicted as snide and exclusive misanthropes, hard drugs either make you sleep or dance around maniacally with lipstick on your face, and most young women are prepared to have sex with strangers in exchange for marijuana at the drop of a fly. Its very much a film of the 60's rather than the 70's, so why some industry luminaries have begun to include it in retrospective conversations about the beginnings of the Hollywood New Wave is a complete mystery. Martin Scorcese of all people even got involved, though probably only to give a nod to the dank, lavatorial hues of the grim urban cinematography, which almost certainly influenced Taxi Driver four years later. But Joe seems very much like a furious tirade against the likes of Easy Rider and Bonnie And Clyde, rather than a continuation of that same insurgent cinematic ethos.<br /><br />It isn't a film of any real artistic significance - despite Joe's incontinent fury at everything in his world, it remains a story about absolutely nothing - but its value as a cultural museum piece is unprecedented. Shot on and around the streets of New York City during the darkest hours of the Vietnam war, and at a time when America (and, significantly, its cinema) was being revolutionized to the horror of the old guard, the film ends up, in its own completely oblivious and accidental way, saying more about that period of history than numerous infinitely superior movies that directly endeavored to capture it.<br /><br />But as a film? Despite a really surprising and effective shock ending, this is basically a Michael Winner film, but not as well made. How does that tickle your fancy? ** Incidentally, if you are, like me, a fan of spotting arbitrary background lookalikes, then check out Harold Steptoe at 1:22:11 in the hippy art gallery.",negative
A good entertainment but nothing more : in this western we are between the classics and the spaghetti ones. This provides us a good a conventional story but it's always a pleasure to see Robert Mitchum with his legendary flegma although he isn't as fit as in the forties or the fifties. And don't forget David Carradine is the son of John Carradine,positive
"I did not like this film at all: The scenario is boring - and after a while, its primitive predictability really gets on your nerves. Even if you give Chabrol a high bonus for not being a beginner, I did not manage to find anything specially interesting on his characterization of Mika neither.",negative
"The 700 Club gives a great perspective on world events. Some have described it as disingenuous or cheesy. I find the program to be informative and inspirational. It is only natural for many to throw mud on a program that has proved to be so successful. There are very few shows that can point to a 40 year track record of success in the world of television media and The 700 Club is one of them. While Mr. Robertson may have been wrong to say that someone should be assassinated, I find it curious that so many people will literally trip over themselves to hop on the bandwagon of criticism. I have certainly said some foolish things in my life. I would certainly be willing to forgive Mr. Robertson since he puts out a great show.",positive
"This was by far the worst movie I have ever seen! Me and my husband own over 600 DVDs, most of which are Sci-Fi and Horror B-Movies that aren't top quality, but still entertaining. Dracula 300 had absolutely no redeeming qualities at all! The writing was horrific, and the acting was even worse. It took us a 3 tries to get through the entire movie, because we could only tolerate it in 30 minute intervals. We thought surely it must get better...we were wrong. I would rather watch a corpse being embalmed than to have to sit through that again!!! When it ended me and my husband just looked at each other like ""Uh..is that it?"" The ending seemed like there was supposed to be more, but they ran over their apparent $500.00 budget and were like ""Oh, crap...we are broke..end it now...quick..roll credits!""",negative
"I don't'know... maybe it's because I'm Brazilian but all that stuff was too much. Too much love for the music, too much parties, too much contrast between the nice lives of the main characters (come on, it's not so sad) and the aspect of the city shown by the director. Everything looks too fake to me: the families, the relationships, the music, the ""happiness"". It simply sells a little taste of fake latinamerican culture. I must be honest: it did seduce me a little, but who would not be seduced by that fake lives made of nice music, sex and parties? I'm not that stupid: what kind of world is this one in which people do not suffer of diarrhea, profound sadness and STDs? I liked the scene with Caridad's mother phone call and the discussion about the contract with all the musicians and the Spanish people.",negative
"I liked it... just that... i liked it, not like the animated series... i love it!!!. The fact that this make less appealing is that we all try to compare and not to appreciate, but this cartoon was awesome, but it really didn't like it that much. There's too much people talking about Bruce being so cold, but if this is around 5 years later, anybody in a crime-fighting gang would get this angry and darker attitude, so to me it isn't a flaw. Batgirl was awesome she really fit there, as there isn't more Dick Grayson as a robin, batman needed a good teammate, not like the new robin, he is just a child and you cant rely that much on a child. But heres what didn't work: The new artwork... it isn't horrible but... to me it does'nt work in a series like batman. This is a dark character, with a maniac killer like the joker, so you cant put this kind of artwork in this cartoon, The joker isn't a bad design but i still like the past joker (but to me the BEST joker ever was the one who appeared in batman beyond:return of the joker) , so this joker isn't near as good. The good thing about the joker is that it still mark Hamil voice. My favorite character: Harley Quinn (im in love for her) They put an awesome episode for her: Mad love (to me the best episode of this series). Here we finally know how she turned Harley Quinn, and how the joker twisted her mind, and it feel that atmosphere that you feel in the animated series, darker, no happy ending, brutal fight with the joker (but too short), this is how it was to be ALL the series. BUT in general i didn't like how she made Harley in this series... in almost every episode they put funny but in a ridiculous way, she get punched, she say nonsenses, she make flaws... c'mon she is funny in a way you can laugh with her, not from her... and here they put ridiculous (like i said the only episode where i don't think that its in mad love and beware of the creeper) So in general its a good series, it has it upsides and downs, the drawn could be better ( MY GOOD!!! KILL THAT CATWOMAN!!!!) nice sound effects, nice music, nice voices and nice episodes: my favorites, Mad love, Jokers millions, Old Wounds, Sins of the father, and Cold comfort. If you enjoyed Batman:TAS you can watch this but don't spec too much, in the other hand if you didn't watched TAS, watch this first and then watch TAS in that way you're really gonna love TAS :D",positive
"When Philo Vance (Edmund Lowe) is standing precariously on the edge of a balcony high above the city, apparently hypnotized and just about to step to his death,it immediately reminded me of a nearly identical scene in another film made nine years later, ""The Woman in Green"" in which Sherlock Holmes (Basil Rathbone)is similarly about to hurl himself into space while being hypnotized. <br /><br />Happily, both Philo Vance and Sherlock Holmes survive these attempts at murder by unscrupulous criminals. Exciting cinematic suspense in both these scenes. When will they learn you can't cloud the minds of great fictional detectives ?",positive
"A different look at horror. The styling differences between American and Russian films is interesting. However from my American perspective this movie just wasn't that good. The protagonist, Marie played by Anastasia Hille wasn't a pleasant character and I had a hard time identifying with her. She was disagreeable most of the time and confused for much of what little time was left. Also too much time was spent in bringing her to the main location of the film. Then a long time passed before any real suspense built up. Once that happened it seemed volume was used as the main effect which was more annoying than anything else. The concept was more original than most Direct-to-video movies and they didn't use sex to make up for a thin plot. All in all I'd recommend it for renting, but not for theater goers.",negative
"""Tempest"" is a somewhat self-indulgent, uneven, discursive movie. But as Lord Byron, another visitor to Greece, protested to his friend John Murray about his similarly self-indulgent and discursive ""Don Juan,"" ""It may be profligate but is it not life, is it not the thing?""<br /><br />The connections to Shakespeare's ""Tempest"" may seem, as another commentator here claims, a bit tenuous. But watch the film again after re-reading ""The Tempest,"" and they'll seem far closer. What makes this film flawed is its uneasy mixture of straightforward normal narrative and sudden jarring apparent improvisation, particularly between Cassavetes and Rowland. But to be honest, these scenes are the most remarkable and gripping in the film, if the hardest to watch.<br /><br />The music of this film, composed by Stomu Yamashta, is also overlooked. Particularly fine is the perfect little piece played to accompany the afternoon siesta, as people, animals, and seemingly the entire island collapse to sleep away the hottest part of the afternoon. It's a sublime moment, and representative of the best aspect of this movie and the one thing that keeps it somewhat unified, the fact that (aside from extensive flashbacks and the very end) it is the story of one day on an island, from awakening to night. <br /><br />Overall, I'd rather watch this film a hundred times than see some bombastic Hollywood piece of crap once. And in fact, I probably have watched it several dozen times. Most times, I see something I missed before.<br /><br />(Confession: I'm biased. This was the second movie I took my Greek-American goddess wife to see.)<br /><br />Trivia notes on this flick: <br /><br />- It was Molly Ringwald's first movie, as well as Sam Robards';<br /><br />- It was actually not filmed on an island, but in Gytheion, the southern tip of the remote Mani peninsula of the Peloponnesus of Greece;<br /><br />- The (by today's standards) primitive special effects were done by Bran Ferren, who later became head of Disney Imagineering, and still later was an adviser to the US intelligence community;<br /><br />- Paul Mazursky, the director, chose the title of his recent autobiography, ""Show Me the Magic,"" from the script of ""Tempest.""",positive
"In this excellent Twentieth-Century Fox film-noir, the metropolis is a labyrinth of despair in which scavengers and predators survive by living off one another. Brooding cityscapes lower over puny humanity in bleak expressionist symbolism.<br /><br />A prostitute has her purse snatched on the subway. It contains a microfilm, and a communist spy ring will go to any lengths to recover it. Two parallel investigations unfold as both spies and cops hunt down the precious information.<br /><br />Anti-hero pickpocket Skip McCoy is played with scornful assurance by Richard Widmark. He knows the cops to be his moral equals and intellectual inferiors, so he taunts them: ""Go on,"" he says to captain Dan Tiger (Murvyn Vye), ""drum up a charge. Throw me in. You've done it before."" In this pitiless world, the cops are just one more gang on the streets. Just as Candy the hooker bribes Lightning Louie to get a lead, so the police are busy paying stool pigeons for information.<br /><br />It is hard to believe that when Widmark made this film he was already in early middle age. The 39-year-old star, coming to the end of his contract with Fox, plays the upstart Skip McCoy with the irreverent brashness of a teenager. Today it may not be acceptable for the romantic lead to punch his love interest into unconsciousness then revive her by sloshing beer in her face, but by the mores of the period it signified toughness - and Candy, after all, is a fallen woman.<br /><br />Jean Peters is radiant as Candy. Here, right in the middle of her five-year burst of B-movie fame, she is beautiful and engaging as the whore with the golden heart. She is the story's victim, a martyr to her beauty as much as anything else. She means well, but is constantly being manipulated by cynical men - Joey, Skip and the cops.<br /><br />The real star of this movie is New York. Haunting urban panoramas and snidering subway stations offer a claustrophobic evocation of the city as a living, malevolent force. Like maggots in a rotting cheese, human figures scurry through the city's byways. Elevators, subway turnstiles, sidewalks - even a dumb waiter act as conduits for the flow of corrupt humanity. People cling to any niche that affords safety: Moe has her grimy rented room, Skip his tenebrous shack on the Hudson River. As the characters move and interact, they are framed by bridge architecture, or lattices of girders, or are divided by hanging winch tackle. The personality of the city is constantly imposing itself. The angles and crossbeams of the wharf timbers are an echo of the gridiron street plan, and the card-index cabinets in the squadroom mimic the Manhattan skyline. When Joey's exit from the subway is barred, it is as if the steel sinews of the city are ensnaring him.<br /><br />A surprising proportion of this film is shot in extreme close-up. Character drives the plot, as it should, and the close-ups are used to augment character. When Skip interrogates Candy, the close-up captures the sexual energy between them, belying the hostility of Skip's words. Jean Peters' beauty is painted in light, in exquisite soft focus close-ups. The device is also employed to heighten the tension. The opening sequence, the purse snatch, contains no dialogue: the drama relies entirely on close-up for its powerful effect.<br /><br />Snoopers, and snoopers upon snoopers, populate the film. Moe (Thelma Ritter) makes a living as an informant, and her place in the hierarchy is accepted, even by her victims. When Skip observes, ""she's gotta eat"", he is chanting a recurring refrain. Just as 'straight' New Yorkers peddle lamb chops or lumber, the Underworld traffics in the commodity of information.<br /><br />And yet even the stool pigeons are superior to Joey and his communist friends. Joey's feet on Moe's bed symbolise a transgression of the most basic moral code. Joey is beyond the pale. Moe will not trade with Joey, even to preserve her life: "" ... even in our crummy business, you gotta draw the line somewhere.""<br /><br />""Pick-Up"" was made in the depths of the Cold War. Richard Nixon had just been chosen as the Republican vice-presidential candidate, having made his name with his phoney Alger Hiss expose - bogus communist microfilm and all. The McCarthy show trials were a daily reality. We see the cops in the movie inveigh against ""the traitors who gave Stalin the A-bomb"".<br /><br />New York can be seen as a giant receptacle in which human offal cheats, squeals and murders. Containers form a leitmotif throughout the film. Moe carries her trade mark box of ties, and candy's purse, container of the microfilm, is the engine of the plot. Skip keeps his only possessions in a submerged crate, symbolising his secretive street-wisdom. The paupers' coffins, moving down the Hudson on a barge, are containers of just one more cargo being shifted around the pitiless metropolis.<br /><br />The film is a masterpiece of composition. Candy is shown above the skulking Skip on the rickety gangway of the shack, signifying her moral ascendancy. When the gun is placed on the table, the extreme perspective makes it look bigger than Candy - violence is beginning to dwarf compassion. The lovers are eclipsed by the shadow of a stevedore's hook, reminding us that their love is neither pure nor absolute, but contingent upon the whims of the sinister city. Enyard the communist is a shadow on a wall, or a disembodied puff of cigarette smoke. He is like the lone alley cat amongst the garbage - a predatory phantom of the night. Camera shots from under taxi hoods, inside newspaper kiosks and through the bars of hospital beds constantly reinforce in us the awareness that we are all trapped in the metropolis. We are civilisation's mulch.",positive
"...that Jamie Foxx would ever deliver such a wonderful, Oscar-winning performance. One of the reasons why I was so impressed with Foxx's performance in ""Ray"" was because from watching his hammy, obnoxious acting in movies like ""Bait"" and ""Booty Call,"" I would never imagine he would ever hold the Oscar. If people told me five years ago that Jamie Foxx was one day going to win an Oscar, I would laugh right in their faces. Who knows? Maybe he's better off sticking to drama, because if you watch ""Bait,"" it's clearly evident that comedy is not his forte. I swear, Jamie mugs so much in this movie that I'm surprised his face didn't fall off. And why does he have to do those stupid voices at every chance he gets? Anyone familiar with comedians like Bob Newhart and Steven Wright knows that doing comedy doesn't require being loud and obnoxious. If a joke is funny, it's funny. If it's not funny, then doing some crazy accent is not going to make it any funnier. The problem I have with some comedians who decide to try acting is that they favor getting laughs over being in character. In real life, normal people don't always have witty comebacks and quips. Like Albert Brooks said in an interview discussing his character in ""Taxi Driver,"" it's important to be funny as your character, rather than be funny as a comedian. A prime example of Jamie violating that rule is the nauseatingly awful scene where his mug shots are being taken, and he starts posing for the photographs like a model. If a regular person were being thrown in jail, would he really be acting goofy while having his mug shots taken? And wouldn't the police try to scold him if he was? There are many scenes like that throughout the film. Another awful sequence is one where Jamie is on the unwittingly on the phone with the villain, and he starts doing a phony Caribbean accent. Not funny! Not to mention Jamie never seems to acknowledge the timing of a joke. Giving a comedic performance requires patience, whereas he goes straight to the punchline, whether it's the right time for it or not. I'm not even a big Mike Epps fan, but even his performance is good in comparison to Jamie's. As a matter of fact, this is the first time I felt somewhat relieved whenever he would appear on screen. Epps has the same flaws when it comes to comedy, but at least he chooses a more low-key approach. One of the few bright spots in this clunker of a comedy is David Morse, a highly underrated actor mostly known for his supporting roles as villains. He seems to be the only actor in the film concerned with grounding it in reality. However, fellow ""Green Mile"" star Doug Hutchison is disgustingly over-the-top as the villain. A big surprise, considering he gave a superb performance in ""The Green Mile,"" also playing a heavy. Antoine Fuqua has proved his directing chops in movies like ""The Replacement Killers"" and ""Training Day."" Even in ""Bait,"" he shows he can direct a hell of an action sequence. His only problem seemed to be in disciplining Jamie Foxx, who probably improvised half the script with one bad joke after another. Unless you're a die-hard fan of Foxx, please don't take the bait.",negative
"Spoilers abound. You have been warned.<br /><br />I was thoroughly disappointed, this being my first STREET FIGHTER movie I have seen (I dare not go near the 1994 joke yet). Very little grabs your attention in STREET FIGHTER ZERO (ALPHA) as opposed to most japanimation. The fights are hilariously done over board (Shun versus Zangief was a laugher) and the dramatization is far too moody especially toward the end when Ryu has to control everything in his fight against his brother.<br /><br />The main street fighter, Ryu, has been weakening to a far darker version inside of himself. Frustrations in controlling this darkness are further complicated by the sudden arrival of a younger brother! A shady street fighting tournament is held with more than just fighting on the promoter 's mind.<br /><br />What is with the artist 's drawing of feet? Any anime drawn above the stomach is impressive. The story 's soft nature makes the STREET FIGHTER genre far too intelligent, and places far more emphasis on a character (Shun), that is not even a fighter in the video game! A character study on more than just the core stars of the original STREET FIGHTER is completely ignored. How many times did you catch Rolento? Adon? Guy? STREET FIGHTER ZERO lacks the imagination of the video game.",negative
"Pretty poor Firestarter clone that seems more like a bad TV movie than a bad feature film. How disappointing for this to come from Hooper and Dourif!<br /><br />Government contractors do a human experiment with a Hydrogen bomb. The boy born to the couple from the experiment constantly runs a fever of 100 degrees, and when he's an adult, people in his life start spontaneously combusting. He tries to find out why.<br /><br />The people completely on fire are well done, but when they get to the point that they are well done in another sense, they're obviously changed to dummies. When jets of fire shoot out of characters' arms, it looks silly rather than alarming the way it should. Also ridiculous is fire that evidently travels through phone lines and erupts in huge jets from the receiver's earpiece. How is that supposed to happen, exactly?<br /><br />Something else that struck me as silly about the movie is when a character has visions of his late parents. We later see the exact same shots from those visions in home movies.",negative
"Preposterous sequel stretches credibility to a great degree as diabolical sociopath Stanley Kaldwell returns this time infiltrating the movie production of the novel he wrote for the garden drownings, assuming the identity of a second unit director he murdered.<br /><br />Film pokes gleeful fun at Hollywood, with a tongue-in-cheek script taking shots at tyrannical directors who sleep with their actresses(..looking for a way up the ladder)and dislike anyone challenging them for complete spotlight. Brian Krause, who I thought was dreadful, overacting to the point where the satire felt incredibly forced, portrays the loud, temperamental director who doesn't like the fact that his second unit director and screenplay writer, Alison(..played by Dahlia Salem)seem to be taking over the production. Andrew Moxham is Paul Parsons, who is the brother of a victim from the first film. The film's dark humor this time takes the idea of a serial killer actually operating as director of a movie set and exploits it for all it's worth. Nelson again ably slides back into his psycho role without any difficulty, with Stanley as clever as ever, using his brains to commandeer a film production, killing whoever he has to in order to maintain full control of his work, letting no one stand in his way..that is until Alison realizes who Stanley really is. Alison is the type of ambitious writer who wants to capture the essence of her subject..what motivated Stanley to kill, why would he do such a thing, and what led such a man down this dark path? The humor of Alison actually working with that very man is also part of the satire at the heart of this dark comedy thriller. Of course, you get the inevitable showdown between Alison and Stanley, with a really ridiculous, unbelievable conclusion regarding the killer's fate(..quite a hard pill to swallow). Unlike the first film, which was photographed with sophisticated polish, director Po-Chih Leong uses unnecessary techniques which are not needed(..such as shooting an all kinds of weird angles, slow-motion in a sepia color, and several instances which are captured on video)and rather annoy instead of impress. This sequel, to me, just wasn't on target as much as the original, with a lot of the humor less effective and more obvious.",negative
"I understand this movie was made on a very low budget but that is no excuse for the monstrosity that is Grendel. Deathstalker, The Throne of Fire, Barbarian Queen, Conquest, the Invincible Barbarian were all done on shoestring budgets and poor special effects yet they still managed to create cult classics by adding some scantily clad women warriors and a good sense of humor. The primitive costumes, dark castles and beautiful Bulgarian landscape gave Grendel the potential to be a very good low budget sword and sorcery film, but the makers completely ruined this opportunity by using extremely poor CGI effects and colorless characters. Compare this film to Beowulf (1999). It may not be Citizen Kane but it is a good example of how an entertaining low budget sci-fi/ adventure movie can be made by using credible special effects and appealing characters.",negative
"...but this just isn't working and I am surprised to see how many people consider it good. On what grounds? There are some loose hints here and there, but the whole material is self-indulgent and unconvincing. Lynch's movies are generally intriguing because they generate a sense of confusion and yet, are very playful when doing that. There is some visual sense, there are some subplots, characters, ideas etc. But this is dull and yes, pointless. Because whatever there is to explore is either to ""small"", either too far-fetched, or simply told before in a superior manner. It's just Lynch exploring DV, nothing more so it should be treated like this. 1/10",negative
"Beautifully filmed, acclaimed director Hugh Hudson (Chariots of Fire) creates a story that brings the entire legend of John Clayton, Lord Greystoke and Tarzan of the apes to life with reverence and dignity, and with a scope not heretofore seen in Tarzan films. Christopher Lambert makes his starring debut as the young Lord, raised in the wild by a female gorilla after his parents die in Africa. Later returned to what is to him an alien world, that of class and privilege, he feels totally out of place. Once he learns what has happened to the apes that raised him and their world he realizes that he must go back. A sad but triumphant story told against a background of fantastic vistas. This is one of those films that is a must for every Cinemaphile's collection.",positive
"Another stinker from the PM Entertainment group, and thankfully one of their last.<br /><br />'Firetrap' is effectively a very low budgeted remake of 'The Towering Inferno' I don't mind Low budget B Movies as long as some effort is put into them - there is no effort whatsoever in 'Firetrap' is stars Dean'Superman'Cain, who is an absolutely terrible actor, seriously he has all the acting abilities of a porn star, but he turns out to be the best actor here and that's saying something, the rest are just a bunch of no hopers given the boot from various daytime soaps. The special FX are just rubbish, shots showing the burning building from the ground are among the worst I've ever seen, the fire looks like someone scribbled an orange pen at the front of the camera. on top of that there is not one character you actually root for - you hate everyone and hope they all die well before the 90 minutes are up.<br /><br />The script is embarrassing - The red herring's are signposted well in advance, someone else has mentioned this but 'The scene where the janitor fights off a blazing fire engulfing the building with his broom....hilarious, or same janitor going into a room marked 'Hazardous Material', Were these scenes supposed to be tongue-in-cheek? somehow I doubt it<br /><br />The one good point and only one good point was there was a fair bit of action in amongst the daytime soap dramatics which kept my attention, but so little care was given to everything in the film, I can't recommend it - Watch 'The Towering Inferno' instead<br /><br />3/10",negative
"Strange, almost all reviewers are highly positive about this movie. Is it because it's from 1975 and has Chamberlain and Curtis in it and therefore forgive the by times very bad acting and childish ways of storytelling? <br /><br />Maybe it's because some people get sentimental about this film because they have read the book? (I have not read the book, but I don't think that's a problem, film makers never presume that the viewers have read the book). <br /><br />Or is it because I am subconsciously irritated about the fact that English-speaking actors try to behave as their French counterparts?",negative
"And that comes from someone that will withstand almost ANY viewing. The acting and sound is awful. This might qualify for a ""so bad it's good"" point of merit,,,for some. However I take my horror movies seriously and this is just crap-it's just soooo cheap, I think that's my major complaint. The dialogue is often hilarious-attention to how many times ""you startled me"" is used. The ""child"" actress is seriously god awful-I pray her acting career ended here..her line ""DONUTS! I HATE DONUTS"" is worth repeated viewing however.",negative
"I had the pleasure of seeing this film at the Rhode Island International Film Festival and was very impressed. Tess Nanavati is clearly a great screenwriter and I would love to see more of her films. If she could do what she did with the budget of this film, I'm very anxious to see what she can do with a major picture. Kudos to the cast for their terrific performances (that little girl was gold), and to whoever composed the music. The warped ""Row Your Boat"" blew me away. Very creative film all around....I really hope to see it come out on video or DVD because I'd buy it in a second. If you get the chance, you should definitely see this film.",positive
"This was a character's movie. The plot wasn't that hot when it was there, but the characters were interesting and very well-acted. The story focuses on the Travis family in the wake of the eldest son's suicide. I say that loosely, because the story is mostly about the surviving son and the mother, because if the father WAS supposed to have the story focus on him too, they edited the movie pretty poorly. The acting on all parts was very good, particularly Emile Hirsch as the surviving, confused son. The characters were all very interesting and I didn't mind watching them until late in the film, when it just seemed to drag. <br /><br />My big complaint, however, was the story. The son killing himself was supposed to be the center of the plot. However, it really wasn't. It was something that happened at the start of the story, but then everything went every which way. Then they'd mention that the son killed himself to remind you that that was the central thread. The other thing was that the big plot twists, of which there were plenty, were never really explained or built up to, but just thrown in there randomly and often from far left field. In fairness, the ending was very, very cool. But it was also clear where the inspiration for the story came from: about half of it (the half that wasn't padding) was pretty much lifted from the story in the Pearl Jam song Alive. Which reminds me... <br /><br />There was a ""poem"" in the movie that was supposedly written by someone who killed themself. I could not have been the only one who recognized that said poem was lifted, word for word, from that very same song. I dunno, this was a movie I had hope for, and they really, really dropped the ball.",negative
"I starred as Eugene Morris Jerome in my high school adaptation of the play and this film definitely doesn't live up to the script or the imagination of Neil Simon. I know this play backwards and forwards and I can honestly tell you that the acting was off, The production was cheesy. The changes in the play's script were poorly done. If you want to really enjoy this play you should see the actual play, not a Hollywood movie adaptation. The Eugene character lacked soul and was overly sarcastic in all he said. The other characters were off key as well. A general disappointment, messy, disloyal to the play, amateurishly executed!",negative
"If Hollywood is to be believed, being in the the Navy is nothing but a bludge. Though the sailors may complain in chorus about the monotony of the ocean, it seems that their oceanic duties are completely non-existent, and somehow Fred Astaire finds enough free time during the day to offer dancing classes to a fleet of would-be romantics. Such is the world of Astaire and Rogers. Mark Sandrich's previous film, 'Top Hat (1935),' completely ignored the Great Depression that was then bringing America to its knees, and presented audiences with a glittering world of the rich and famous; it was the film's optimistic outlook on life that perhaps contributed to its success. Likewise, here Sandrich deliberately forgets that the life of a Naval officer is difficult and draining, and instead substitutes the duties of a sailor with an assortment of catchy lightweight musical numbers.<br /><br />""Bake"" Baker (Astaire) and Sherry Martin (Rogers) are two former dance partners whose romantic relationship fell apart after the latter rejected a marriage proposal. After Bake returns from several years of duty in the Navy, he finds Sherry as dance hostess in an unsophisticated San Francisco ballroom. While the two former lovers alternately attempt to woo and rebuff each other, Sherry's plain, music-teacher sister (Harriet Hilliard, looking really quite pretty) receives a complete makeover and tries to charm superficial sailor Bilge ""Bilgey"" Smith (Randolph Scott). There are plenty of the usual screwball comedy shenanigans, a few moments of mistaken identity, and even a hilarious trained monkey that steals every scene it's in. Particularly amusing is the scene in which Bake sabotages a performer's audition in order to create a window for his estranged girl; unluckily for both of them, it is an unfortunate Sherry who drinks the bicarbonate of soda and loses her ability to sing.<br /><br />'Follow the Fleet (1936)' was the fifth winning collaboration between Fred Astaire and Ginger Rogers, and the third (of five) in which Sandrich directed the pair. Irving Berlin provided the film's music and lyrics, and each musical number is enjoyably lighthearted and entertaining, even if they aren't quite as memorable as those in 'Top Hat (1935),' 'Swing Time (1936)' or 'Shall We Dance (1937).' Astaire attempts to break free from his typical rich-man-about-town persona, without much success, but it's hard to imagine the performer without the boyish carefree charm that could only accompany being considerably wealthy. The side-plot of the romance between Connie and Bilge works well with the antics of the two main stars, and Harriet Hilliard (wearing a brunette wig to avoid clashing with Ginger's blonde hair) has a couple of emotional solo numbers, including ""Get Thee Behind Me Satan,"" which was originally written for 'Top Hat.'",positive
"And obviously I didn't see it! <br /><br />But looking at the cast and seeing that Doug Masters is back from the dead, I know now to avoid this like the plague! I hate it when Hollywood, producers, writers, directors or all of the above think that audiences are stupid that they're not going to catch continuity errors. A supposedly dead Doug Masters returning is a big giant one, won't you say?<br /><br />And I can't believe that someone like Louis Gossett, Jr. would return for something like that.<br /><br />Did Jason Gedrick really decline this? Well, I hate to say it, but even if he took the role again, it would have still had that same continuity error. I bet (if he really turned it down), he must have been incredulous seeing that his character died in the second film.<br /><br />I'll probably catch it by accident on a late night air on some channel, but no way am I going to rent this or buy the DVD!",negative
"Well, I was excited at first to download an animated open source movie, only to be ruined by a demo reel. The animation is excellent, the lip syncing is awful, and you keep watching the movie hoping to understand what's going on, only to realize nothing is going on. You feel no emotion for the characters, only pity for the creators for wasting their time. I have seen short films with twice the emotion in half the time! This could of been an excellent short film, if they had just taken the time to hire a real director. I'm sure everyone over at Blender is excited to showcase their software and its rendering capabilities, but sorry guys-story telling is what makes a movie.",negative
"and anyone who watches this film will agree. This film was directed in the days when plot, character believability and theme actually mattered.<br /><br />Jean Peters, Widmark, and Thelma Ritter steal the spotlight. Ritter is in top form as informer ""Moe"" she survives in the Bowery section of NY, acting as a stool pigeon for NYC police.<br /><br />The only other film in which I have seen Peters is ""Niagara"", and she certainly proves her acting ability here, complete with Brooklyn accent. Widmark is appropriately menacing, as the anti-hero who must discern what the right thing is, despite his need for cash.<br /><br />The photography is brilliant. The neon, the subway station (though it looks cleaner than the real thing!) the harbor shack where Widmark lives as a transient. Excellent use is made of the city, with ""Lightning Louie"" in Chinatown; the many flavors and appetites of the city are addressed here; the political climate of the time is a haunting backdrop. 10/10.",positive
Babyface - Notorious Barbara Stanwyck flick where she is told by the local professor type that she has power- he tries to get her to read Nietzche- she says books ain't never done her no good.Soon we find out her father is basically pimping her out to a local politico and others.Finally she has had enough and relocates to the big city.We follow her trail of men up the ladder of success in an international bank.The dialogue is quite saucy for it's time and it was one the last films to come out before the self inflicted Hollywood production code.Look for a cameo by a young John Wayne as one of Stanwyck's willing victims.Part of the Forbidden Hollywood collection - I watched the extended version- the DVD has both versions plus Red-Headed Woman and Waterloo Bridge.An interesting movie and foreshadowing for future femme fatale roles that Stanwyck would play in the era of film noir. B+,positive
"I won't say the show is all bad, because there are some funny parts, like Spencer, and a few random incidents. But other than that, let's face it, it's just another dry sitcom that kids are buying into.<br /><br />Miranda Cosgrove was cute and funny as Megan on Drake and Josh. Honestly, she is mediocre in ICarly and is just not as funny as she tries to be. The actress who plays Sam seems to be half-asleep most of the time, and her antics are so clichéd that I would think of them. They're not funny, just annoying. And Freddie is okay, but not that interesting.<br /><br />Of course, the situations are unrealistic, but it's not all bad. Some are bothersome, though. Here are a few: <br /><br />1. The girls are 14, and have a web show that gives away too much personal information, with a weekly audience of 27,000(WTF), with little to no advertising, and they can still go on about their lives not being attacked by crazy people <br /><br />2.Their web show gets too much praise ($100,000 yearly to advertise sneakers, a free trip to Japan, Plain White Ts performance, and so on). Honestly, anyone over the age of 6 would not find their ""comedy"" entertaining.<br /><br />3. How is it that they are so ""average"", yet they own a three story loft, Spencer does hardly anything and can still afford many basic luxuries, and they have all the equipment for a web show? 4. All of the adults are idiots. ALL OF THEM.<br /><br />5. No 5 foot high girl, no matter how obnoxious and tenacious, can take down trained cops, unless she's muscular. Sam is skinny and petite.<br /><br />6. No one can fall down 9 stories in an elevator and live.<br /><br />7. Kids can handle finding out about criminals better than cops.<br /><br />The show is stupid. Really, it seems harmless, but making kids think that they can be obnoxious to their elders, live alone in Seattle when they're only 14 with an irresponsible moron, and give out personal information is just wrong.<br /><br />I'm disappointed to say that my cousin, who is 3, enjoys the show. What happened to the cartoons when I was her age?",negative
"After wasting 2 hours of my life watching this movie on late night television, I went back and reread some of the IMDb material, to remind myself of why I watched it in the first place. In hindsight, the only thing that I can think of is that the genre generally appeals to me. But this movie was a total waste of effort. It fails on every level, and to see that it's described on IMDb as a comedy really leaves me at a loss. I don't recall more than a couple of chuckles. There are more laughs in any episode of Law and Order than in The Last Man. Seriously.<br /><br />Too much of the characters' interaction just didn't seem to me to have any foundation, and was therefore very unlikely/unbelievable.<br /><br />If it hadn't been for the almost-gratuitous bikini shots, well, what can I say? Avoid this movie like the plague. Or tape it and just fast forward to the bikini shots. Do not spend even $1 to rent it though.",negative
"To me this film is just a very very lame teen party movie with all the normal clichés and boring stereotyped characters (Nerds, Jocks, Popular girls, Sleezy guys, etc) but with an underlying anti drug/drinking theme. <br /><br />If you ever have the unfortunate chance of seeing this film, keep an eye out for all the references to responsibility and keeping it real (dunno how else to word it) I guess the only thing that'd make this film cool, would be if they TV playing it was on fire. That, or DVD it was on exploded...<br /><br />1 out of 10000 - Watch Animal House instead.",negative
"A boring movie about a miserable loser...that's Factotum in a nutshell. Matt Dillon plays Henry Chinaski, alter ego of author Charles Bukowski upon whose novel the film is based. As we meet Chinaski he may be a writer but he's certainly not a successful one. He floats through life, getting fired from one menial job after another and not caring a bit. The fact that he's always drunk may have something to do with his not caring. He meets a woman, Jan, played by Lili Taylor and a relationship ensues. Chinaski moves into Jan's apartment and now instead of getting drunk by himself he can get drunk with somebody else. Good times. Eventually he's had enough of this relationship so Chinaski strikes out on his own. Unfortunately he still can't hold down a job so soon enough he's broke. At this point Marisa Tomei shows up and for some reason her character, Laura, decides to rescue this miserable drunken loser whom she doesn't even know. We soon meet some of Laura's acquaintances and the film veers off into a sort of bizarro world with this rather eclectic bunch. Soon enough Tomei and friends are out of the picture and once again we're left with Chinaski and his drinking and his miserable little life. There's some more time spent with Jan but mostly there's just time spent being a drunk, unemployable loser. And then the movie's over and not a moment too soon. 94 minutes of absolute monotony and it seems infinitely longer as the movie drags on. Nothing happens. Nothing ever happens. If you want to spend an hour and a half of your life watching Matt Dillon drink then this is the movie for you. If you're looking for a compelling story, well developed characters or any entertainment value whatsoever then you've come to the wrong place. Dillon's performance actually isn't bad at all. Too bad the movie which surrounds him is in fact rather bad.",negative
"This film is about a gap that exists between the real world and the world of the dead. There's a lot of mumbo-jumbo about the internet (i.e., if you install a program on the computer, you see dead folks--much like if you play a videotape you'll die in RINGU). Frankly, most of this seemed rather silly and lost me. What I did find interesting is the idea that the dead live within their own separate existence--being totally alone for eternity. This was sobering and fascinating.<br /><br />I love Japanese films and have seen a huge number compared to most Americans. However, one genre that has become popular in recent years that I just can't relate to very well are these horror films. I know they are super popular--especially since they seem to be remade so often in the States. I've seen both RINGU as well as THE RING, JU-ON and THE GRUDGE and was rather ambivalent despite their popularity. About the only recent horror film I really liked from Japan was SEANCE--a reworking of the great British film, SEANCE ON A WET AFTERNOON. And what, do I think, made SEANCE different? Well, unlike the other films as well as KAIRO, gobs and gobs of money weren't spent on special effects or trying to scare the audience--instead, the emphasis was on the story. The bottom line is that these other films are a lot like American films like HALLOWEEN or Friday 13th--with scary things jumping out just to scare the audience and plot is purely secondary (at best). For me, I want story--not cheap thrills or ghosts as the primary focus of the film.<br /><br />With a relatively high rating, I know I am in the minority, but I just don't find this a very satisfying film. All too often, minor things occur that might startle someone slightly--but the characters begin screaming and crying and acting as if to say ""this is the scariest film ever made so you'd better start shaking"". Well, I think it just tries too hard and I wish it had focused more on the afterlife seen at the end of the film and plot progression--not scare tactics.",negative
"If you're tired by the same repetitive, unintelligent material that the mainstream movie industry releases, you'll enjoy ""You Are Alone"". It is thought provoking, well shot and riveting.<br /><br />Without revealing anything that you don't find out in the first few minutes of the movie, this is the story of a young white high school girl from an upper middle class environment who is working as an escort and is discovered by her neighbor. The vast majority of the movie occurs in a hotel room where he hired her to come.<br /><br />Through their discussion, you explore two shifting views of prostitution, depression, loneliness. Yet the movie is not depressing. It talks about dark things without being depressing.<br /><br />As a viewer, your emotions and preconceived notions are moved around, but gently. You come out of it with a lot to think about. I like that in a movie.",positive
"How any of you gave this more than 2 stars amazes me. I made an account on IMDb just to comment on this cr@p film. The acting is cr@p and the plot is cr@p. It would deserve no stars at all if it weren't for the descent soundtrack (and yet there are still some outrageously clownish tracks in there too, most notably the ones featuring the oboe and sound like black and white cartoon comedy background music and in no way fit the intended mood of the scenes that they haunt) and quality cinematography. The dialog and plot are about as complex as that of a Dr. Sues book. These actors are horrible. I am actually watching this movie right now and, with every word, am stunned you all swallowed this shitte. The only reason I didn't turn the movie off was because I have gotten wrapped up in creating an account on IMDb and posting this review. I dig mainstream films, I dig silly stupid films, I dig retro indie films, and nearly any other type/genre if carried out well. My brother convinced me to rent this because he said he heard it was good and he generally has great taste in movies; from the moment he told me the title I looked at him like he was crazy. I'm having a tough time ending this rant because there is just so much badness to talk about. The only way I can rationalize the good ratings on here is that you guys were paid to give this movie high ratings. It is so poorly done and no where close to dramatic, artsy, complex, well written, well preformed, or even bearable. If this was the final product of my hard directorial work, I would be to embarrassed to release it to the public, so I don't even feel sorry for the director if he reads this -- what the hell were you thinking guy?",negative
"""The Secretary"" is one of those cheesy, cliched, ""thrillers"" that one is subjected to watching on a Sunday afternoon, when there is virtually nothing else on. While the plot (a demented woman becomes jealous of all who succeed over her in the office and decides to do whatever she can to stop them) may be one of a kind, I recognized countless plot twists, probably taken from other TV movies that I had been subjected to for the very same reason.<br /><br />To make matters worse, I was not wild about the cast. Mel Harris is one of those actresses who appears in so many TV movies as either a ""mom"" or some sort of ""victim"" of foul play or abuse, that one must wonder the kind of life she leads. In this one, she gets the joy of playing a mom AND a victim of psycho secretary Sheila Kelly, who was not a very good choice as the villain. While Sheila Kelly has made some good career moves(Singles, Breaking In, and I guess, Law and Order), she is also beset by a string of pitiful TV movie roles, and this one just adds to it. As for the others, I don't have any clear memories of them, so that must say something.<br /><br />This one WILL play on the Lifetime network(I think that's where I saw it), but don't bother watching it, unless you are too bored for words. Not that it will make you any more excitied...",negative
"Contains spoilers<br /><br />""Hollow Man"" is probably the weakest movie that Paul Verhoeven, director of great movies like ""Total Recall"", ""Starship Troopers"" and ""Robocop"" has ever made. <br /><br />That's probably not his fault. For some reason, Verhoeven got stuck with an utterly mediocre script, and he made the best of it. <br /><br />The first part of this movie is rather good, with lots of cynical jokes, great special effects and even Skunk Anansie on the soundtrack. Unfortunately, the movie falls flat in the second part, were it degenerates into a standard slasher movie or maybe a very bad ""Alien"" clone. The ending is especially ridiculous <SPOILER>, as Kevin Bacon keeps coming back to life after a number of incidents that should (in the logical sense of the word) have killed him. </SPOILER>. And the entire thing is quite shallow, indeed: the subject of becoming invisible is never fully investigated.<br /><br />But all in all, Verhoeven manages to stay well above average with this movie. <br /><br />**1/2 out of **** stars",positive
"Spoilers ahead if you want to call them that...<br /><br />I would almost recommend this film just so people can truly see a 1/10. Where to begin, we'll start from the top...<br /><br />THE STORY: Don't believe the premise - the movie has nothing to do with abandoned cars, and people finially understanding what the mysterious happenings are. It's a draub, basic, go to cabin movie with no intensity or ""effort"".<br /><br />THE SCREENPLAY: I usually give credit to indie screenwriters, it's hard work when you are starting out...but this is crap. The story is flat - it leaves you emotionless the entire movie. The dialogue is extremely weak and predictable boasting lines of ""Woah, you totally freaked me out"" and ""I was wondering if you'd uh...if you'd like to..uh, would you come to the cabin with me?"". It makes me want to rip out all my hair, one strand at a time and feed it to myself.<br /><br />THE CHARACTERS: HOLY CRAP!!!! Some have described the characters as flat, I want to take it one step further and say that they actually have a reverse character arch.. They actually start working on a parallel universe and almost start acting backwards...<br /><br />THE ACTORS: Worse than the characters are the actors. They take already poor written characters and add in terrible high school drama acting. The ""Woah you totally freaked me out"" was said so monotone and slow - like it was dumbed down. I could complain for hours on the actors alone.<br /><br />TECHNICAL: LIGHTING: An eight year old would be disappointed with lighting on this movie. Too shadowy in areas, too bleached in others. The director shouldn't use light as an emotion until he learns how to light a basic scene properly. Baby Steps! SOUND: How many sound guys does it take to make a really shotty sounding movie? 9. With that many sound guys this should sound amazing but quite the opposite has occured. There is one scene in particular that really sticks out, these guys are driving in a car and the sound of the car changes with every camera angle....WEAK! CAMERA: Learn to use it.<br /><br />Anyway, I'm running out of complaining space.....rent it - I dare you...Rent it and learn from it...give it a 1 rating..it deserves it.<br /><br />Signing off... Amanda Christmas",negative
"A powerfully wonderful movie. You are held in a death-grip once you let yourself get involved with the story. A successful dentist, Alan Johnson(Don Cheadle), is torn in a life crisis of balancing his career with his family. He notices his former college roommate Charlie Fineman(Adam Sandler)and wants to touch base. He finds that Charlie, who lost his wife and family in the 9-11 attack on America, is no longer in touch with reality...choosing to involve his mind with his favorite music from the past and video games. The former roommates rekindle their friendship and strengthen their former bond. Johnson has his friend Angela Oakhurts(Liv Tyler), a psychiatrist, to try and bring Charlie out of his grief...but it is Alan that accomplishes in getting his friend to emerge from his deep darkness. Jada Pinkett Smith plays Johnson's wife. Writer and director Mike Binder plays the role of Charlie's attorney/guardian. Also in the cast: Saffron Burrows, Donald Sutherland, Adell Modell and Robert Klein. Outstanding soundtrack featuring the likes of Bruce Springsteen, Graham Nash, Pear Jam and The Pretenders.<br /><br />NOTE: I have never been a Sandler fan; but I found him outstanding in this role. In some of the scenes, I thought out loud...why has he never been approached to play singer/songwriter Bob Dylan in a biopic.",positive
"I love this film 'Spring and port wine'. I was born in Leigh, a town about 7 miles away from Bolton, I moved to Bolton in 1965 when I was 20. My place of work was daily via Little Lever through Farnworth, sometimes on a bike but then by car when I could afford it.The film brings back all the memories of the working class neighbors who were almost always broke but who would always help you if they could. Fred Dibnah was round the corner from Bromwich St. were my bedsit was. If you didn't see the film when first released then you may be forgiven for comparing it to a soap such as Coronation St, well I agree it is a soap, but then, it was called 'Kitchen Sink Drama!' Watch this film for the talented cast who shortly afterwards became household names from frequent roles on TV, I watch mainly for the shots of the locality and the feel good factor of people being poor but happy!",positive
"This movie is truly amazing,over the years I have acquired a taste for Japanese Monster movies and am well aware that early examples of this genre can be poor. However this one reaches a new low, as it follows the adventures of Johnny Sokko(?), a young boy who controls a Giant Robot, and his fight against the evil Gargoyle Gang, who seem to have an endless supply of horrid giant monsters at their disposal.",negative
"This movie is a blatant attempt by the left in Hollywood to portray Reagan's administration as incompetent and bungling. Some mistakes may have been made at the time of the crisis, but I'm sure not to the extent portrayed in this lame movie. My first reaction was that this movie had to have been directed by Oliver Stone, but I was wrong this time. There are apparently many others.",negative
"A very funny movie. It was good to see Jim Carrey back in top form. It was definitely worth the price of admission. Morgan Freeman and Jennifer Aniston both played outstanding supporting roles in this film. I think they may have played the dog a bit too much however, still a good film to see.",positive
"This film show peoples in the middle of the hottest 2 days in Austria. It shows people humiliating other peoples and being cruel to other peoples. It show the inability of people to communicate or talk with others.<br /><br />In the screening I have attended people were leaving in the middle because they could no longer watch the film. And rightly so. Because the film is not and easy one to watch. It has a very depressing message and there isn't any moment of mercy in the film. It is a very cruel movie, not for everyone's taste. You can not speak of terms of enjoyment from this film. It grips you in your throat and never let go and in the end you simply feels breathless because of its intensity.<br /><br />I can not ""recommend"" or ""not recommend"" this film. You should make your own mind based on what I have said earlier. Just be aware that this is not a regular film and it is not for everyone's taste.",positive
"All ambiguity about Michael Myers has withered away thanks to this series' chronic habit of arseholing about with its continuity and pulling relatives out of nowhere. This entry introduces the potty angle that he's not just a psycho killer but is actually controlled by runes, which appear as a star constellation every Halloween, and a cult is using him to... erm, well, this film is far from coherent and I lost track of the plot after a while. The movie hemorrhages credibility so profusely it doesn't have a drop left by the end. Why does Michael put one victim's clothes in a washing machine? Why does an otherwise empty corridor have a deadly spike sticking out of the wall? Does getting electrocuted really make your head explode? And so on. It's left to Donald Pleasence, in his penultimate film role, to produce some wonderful little moments from the pile of dreadful dialogue he's given.",negative
"Oscar Wilde's comedy of manners, perhaps the wittiest play ever written, is all but wrecked at the hands of a second-rate cast. Sanders is, as one would expect, casually, indolently brilliant in the role of Lord Darlington, but the rest of the cast makes the entire procedure a waste of time. Jean Crain attempts a stage accent in alternate sentences and the other members of the cast seem to believe this is a melodrama and not a comedy; indeed, the entire production has bookends that reduce it to tragedy -- doubtless the Hays office insisted. Preminger's direction seems to lie mostly in making sure that there are plenty of servants about and even the music seems banal. Stick with the visually perfect silent farce as directed by Lubitsch or even the 2004 screen version with Helen Hunt as Mrs. Erlynne; or try reading the play for the pleasure of the words. But skip this version.",negative
"I was very surprised how bad this movie was. Nice cinematography and beautiful landscapes can only take the movie so far. I was hoping for a rerun of Hero, but this is much, much worse.<br /><br />This movie is why kung fu movies got a bad reputation in the first place. No believable characters (even within the cartoonish world of kung fu movies, these characters are ridiculous), virtually no plot, and ridiculous story twists.<br /><br />This movie is so boring and so frustrating because it reminds you of trying to play a make believe game with a child. Every time you think your silly battle makes some sense, they invent another ridiculous twist that makes no sense (""Ah ha, you only think you've got me with your super powers and 10,000 ray guns, but I ate my vitamins laced with plutonium and teflon, so your ray guns don't work and I'm invulnerable to your super powers....tap tap no trade backs infinity PLUS one."") Children can continue with this lunacy, because they don't really care whether anyone is listening because they are having a fun time. However, for the VIEWER, especially the adult viewer, this long movie is worse than a bout with bad gas.<br /><br />SPOILERS AHEAD Note to kung fu movie makers, (a) if you have a knife in your back it hurts unless you are on PCP, in which case your kung fu is not strong, (b) if you repeatedly fall on your back, which has a knife in it, it will hurt more and do more damage, unless it is a fake prop, (c) when you get stabbed in the heart with a knife, you die, especially in ancient china where there isn't a Kaiser Permanente around the corner, (d) kung fu fights don't last for hours while 3 feet of snow falls, and (e) sometimes it is worth while explaining your characters and their motivations.<br /><br />In any event, go watch Hero again, because at least within its own little world it is comprehensible.",negative
"Yet another version of mother of all gangster flicks-the Classic ""Godfather"" and yet another case of over-hype due to media circus. Sarkar, the 13th Hindi film of Ram Gopal Varma as director is also the weakest in his Underworld trilogy including the other two being the excellent-Satya and Company. The Charisma, the magnetic persona of the two Bachchans playing father-son duo on screen for the first time is definitely a treat to watch out for. Not just strong performances but their perfect chemistry is the biggest scoring point here for which Varma should be applauded. However, the same equation of the duo is missing with the other characters in the film. Reason-the other characters look more like cardboard caricatures esp. the villains represent the typical Bollywood baddies. A character who attracts attention is elder son played by Kaykay but again not able to hold due to half-baked characterization. . The Drama and conflict is brought alive by the excessive use of Close-shots, which brought a claustrophobic effect rightly needed to construct an ambiance. The haunting Score (Amar Mohile) and the sound design (Kunal Mehta, Parikshit Lalwani & Anup Dev), together with dark, murky background overlapped by shinning powerful images (camerawork by Amit Roy) contributes to Visuals so typical of Ramu's style. But there is an overuse of Music though fortunately no songs are there in the film. But can interest of today's ""intelligently growing"" audience be sustained just on shoulders of two performers and strong Visuals ? I don't think so. Surely, audience ""maangey more"" and here film fails to deliver. In any adaptation, in order to add a new dimension, the biggest pre-requisite is the Screenplay, which is sluggish here not being crisp at places, and therefore the pace slackens quite often. What finally audience is subjected to is a highly predictable, very commonplace drama with very little surprise elements. Top Stunt director Allan Amin Ghani is also not in his best form. Some scenes which require a different treatment includes- a Minister is talking foul about Sarkar and the son is overhearing; a very amateurish shoot out in the jail on Sarkar, Sarkar Jr. escapes from the clutches of his enemies, a Son easily motivated to kill his own father, a son is secretly entering his father's room to kill him, a police commissioner slapping Sarkar Jr-all this requires a more realistic, hard-hitting approach which is the back-bone to create the required conflict. The dialogues are weak for eg. look at an amateurish line where a CM says to Sarkar Jr. ""Wo jo Police Commissioner tha na usay maine hata diya"".. The women folk take on Sarkar's working is completely ignored. The uninterrupted negotiations about criminal activities while Sarkar is with his family also look slightly out of place In fact, the film follows a graph quite similar to Ramu's own production-Ab Tak Chhappan. In depicting the battle between good and evil, the other side of life-the law, police, administration, politics is completely ignored. Certainly, more is expected in content. Here the film definitely falls short and could not rise above an average fare. Dear Ramu, agreed that now you are laughing your way to the bank, you definitely need to take some drastic overhauling measures in your film production factory, before it is too late.",negative
"Still haven't read a single Dan Brown book, but I watched all his movies adaptations. I won't fall into the game to rate this one with the previous because the scope isn't really the same: actually, this one is a thriller, a race against time filled with puzzles.<br /><br />The plot is very twisted, imaginative and the cast is excellent: I never been a great fan of Hanks but he delivers well. I noticed his jeans shirt (the one spilled with blood) because I search for one like this in vain! The Italian searcher is a brilliant newcomer for me but I really applauded Ewan MacGregor portrayal: his inner faith and calm is really impressive.<br /><br />I really like the debate between science and religion. The action taking place in the Vatican, it felt like vacation. At last, I am not sure it helps to add new converts into Christianism. With all the gold and man presence displayed, any one would ask what charity means and why women are so dismissed of the church life whereas they stand for half or more the believers.",positive
"I didn't know anything about this movie before I watched it. It seems to be a lesser-known teen horror from the 80's. What struck me were the ways it differed from so many other movies from that era.<br /><br />The first thing I noticed was how slowly this movie builds. It doesn't do the typical setup of showing characters being murdered one by one. It takes its time building the back story, leaving a little bit of mystery about what might happen. I was almost starting to think no one would even really get hurt in this movie. But everything leads to the climatic sequence during the last 15 minutes, and then it gets fairly graphic (this was a bad time to take a snack break--I almost couldn't finish my pizza once it started).<br /><br />The characters also seem slightly more three-dimensional than a lot of the cheap teen scare flicks. There conversations were refreshingly level-headed for the most part, as opposed to the over-the-top stereotypes you'd expect. For example, the girl who is the popular, snobby, queen-bee of the clique isn't constantly spouting insults at everyone, but is capable of having doubts and showing some consideration for others.<br /><br />So, to summarize, I felt this movie was somewhat original compared to what I expected, and a little better made as well. It drew me in, kept me interested, and then let me have it. As I said, it's pretty gory during the finale, but almost family friendly much of the rest of the time. I don't need to own it, but I'm glad I discovered it.",positive
"It's been said several times - not least by me - that watching an Eric Rohmer film is like watching paint dry; it seems that Monsieur Rohmer resents this (he doesn't deny it, but then how could he, he just resents it) so much so that his new movie, which may also be his last, Inch Allah, is set so far back in time that it's like watching woad dry. Those wonderful people who gave you the Nouvelle Vague, Cahiers du Cinema have already named it one of the best films of 2007 so that should give you some idea. Reality is not high on Rohmer's agenda so that in 5th Century France we have at one extreme a château that would not be out of place in the Loire valley whilst the only other dwelling we see is a rude wooden hut. The story involves nymphs and shepherds and as he often does Rohmer has cast it with unknowns who just happened to be passing so that the overall effect is that the annual class play at a school for Special Needs pupils was captured on film by accident. One is almost tempted to say 'Come back Godard, all is forgiven' but even this woeful production can't make me utter those words.",negative
"A ""friend"", clearly with no taste or class, suggested I take a look at the work of Ron Atkins. If this is representative of his oeuvre, I never want to see anything else by him. It is amateurish, self-indulgent, criminally shoddy and self-indulgent rubbish. The ""whore mangler"" of the title is an angry low budget filmmaker who murders a bunch of hookers. There is a little nudity and some erections, but no single element could possibly save this from the hangman's noose. The lighting is appalling, the dialog is puerile and mostly shouted, and the direction is clueless. I saw a doco on American exploitation filmmakers during the recent Fangoria convention. Atkins was one of those featured. He spoke like there was something important about his work, but after a viewing of this, I see nothing of any import whatsoever. There is no style, either, and the horrible video effects (like solarization) only enhance the amateurishness. Not even so bad it's fun. Avoid.",negative
"I first saw this movie around 1968 and if I don't see it once or twice a year, I'm surprised. I've always found it engrossing, well acted, and, for Hollywood, surprisingly accurate historically. I heartily give it 10 stars and recommend it highly!",positive
"This one is bad. A really bad and boring crime movie that has nothing out of the ordinary in it. A series of crimes, the killer that you do not see throughout the whole movie, the classic investigations. And also the classic tale about a cop who figures out what's going on and isn't believed by anyone, so he has to fight by himself to reveal the truth. Not too much in this one. Vote: 4 out of 10.",negative
"Having seen the first ten episodes, I must say this show sucks. <br /><br />What bothers me the most, is that the show was shot in Canada. I know it's cheaper, but they should have shot it in California, so we could have had scenes in the desert. That would have been more true to the movie. The first scene where they are outside in another world is in the mountains, with lots of pinetrees where it looks cold. That does'nt feel very Egyptian. What worked so well in the movie was that it felt like you were in the ancient Egypt. Here it feels like they're running around fighting aliens in a Canadian forrest. And it's so lame that appaerantly, on other planets, the fall comes as well. You can see leaves on the ground in the forrests that all look like forrests outside Vancouver. It just makes the show even more unbelievable and dumb. <br /><br />And then there is Richard Dean Anderson. He is no Kurt Russel. Sure he does a decent job and he tries to copy Russels performance a little bit, but he is just not as cool as Russel. And not nearly as good an actor as Russel. And Russells way of playing O Neill, well he was much more cynical. Andersons O Neil, is way too soft. I liked it that Russels version just did'nt give a s*** and had no trouble detonating the bomb until the very end of the movie. <br /><br />Michael Shanks does a really good job as Jackson though taking over from James Spader.<br /><br />Teal'c is a really annoying character. He is Jaffa. Not a Jaffa. Just Jaffa. Aaaarrgh!! A former bodyguard of a pathetic Ra character, seen only in the pilot and in one other episode so far. Teal'c speaks talks and acts like a robot. I've seen better acting from Jean Claude Van Damme.<br /><br />And the fact that Teal'c and the Ra character and the people they saved in the movie, can speak English all of a sudden is also incredibly dumb. What made the aliens so scary in the movie was that they spoke an ancient language and were real monsters. <br /><br />As for the special effects, they are really good in the pilot. But the very rare effects in the actual show are badly done and looks cheap. Especially a planet they visit with crystals. It's so obvious they walk around on a soundstage with a badly made painting in the background. It's an insult to us viewers that they made it look so cheap. Especially when they could have made it in front of a bluescreen with cgi backgrounds. <br /><br />The X-files had better effects when they aired their first episodes in 1993. That was 4 years before SG-1 started. And they did'nt have the apparent two million dollar budget per episode, that SG-1 supposedly had. They must have spend all the money on catering. Because I don't see it on the screen. <br /><br />Incredibly boring and pointless show, that could have been great if they had shot the show in Hollywood with a bigger budget and better writers and better characters.",negative
"That's what I thought, when I heard about the cast of Inglorious Basterds. And I'm both from Germany and into movies.<br /><br />That guy is older than 50 and so far he almost only played in mediocre TV series - and even there he didn't play the main parts. Obviously nobody ever noticed, what he's capable of. Now, thanks to QT, he got one shot to change that - and - let's put it this way - that was a bingo! He is the living proof of what a great caster Tarrantino is.<br /><br />By the way: I think it's a great privilege to watch the movie as a German - being able to understand everything. And the German dialog is written almost as good as the English.<br /><br />Now I could repeat, what many others have written here before. I'll put it short: Finally, QT is back.",positive
"Unfortunately, SpaceCamp came out about the same time as the Challenger Explosion. Which really put a crimp on when to bring it out or even if they should, bring it out. I'm glad they did. I first watched SpaceCamp at a drive-in movie. Which really enhanced the viewing a lot.<br /><br />While I had heard of Lea Thompson and Tom Skerritt. I had never heard of the others in the movie. So, it came as a big shock to me to find all those youngsters acting, and acting real good! Of course, Kate Capshaw was excellent too.<br /><br />I especially liked the scenes, where those kids were being shown how to act, as a team. The scenes of the kids being prepared for a trip they could only hope for. The actual launch of a spacecraft, is of course, old news to us. However, this one was different.<br /><br />All in all, this is one of my most treasured films. Escapist maybe, but it was fantastic for a space nut like me. After probably renting it for 30 - 40 times. I finally found it available in a certain store and bought it. Now, if it only comes out on DVD. I will probably have it forever. This movie gets a 9 out of 10 from me.",positive
"Well...now that I know where Rob Zombie stole the title for his ""House of 1,000 Corpses"" crapfest, I can now rest in peace. Nothing about the somnambulant performances or trite script would raise the dead in ""The House of Seven Corpses,"" but a groovie ghoulie comes up from his plot (ha!) anyway, to kill the bloody amateurs making a low-rent horror flick in his former abode! In Hell House (sorry, I don't remember the actual name of the residence), a bunch of mysterious, unexplained deaths took place long ago; some, like arthritic Lurch stand-in John Carradine (whose small role provides the film's only worthwhile moments), attribute it to the supernatural; bellowing film director John Ireland dismisses it as superstitious hokum. The result comes across like ""Satan's School for Girls"" (catchy title; made-for-TV production values; intriguing plot) crossed with ""Children Shouldn't Play With Dead Things"" (low-rent movie about low-rent movie makers who wake the dead); trouble is, it's nowhere near as entertaining or fun. ""The House of Seven Corpses"" is dead at frame one, and spends the rest of its 89 minutes going through rigor mortis, dragging us along for every aching second...",negative
"I bought Dark Angel seasons 1 & 2 two weeks ago, after catching a couple of season 1 episodes on Channel 5. Nothing prepared me for how brilliant the show is. I haven't enjoyed anything as much since Firefly (also and amazing show). I'll admit Season 2 wqasn't quite as good, but there are still some amazing episodes (see Designate this, Bag 'Em, the Berrisford Agenda, Harbor Lights, Freak Nation etc.) and Alec is great. I've heard some of the plans for the would-be season 3, and I have to say, I can't believe it was cancelled - I won't spoil it for you - but it would have rocked! I also think it has a lot of potential as a movie (although at the moment it seems highly unlikely). As proof of my obsessiveness, Max's barcode number is 332960073452, and in the two weeks I've had it, I am 3 episodes away from having watched both seasons twice. It's just too good.",positive
"One of the most macabre, depressing, yet eye-opening docs. I've watched in awhile. There's no narration or story that's told, just a ""third eye"" type camera following around 2 couples of heroin addicts in NYC through the seasons. Watching them shoot up on the floors of public washrooms then ""clean"" their needles in the public toilets... sometimes it's a bit too much and you need to hit pause just to go for a breather.<br /><br />Anyone currently in recovery of alcohol/drug addition should watch this when they're craving - it really shows you to what you could be going back to! After seeing this it's a wonder how anyone could even try this drug to begin with.<br /><br />The only thing it needed was a follow up at the end to tell where these people are today. Judging from what is shown in the doc., there's no hope for any of them. They mention wanting to get better and quit, but it seems the only end to their habits is to quit by way of dying.<br /><br />This definitely isn't for all audiences. I found myself kind of like watching a car accident - after I started watching it I just couldn't turn it off. I had to keep watching with a dark/morbid fascination of what it's like inside the lives of these addicts.",positive
"In what I can say was a theft of my time I was taken to see this movie and I must say what a horrible experience. Fay Ann Lee is a terrible actress and is unconvincing in this movie. Larryjoe76 is obviously a shill reviewer. The plot is thin to say the least, the Cantonese dialog is not funny. See this movie at your peril.<br /><br />David Tang from Shanghai Tang should be after the movie for the little or no revenue this movie will generate. The banal plot attempts to compete with other rom-coms out there, and just blends into the scenery. It was like watching paint dry. <br /><br />In short this movie was a total waste of time and space. I've seen better movies on youtube.",negative
"Jack Brooks' quirks are, at first, somewhat charming and lend to the deliberately campy feel of the beginning of this movie.<br /><br />I found myself getting angrier and angrier as I was duped into seeing this one through to the end, in hopes that the payoff would be worth the super-tedious wait.<br /><br />The climax can't begin to make up for all the setup time.<br /><br />Normally one might expect shallow characters from this genre. But the fact that the wait-time-before-action index is so high, should mean that the meantime would be devoted to some interesting character development.<br /><br />Not so.<br /><br />While not without its initial charms, this movie ultimately infuriates, and disappoints.<br /><br />Wish I could get all that setup time back, to reinvest it into something that pays off.",negative
"Check out the first 20 minutes even though the suspense hasn't yet kicked in. We get a pretty good look at super-secret Los Alamos just a few years after the big bomb test that helped end WWII. Except for the tight security, it looks unthreatening enough. Note how it's a TV repairman, an obvious regular guy, who takes us through security. Once through, it's like any-town-USA, nice homes, quiet streets, kids going to school, and a family TV on the blink. Later on we see little Tommy and little Peggy frolicking along streets lined with impressive looking facilities separated by locked gates. The movie appears to be saying, ""Okay, we're tough, only because we have to be. But, basically, we're still just folks.""<br /><br />Now, I expect that was a comforting message to Cold War audiences still not used to government's ""dooms-day"" research. It's a clear effort at popular reassurance. The one darker note is when Tommy's mother (Clarke) worries about her son's mental state. He doesn't say, ""When I grow up""; instead, it's, ""If I grow up"". That note of doubt not only reflects a Los Alamos reality, but also a national one that in 1952 had just seen footage of the apocalyptic H-bomb. Note too, how professionally FBI agents are portrayed, a standard feature of McCarthy era fare. When brute force is needed, it's not they, but private citizen Gene Barry who thrashes out the informationan early version, I suppose, of modern era ""rendition"".<br /><br />Once the kidnapping occurs, the suspense doesn't let up. The intrigue is nicely handled with colorful LA locations that keep us guessing. The climactic scenes around the cliff dwellings may not be plausible as a hiding place, but the view of northern New Mexico is great. Then too, the ancient stone apartments amount to one of the more exotic backdrops of the decade. Note also the extensive use of the police helicopter just coming into use as a law enforcement tool. Among an otherwise subdued cast, Nancy Gates remains a sparkling presence as teacher Ellen Haskell. Never Hollywood glamorous, she was still a fine unsung actress and winning personality. I also expect this was one of director Hopper's more successful movie efforts, and though people have since gotten used to the nuclear threat, the movie remains a revealing and riveting document of its time.",positive
"I saw this film opening weekend in Australia, anticipating with an excellent cast of Ledger, Edgerton, Bloom, Watts and Rush that the definitive story of Ned Kelly would unfold before me. Unfortunately, despite an outstanding performance by Heath Ledger in the lead role, the plot was paper thin....which doesn't inspire me to read ""Our Sunshine"". There were some other plus points, the support acting from Edgerton in particular, assured direction from Jordan (confirming his talent on show in Buffalo Soldiers as well), and production design that gave a real feel of harshness to the Australian bush, much as the Irish immigrants of the early 19th century must have seen it. But I can't help feeling that another opportunity has been missed to tell the real story of an Australian folk hero (or was he?)....in what I suspect is a concession to Hollywood and selling the picture in the US. Oh well, at least Jordan and the producers didn't agree to lose the beards just to please Universal...<br /><br />Guess I will just have to content myself with Peter Carey's excellent ""Secret History of the Kelly Gang"". 4/10",negative
"Avida is a game of words mingling life and eagerness, but I personally think this movie was overblown by its ambition and does not make justice to its title. It gathers a set of awkward characters united by unbelievable links. Furthermore, the way everything is connected at the end is, in my opinion, a bit pathetic. What remains of it was a set of images... an interesting one, but not enough to make this a good movie. <br /><br />I believe this film is supposed to be a comedy, but I surely didn't noticed! The nonsense and caricatural nature of the movie is actually the only good thing about it, but when it drags on an on and on it becomes no longer bearable. I have to say I fought hard to continue seeing it until the end, and I am still not sure it was worth it...",negative
"Ostensibly this is a Z-grade DTV horror film.<br /><br />But with lines like :<br /><br />""It's easy to die, I have, many times""<br /><br />and<br /><br />""Why are you reading that book ?"" ""Because it makes the plot more interesting""<br /><br />and<br /><br />""You made your way in here, now you can make your way out again !"" (after he leads a man into the basement)<br /><br />(and take a listen to what they chant)<br /><br />- it's not that clear what this film, made in the era known for post-structuralism, is actually about, or whether its just bad film-making. The acting is atrocious, but some actors I know, so are they hamming it up ?<br /><br />An old house, cut obviously with a contemporary dwelling, is the site of murders. A (bad) film is made in the grounds and the story replays again.",negative
"Directed by Michael Curtiz, Four Daughters is about four musically gifted sisters, their suitors, and their father, a minor conductor.Playing sardonic, quick talking Mickey Borden is John Garfield in the role that made him an instant star.The movie also stars Claude Rains as Adam Lemp and the Lane sisters, Lola, Rosemary, and Priscilla, and Gale Page as his spirited daughters.Its definitive scene takes place in the Lemps' living room. Cigarette hanging from his lips, Borden is playing one of his own compositions. Priscilla Lane's Ann Lemp tells him the piece is beautiful. But he says, ""It stinks."" He continues: ""It hasn't got a beginning or an end, only a middle."" Ann urges him to create a beginning and an end. Borden replies, ""What for? The fates are against me. They tossed a coin--heads I'm poor, tails I'm rich. But they tossed a two-headed coin."" Audiences loved the way Garfield, in his tough city voice, said It stinks. That scene created Garfield's screen persona as the eternal outsider. Four Daughters is a slice of Americana with Garfield, in a compelling performance, supplying more than a hint of darkness.<br /><br />",positive
"In a word, this film was boring. It lacked life and spark. A big problem is with the two leads. Jude Law and Gwyneth Paltrow had no chemistry whatsoever. He was boring, and she was annoying. <br /><br />The visuals were interesting, but they didn't enhance the scenes. If anything, the visuals tended to detach the audience from what was happening on screen. None of the action sequences felt real, and hence, the film failed to create any real drama or a sense of danger.<br /><br />The film had potential, but it needed a better script, better acting, and a better director. I kept thinking during the film, you know, this movie would've worked if Harrison Ford was Sky Captain, Karen Allen was Polly, and Steven Spielberg was the director. <br /><br />Ignore the critical acclaims for this film. The critics I think are praising the film because they *want* to like it and want it to succeed even though it fails on so many different levels.",negative
"For three quarters of an hour, the story gradually develops towards a pivotal point of some sort. Although it is overburdened with scenes that just seem to be intended to dull the viewer and lure him away from the actual plot, there is something happening. It is not much and it certainly is not obvious. The combination of palace impressions and story-driving scenes do not add any depth or insight to the whole cast of characters. In fact, they keep them sterile as there is no character development at all. Everybody just remains spinning and centered around their own cliché and role - the cute, kinda headstrong girl; the fighting überwoman, the snobby aristocrat. The male lead does not seem to have any distinction at all, he is a shallow presence, which, actually, doesn't even matter as he is only there because the storyboard required him to - it seemed like he was on vacation and got caught up. When the point comes of turning the corner in terms of what happening, the movie first snaps completely blank for a couple of minutes and then becomes ridiculous. It solves - or better, dissolves - itself with a by-the-book Deus Ex Machina, more clichés and some of the most crude plot devices and choices I have ever seen. It's history, alright. First the movie's a drama though it's supposed to be comedic, and then it turns into a farce. The protagonists do what they are expected to do, and there are no surprises. The first set of somewhat serious antagonists however gets replaced by a couple that literally was just bored. Maybe that was some kind of nod towards the audience.<br /><br />This movie does not get any bonus from me for underlying philosophical meaning (since there is none) nor for its technical realization. The animation and editing is fair and so's the sound mixing; but it is by no means outstanding or even above the average Japanese productions of the late 1980's. In fact, the visual treats seem static, un-inspired and un-original.<br /><br />Worst of all - it totally fails to entertain, even if you don't bother with characters and all that stuff. There's too little going on here, and the rest is corny at best. Get a real Ghibli instead, have a feast with it and keep your fingers off this one.",negative
"I couldn't not recommend a Christmas movie more than this worthless piece of drivel (trust me, double negatives are required here -- it's that bad). This film was in trouble from the opening credits when it was revealed that the screenwriter was the same person as the songwriter. The musical numbers are all far too long and none of them any good (""Thank You Very Much"" has a decent melody, but the lyrics are stupid beyond words). I would gladly bear the chains worn by Scrooge in the film's bizarre hell sequence than sit through this insult to movie musicals again.<br /><br />The only entertaining part of this movie (completely unintentional by the way) involves Alec Guinness as Jacob Marley. Dressed in a silly powder white costume, Guinness foppishly prances through his scenes in what was either an attempt to make it appear as though he was floating like a ghost, or to show his utter disdain with having to be in this dreadful movie. Albert Finney, meanwhile, blends the best of Alistar Sim and Charles Laughton to create his hopelessly loathsome character of Quasimodo/Scrooge. Finney's Scrooge is so hideous a person, it's impossible to believe his transformation.<br /><br />Steer clear of this abomination of filmmaking at all costs.",negative
"I happened upon this film by accident, and really enjoyed. Timothy Busfield's character is without redeeming qualities, and at one point, Busfield and star Meloni ogle women as they pass by...Meloni's take on the parade is different from Busfield's. Janel Maloney is terrific...She looks very much like Tea Leone, but the major difference here is that Janel can actually ACT. Some very nice things in this film and well worth your attention when it's on cable.",positive
"This film is advertised as a clever romantic comedy. It is neither clever nor romantic and it is definitely not an effective comedy. The fortunes of the well meaning yet pathetic character, ""Tom"", oscillate from one extremely embarrassing disaster to another. The only saving graces are the competent performance by Toni Collete and the frequency with which we glimpse Paltrow's pleasant face. Overall, to be avoided!",negative
"I watched this movie and the original Carlitos Way back to back. The difference between the two is disgusting. Now i know that people are going to say that the prequel was made on a small budget but that never had anything to do with a bad script. Now maybe it's just me, but i always thought that a prequel was made to go set up the other movie, starring key characters and maybe filling in a bit about life that we didn't know. Rise to Power is just a movie that has Carlito's name. There should have been at least a few characters from the original movie, the ending makes no sense in relation to the original. In the end of this movie he retires with his sweet heart but how the hell do we get him coming out of prison in the next movie? And his woman isn't even the same woman that he talks about as his only love in the original. I would say the movie is mildly entertaining in its self, with a few decent bits but it pales when held up to it's big brother. Don't lay awake at night waiting to see this, watch the original one more time if you really need a hit.",negative
"I only saw this film once a quarter of a century ago, yet it's impact has never left me and I can still remember even now my reactions to it.I was mesmerised by the breadth and the sheer beauty of so much of the photography. I was astounded that an American studio could produce such a European film with it's slow pace and its unfocused plot. The lack of any strong characters felt like a flaw but I raged at the completely unnecessary ending on the yacht which seemed as though it was bolted on to give some kind of plot cohesion and which was entirely at odds with the style of the rest of the picture.It was also refreshing to see a western which made no pretence about the brutality and exploitation that so often was the unfortunate detritus of the American Dream.The western scenes and sets also had an authenticity which was entirely new to me and which prefigured the recent Deadwood series.The film was massively cut for the American audience and its my very real wish that in these days of Director's Cuts that Michael Cimino is given the opportunity of a fresh edit in the light of reflection - a cut which could turn this ill fated movie into the masterpiece it had the potential to become. I have now seen the original first cut and the network of relationships makes so much more sense,although Christopher Walken is responsible mainly for carrying this off. If only De Niro and not Kris Kristofferson had Played the main lead!There was still a massive preoccupation with creating the reality and atmosphere to the detriment of a good script. Nevertheless, the camera work was so cleverly handled that at times you could almost believe you were inside the action yourself.And there were many special moments. Everybody arguing in the hall in different languages trying to overcome their national differences and seek some unity of action in face of the impending disaster gave a real insight into the difficulties facing the welding together of the USA: especially when the threat came from a combination of the old elite and money.Nate's faltering approach to Ella when she first visited his cabin stood in stark contrast to the violence that was to follow and was another one. I had a special showing with a large group of mates to see the new cut and we all enjoyed it whilst having varying reservations.This revisionist and much closer to the truth version of events was probably too much for Americans to take when the film was first released but we all felt it had enormous merit and that its place in cinema history was also due for major revision",positive
"A gang of bandits lead by the shrewd, rugged, ruthless Monetero (a perfectly imposing performance by Gilbert Roland) steals $300,000 worth of gold coins during a daring train robbery. But untrustworthy member Bahunda (an amusing turn by Jose Torres) makes off with the coins and hides them. Unfortunately, Bahunda gets killed before he can tell Monetero where he stashed the booty. So Monetero has to join forces with cunning, cocky, enigmatic bounty hunter the Stranger (smoothly played by the handsome George Hilton) and cagey, corrupt banker Clayton (a delightfully weaselly portrayal by 50's teen idol Eddie ""Kookie"" Burns) to find the coins. Skillfully directed by Enzo G. Castellari, with a clever, complex and twist-laden script by Castellari, Tito Carpi, and Giovanni Simonelli, a playfully amoral and nihilistic tone (everyone keeps double and triple crossing each other with happily greedy abandon), a twangy, flavorsome, spirited score by Alessandro Alessandroni and Francesco De Masi, plenty of stirring shoot-outs and rousing rough'n'tumble fisticuffs, a wickedly sly sense of self-mocking humor, a steady pace, and a real doozy of a surprise ending, this giddy and often hilarious feature makes for an inspired send-up of Sergio Leone's ""The Good, the Bad and the Ugly."" Popping up in nifty secondary parts are the luscious Stefanie Careddu as Monetero's fiery gal pal Marisol, Ivano Staccioli as a hard-nosed army captain, and Gerard Herter as flinty lawman Lawrence Blackman. An immensely amusing and enjoyable romp.",positive
"Not only does the film's author, Steven Greenstreet, obviously idolize Michael Moore, but he also follows in his footsteps by using several of Moore's Propaganda film-making tactics. Moore has expertise in distracting the viewer from this focus though, while Greenstreet is obviously less skilled here.<br /><br />Having been privy to all of the issues surrounding Moore's speech at UVSC, I was disappointed to see that the major complaints of the community -- that Moore was being paid $40,000 of the State of Utah 's educational funds to basically promote John Kerry's campaign and to advertise his own liberal movie -- were pushed to the background by Greenstreet while lesser issues were sensationalized.<br /><br />The marketing methods for this video have been equally biased and objectionable... promoting the film by claiming that ""Mormon's tried to kill Moore"". Not only is this preposterous, but it defames a major religion that Greenstreet obviously has some personal issues with. I followed Moore's visit very closely, and all of the major news agencies noted that Moore's visit came and went without any credible security problems or incidents in Utah.<br /><br />Greenstreet has banked on this film to jump-start his film-making career to the point that he has even dropped out of film school to help accelerate this. This seems to have been a severe miscalculation though, since Moore's visits to roughly 60 other colleges and Universities across the country in 2004 diluted interest for this rather common event. Greenstreet's assumption that American audiences would be interested in this film due to the promoted religious and conservative angles doesn't seem to be well founded.<br /><br />Even the name of the film, This Divided State, is somewhat of a misnomer since Utah voted overwhelmingly for Bush's re-election and thus appears to be more politically unified than any other State. The division in the movie title seems more indicative of the gulf that exists in Greenstreet's ideological differences with his religion and State. If anything, I find a humorous correlation between the religious angle of this supposed documentary and Woody Allen's hilarious contention in Sleeper (1973) that, ""I was beaten up by Quakers"".",negative
"Ali G Indahouse has got to be one of the funniest films I've seen in a long time, and Cohen's portrayal of a British gangsta is hilarious. This film has cult classic written all over it, and it features some really great lines. Ali G Indahouse is a good-time party movie that will leave the viewer laughing literally from beginning to end. Definitely Vote Ali G and keep it real.",positive
"This is a movie that gets better each time I see it. There are so many nuanced performances in this. William Tracey, as Pepi, is a delight, bringing sharp comic relief. Joseph Schildkraut as Vadas, is the only ""villian"" in the movie, and his oily charms are well used here. Frank Morgan, is delightful as the owner of the title shop, Mr. Matuschek, and his familiar manner is well used here. I especially liked the performance of Felix Bressart, as Pirovitch. Very believable in every facet of his role.<br /><br />The two leads are equally accomplished, with Margaret Sullivan doing an outstanding job of portraying a slightly desperate, neurotic, yet charming and attractive woman.<br /><br />This movie belongs to Jimmy Stewart though. The movie is presented from his point of view, with the action rotating around him. Mr. Stewart is more then up to the task of carrying the movie, with an amazing performance that uses a wide range of emotions. Just watch Stewart, when he is fired from his job, because of a misunderstanding. He is able to convey the shock, anger, fear and embarrassment that so traumatic an event causes, so perfectly. In my estimation, James Stewart is, without question, the greatest film actor in the history of the medium. There is no one else that has ever been captured on film that is able to so completely convey what he is feeling to an audience. At the time he made this movie, he still had most of his career ahead of him, yet he is completely the master of his craft. This is one of Jimmy Stewarts best movies, and also one of the sweetest, most enjoyable romantic comedies you will find. I greatly recommend this movie, especially for those that appreciate the work of Stewart.",positive
"Well done melodrama that tells the story of Sally, tomboy dancer in the circus, raised by sideshow performer McGargle (played by W.C. Fields), he of the top hat, little mustache, checkered pants, and proficiency as juggler, pickpocket, and runner of carnival con games like Three Card Monte and the Old Shell Game. McGargle has raised Sally, who worships him as her ""real father"" since Sally's mother (kicked out of her home by her father, a judge, when she married a ""circus man"") died and left Sally orphaned. Sally is feisty and loyal to McGargle no matter what he gets up to - but McGargle seems to feel a bit of guilt over keeping her in the circus instead of with her own family all these years. When they end up performing in a carnival in the town where her wealthy grandparents live, McGargle uses the opportunity to ""investigate"" Sally's real family, with the idea that he may restore her to them. But grandfather the judge takes an immediate disliking to Sally 'cause he doesn't like a ""show girl"" - what a stern, narrow-minded man he is, a real piece of work that guy! And meanwhile Sally is busy being pursued by a handsome and rich young man, son of the man who helped grandpa get his riches.<br /><br />This is a very good film with a few laughs here and there and a sort of odd editing style (I don't know how to describe this other than it shows long shots, then sort of jumps back a few seconds or changes angle suddenly as a close up is shown). Carol Dempster, who plays Sally, is delightful here - quite cute and comical in her performance. W.C. Fields, even without his famous voice, is very funny - just the way he moves and his amusing, comical reactions to things (like a small dog seen in one funny scene), we even see him juggling briefly in this. I love the few peeks at the old-fashioned circus and carnival that is shown here. The print of this featured on the DVD is very nice looking, tinted a light sepia tone, and the piano score for this is really excellent, performed by Philip Carli based on the original cue sheets.",positive
"Okay, here is a really short review: this movie blowed. I wish I could just have a review that stated this simple principle, but I must bore you with more bad review type words like 'horrible' 'clichéd' and 'unwatchable.' It's the type of film you watch when you are drunk or are stuck on a desert island with nothing else to do. Here's the premise: the vice president is captured by a terrorist group at a play-off hockey game and only Van Damm can stop the madness. Truly, truly terrible, but then again, I didn't pay to see it the first time around and only my dad felt the absence of girth in his wallet after this movie. I hate the fact he is a Republican and all, but then again, he did spare me the horror of paying for this piece of garbage. Okay, that is now enough space to be recognized as a review, so I bid adieu.",negative
"Much like the comedy duo of its title, ""The Sunshine Boys"" has become a forgotten classic 30-odd years later. It's hardly mentioned alongside other great film comedies of the 1970s. This makes no sense given the singular specialness of this film, perhaps the best Neil Simon ever wrote.<br /><br />Walter Matthau plays Willy Clark, once half of a legendary vaudeville comedy known as Lewis and Clark, now a bitter 73-year-old solo act who can't get a job in a potato chip commercial. His nephew and agent Ben (Richard Benjamin) is sure he can get work if Willy will only agree to reunite with his estranged partner Al Lewis (George Burns) for an ABC-TV celebration of show business nostalgia.<br /><br />Nostalgia is what ""Sunshine Boys"" has going for it in spades, right from the start when a series of 1920s film clips showcasing various entertainers from long ago flickers before us to the accompaniment of Cole Porter's ""Be A Clown"". Then there's the film's present-day setting in Manhattan, where flared trousers and wide polyester ties abound. The periods collide in Willy's glorious mess of a Manhattan apartment, where framed photos and cartoons of long-dead celebrities stare out from the walls at lurid tabloid headlines and empty Zabar grocery bags. If you were alive in the 1970s like me, you might even feel like you were in that apartment.<br /><br />Willy clearly has been living there too long. He's sleeping in front of the television when the kettle in the other room boils. Willy wakes up and picks up the phone.<br /><br />""Hello, who is this?"" A pause. ""Never mind, it's the tea.""<br /><br />Old men living alone can be sad material in almost anyone else's hands, but Simon's deft wit and unerring feeling for character turns this adaptation of his 1972 stage hit into comedy gold. The amazing thing about ""The Sunshine Boys"" is how much it rubs your noses in Willy's almost existential condition without turning you off at all. ""89 years old and just like that, he dies of nothing'"" Willy says of one old songwriting friend, before deciding the man probably died from writing a song that rhymed ""lady"" with ""baby"".<br /><br />Burns won an Oscar for his understated performance as the gentle but steely Lewis, but it's Matthau who brings this one home, his make-up and proud but ragged bearing really selling you on the idea he was already 73 when he made this. Willy is obnoxious in the extreme, fully deserving Ben's description ""crazy freakin' old man"", but you root for him throughout, enjoying his small victories even when they come at the cost of others' patience. His lines kill you, too, especially when he's trying to kill Lewis, for whom the TV reunion turns out to be a bad idea.<br /><br />""You're out of touch!"" Willy tells Lewis at one point. ""I'm still in demand. I'm still hot!""<br /><br />""If this room was on fire you wouldn't be hot,"" Lewis replies.<br /><br />Director Herbert Ross shoots everything in a very casual and understated way, with low lighting and mid-range shots even in emotional moments so as to leave room for the comedy and the film's overall zen message of grace through quiet acceptance. You never get the feeling you are watching a movie, one of ""The Sunshine Boys"" many charms, and Ross's direction, like the acting of the three principals, goes a long way toward achieving that end.<br /><br />Comedy is hard, especially when the subjects are people watching life pass them by, but ""The Sunshine Boys"" makes it all seem a pleasure, because, for us watching, it is.",positive
"Due to budget cuts, Ethel Janowski (again played by Priscilla Alden) is released from a mental institution (even though she killed six people) and delivered to the Hope Bartholomew halfway house. Once there, she immediately relapses into her criminally insane ways and kills anyone who gets between her and her food.<br /><br />HOLY MOLY! Does this movie suck! You know you are in trouble when the open credits start up and they are just the credits from the first film, apparently filmed off a TV screen. Nick Millard (under his pseudonym Nick Phillips) decided to return to the world of Crazy Fat Ethel over ten years later and with a budget that probably covered the cost of a blank tape and a video camera rental for the weekend. Let's just say that Millard's unique style doesn't translate well to video. Seriously, I have made home movies with more production value than this. And Millard tries to pull a SILENT NIGHT, DEADLY NIGHT 2 by padding half the running time with footage from the first film (which looks like it was taken off a worn VHS copy). Alden is again good as Ethel but the film is so inept that you start to feel sorry for her for starring in this garbage. I mean, at least the first film tried. Here we have no music, weaker effects (if that is at all possible), shaky camera work, horrible audio and editing that looks like it was done with two VCRs hooked up. Avoid this at all costs!",negative
"If you haven't seen this, it's terrible. It is pure trash. I saw this about 17 years ago, and I'm still screwed up from it.",negative
"Now I know that a lot of black humor pokes fun at typical black things like for example gold teeth. But that doesn't mean that they always are funny. Don't be a menace is an example of this. The urban movie certainly lends itself for satire. The problem is that Wayans and consorts not only try satirize the typical 'ghetto' culture, they also belittle valid statements that are made in urban movies such as Boyz 'n' the Hood or Menace II Society. Personally I think that the makers of this movie should get their heads away from the bowel movements of their white masters. Besides this, the movie in itself is terrible. It's absolutely not funny. The jokes are racist. Instead of satirizing the urban movie genre, the moviemakers show their views of the 'ignorant' urban (ghetto) blacks. Now there are some other jokes in this movie, but I believe this to be the main fare.<br /><br />In conclusion this movie is crap and the makers should use their talents to make a constructive comedy/satire movie. They have examples in Men With Black Hats (which was made before this movie) and Friday.",negative
"Bettie Page was a icon of the repressed 1950s, when she represented the sexual freedom that was still a decade away, but high in the hopes and dreams of many teenagers and young adults. Gretchen Mol does a superb job of portraying the scandalous Bettie, who was a small town girl with acting ambitions and a great body. Her acting career went nowhere, but her body brought her to the peak of fame in an admittedly fringe field. Photogrsphed in black and white with color interludes when she gets out of the world of exploitation in New York, this made-for-TV (HBO) film has good production values and a very believable supporting cast. The problem is, it's emotionally rather flat. It's difficult to form an attachment to the character, since Bettie is portrayed as someone quite shallow and naive given the business she was in. The self-serving government investigations are given a lot of screen time, which slows down the film towards the end. But it's definitely worth watching for the history of the time, and to see the heavy-handed government repression that was a characteristic of the fifties. 7/10",positive
"This film sat on my Tivo for weeks before I watched it. I dreaded a self-indulgent yuppie flick about relationships gone bad. I was wrong; this was an engrossing excursion into the screwed-up libidos of New Yorkers.<br /><br />The format is the same as Max Ophuls' ""La Ronde,"" based on a play by Arthur Schnitzler, who is given an ""inspired by"" credit. It starts from one person, a prostitute , standing on a street corner in Brooklyn. She is picked up by a home contractor, who has sex with her on the hood of a car, but can't come. He refuses to pay her. When he's off peeing, she answers his cell phone and takes a message. She runs away with his keys.<br /><br />Then the story switches to the contractor, who pays a professional call on a rich, bored New York woman, who plays with him until he is aroused, then she pulls away. She tells him how desperate and unhappy she is; he tells her how beautiful she is, and lucky. As he is leaving, she asks if he would have sex with her. She sits on top of him, bounces up and down. This time he comes, the he leaves.<br /><br />The woman and her husband throw a dinner party for their trendy friends. Hubby (Robert) is talking business, wife (Ellen) is bored, and switches the subject to sex, and how often men and women think about it. Husband switches conversation to desert. Later, after the guests leave, Ellen tries to entice Robert into sex. Robert wants none of it, and puts on a jazz record. Ellen turns on the radio; Robert turns up the music; Ellen turns on the TV; Robert turns on another TV. Cacophony ensues. Ellen goes up on the roof, Robert joins her. Ellen confesses that she needs to experience more men, men other than Robert. Robert says that he too needs to experience men.<br /><br />We next follow Robert as he visits an artist, Martin, played by Steve Buscemi. I wish Buscemi could have more roles like this, where he is a sexy, smart, totally desirable guy. Robert praises Martin's work, much more than it deserves, promises to get it into a show. Martin is excited, until it turns out that Robert is speaking out of his groin, it is all a mating dance. Robert tries to kiss Martin, on the lips, and Martin pulls back, saying that he is not gay. Robert asserts that he's not gay either, Martin scoffs. Both admit that the artworks are bad. Robert is about to leave, when Martin allows Robert to kiss him. They make out, and Robert goes down on Martin.<br /><br />Next we follow Martin, as he prepares for an art show at a Manhattan gallery. He is smitten by the receptionist, Anna, played by Rosario Dawson. (I had to cut some of this review to keep it under 1000 words) ... and they make love to each other.<br /><br />We next follow Anna, who is sitting at a lunch stand. Her boyfriend, Nick (Adrian Grenier), enters, bearing flowers. She is cold toward him; he tries to figure out why. He coaxes out of her the information that she has had sex with someone while he was in San Francisco. She coaxes out of him the fact that he has stayed with his ex-gf while in San Francisco, and had sex with her. The latter revelation turns out to be a lie. The two of them make out in the luncheonette, but she decides that they must break up. Nick is heartbroken.<br /><br />And we follow Nick, who confesses his troubles to an older woman who he meets on a park bench, Joey (Carol Kane). Joey is sort of weird and child-like, but is a good audience for Nick, who needs a sympathetic ear. The two of them go to Coney Island at night, and look at the stars. Nick falls under Joey's spell, despite the age difference between them. They go back to Joey's apartment, and Nick gradually realizes that he is about to have sex with a crazy old woman. She is on top of him, doesn't want to let him go. But he manages to escape.<br /><br />(This is, by the way, the best Carol Kane role since she played Latke's wife in Taxi.) Joey's phone rings, and it is a man calling the Psychic Friends Network, and Joey is one of the psychic friends. Although she is still hurting from Nick, she gradually gets into her psychic shtick. The man is at his office, late at night, and wants to have phone sex with her. Although that is not Joey's business, Joey goes along, and coaxes the man to come. She wants to keep talking, although the man want to get off the phone, and finds out that he has embezzled a lot of money from his company, and will be found out tomorrow. His life is ruined. Joey realizes that the man is going to commit suicide, and she tries to make him believe that she is his friend, that she cares about him. And she does care about him.<br /><br />But the man packs a gun into his briefcase, and goes off to seek a prostitute on the Brooklyn waterfront, and we come back to the beginning, to the same prostitute who started out La Ronde. She wants to give him $75,000 in cash if she will kill him. He tried to kill himself, but couldn't do it. The prostitute does not want to do it, but he insists, holding her hand, holding the gun inside his mouth, telling her where to aim. Eventually, the gun goes off, and we see the prostitute walking down the street, and arriving at the corner where she normally does business. The contractor who didn't pay her earlier in the movie drives up, rolls down the window. They look at each other. THE END.",positive
"Boasting the title for the sickest film ever made, PINK FLAMINGOS is an undisputed classic. Sure, the camerawork is shaky and off-center, the story is muddled and slow-paced, and every single character in the movie is repugnant and despicable, but PINK FLAMINGOS has a certain playful charm and brilliant satiric wit that no other movie can match.<br /><br />While this film is indeed an offensive one, reading descriptions of what goes on in the movie is much worse than actually seeing it. Only John Waters can succeed in making rape, murder, sadism, cannibalism, coprophagia, and just about every other form of human debauchery known to man seem absolutely hilarious. This movie must be seen to be believed.",positive
"This is a witty and delightful adaptation of the Dr Seuss book, brilliantly animated by UPA's finest and thoroughly deserving of its Academy Award. Special mention should be made of the superb music score and sound effects, which are an integral element in helping to make this such a memorable and enjoyable cartoon. Later episodes in the series (of which there were four in total) were not actually based on original Dr Seuss material, although all but the last continued to use his familiar rhyming style. The three sequels were: Gerald McBoing Boing's Symphony (1953); How Now Boing Boing (1954); Gerald McBoing Boing On Planet Moo (1956) - although he also appeared in a later episode of Mr Magoo.",positive
"Jim Wynorski strikes again with the very literal minded KOMODO VS. COBRA. No guesswork here. A giant CGI komodo dragon -- it sort of looks like a dog minus fur -- takes on a humongous CGI king cobra, with a bunch of tree huggers and others caught in between. The tree huggers get charter boat captain Michael Pare (who else?) to take them to an off-limits federal island. An experiment by a mad scientist in growing very large veggies has become an experiment in growing very large critters, thank so to our nutty military. Now all that's left on the island are the very large critters and the mad scientist's tiny, shapely daughter. The group runs into her at the old plantation lab, the monsters arrive, and the chase is on. If you watch enough Wynorski/Sci-Fi Channel flicks, you'll recognize some of the sets and locations from many other movies. Acting is nonexistent, as is the plot. At the very least, you can enjoy watching the badly animated compo/dog stomp down on its intended victims just before scarfing them up. The cobra just strikes and swallows. No imagination at all.",negative
"I went into this movie with very little in terms of expectations. I went with my girlfriend and two friends, and none of them could explain the story of the Grudge 1 to me. Well, if the first one couldn't leave an impression on them to explain the plot, then I doubted this one would be any better.<br /><br />Let me summarize what the trailers let you know: The Asian lady is back and so is Sarah Michelle Gellar. Luckily for her, she isn't around very long. That decision may have saved her career.<br /><br />The movie has three story lines, and none of them make sense. And even worse, none of them are developed. You almost start to understand, and then someone dies and the story gets left behind. Okay, killing people could be scary, but I was left more confused over the attempted plot development than I was frightened. They jump back and forth between all three story lines, which aren't related... OR ARE THEY?!?! *SOUND EFFECTTT*~~~ The timing of the three stories are displaced, and you can tell right at the start that the movie is going to have a twist at the end. BE PREPAREDDD. Oh Wait. Sorry, this isn't a Fight Club or Vertigo quality twist, you could see this one coming from miles away. And probably envisioned a MUCH better twist in your head... they should've hired me. Instead of the girl making her ""SURPRISING"" appearance, maybe it could've been Michael Jackson instead? That part of Scary Movie 4 scared the crap out of me.<br /><br />The killing sequences were terribly done. Unlike horror movies of the past, where a killer pops out of nowhere, a closet or behind a door for example, and everyone in the theatre jumps (and subsequently the fat guy behind you spills popcorn down your neck)- this lacked any frightening pop ups. They zoomed in on where the random Asian woman or kid would show up, and you knew exactly what was coming. Instead of having the music get really loud, then quiet, then a pop out to psyche you out, the music actually gave you timing for the scary scene. If I know it's coming, it won't scare me.<br /><br />The movie began with explaining what the ""Grudge"" is; when a person is killed during a fit of rage, a curse is placed on the location where she was killed. So why does the Asian lady being cursed by her mother have any significance to the story? And why is the grudge now moving countries? This movie was absolutely terrible.<br /><br />All it did was leave me begrudging my friends for making me go- we should've seen one of those animated Pixar movies. It would've been scarier.",negative
"I couldn't stand to watch very much of this crap. This is your standard junk that certain annoying women love- old English era drama with lots of costumes and cliché characters that seem to be plucked from either directly from oliver twist or some other dickens novel. This uses the usual clichés from the Victorian era. Certain idiotic people really think that the whole emotional torture of that culture being so bloody repressed is somehow fascinating and romantic. This is sap, pure and utter junk and boring as watching grass grow. As such it is perfect for women who crave some sort of English countryside snoozer romantic drama in a Victorian setting but for this man this movie is nothing but torture and cruel and unusual punishment to watch a bunch of drab boring scenes with unoriginal characters speaking in that wretched forced and fake English accent.",negative
"Now, I love bad, old skifee movies as much as most people. And I understand that a budget is a budget. That said, Planet of the Dinosaurs is as bad as a bad movie can get. The thing has no actors, and only one attractive female whom they kill off two minutes after swimming ashore. There are literally no redeeming qualities to be found in this pile of wasted celluloid. The only thing not wasted was paper...the screenplay must have been no more than four pages long. Surely no one actually WROTE dialogue this pointless. I'm constantly amazed that such movies ever got made, much less released. I'm only glad I didn't pay to see this waste of time. It's 75 minutes of my life I'll never get back.",negative
"It's here. finally a movie comes out that I can honestly say is worse than Larry the cable guy: health inspector. Yet I'm willing to bet the the wayan's brothers(hilarious) will make more money than I ever make in my whole life on what is sure to be one of the top five worst films of all time, outside of my fifth grade outside the class re-enactment of romeo and Juliet. I mean really WHY would anyone ever ever see this movie unless they were paid to. The comedy is weak and all even remotely funny jokes from the flimsy plot were surely revealed in commercials. Final word is this movie was a terrible letdown for me. And the commercials looked so promising...",negative
"THE NOTORIOUS BETTIE PAGE Written by Mary Harron & Guinevere Turner Directed by Mary Harron<br /><br />How do you define a person who has always been between two worlds, one of presumed sin and one of supposed redemption? Especially when that person eventually succumbed to a split personality disorder in her latter years as if to demonstrate her own point. If you're director Mary Harron, you don't shy away from showing the push/pull nature of THE NOTORIOUS BETTIE PAGE. You allow the character to drift back and forth between the healing forgiveness of the power of God and the church and the seductive illusion of control and dominance afforded to Page during her years as a pinup model. By doing so, audiences are offered a complex character that is propelled forward by a desire to leave her difficult past with a naive enjoyment in others' lust for her and a struggle to reconcile her image in the eyes of God. Come the right time, it will no longer matter how many eyes are on her because there is only one pair that counts.<br /><br />Shot mostly in black and white (with some unnecessary bursts of color), THE NOTORIOUS BETTIE PAGE is at times a light, humorous comedy, making the film an enjoyable experience and also one that pokes fun at how seriously people believe in the corruption of pornography. But the delicate hand of the director is more palpably felt during Page's times of despair. Harron is a sensitive, considerate director who does not throw Page's numerous and devastating blows of abuse in the face of her viewer. Instead, she allows the surprisingly effective Gretchen Moll, who plays the title role, the chance to hammer the pain of her character into the viewer with fear in her eyes, exhaustion is her cries and shame on her skin. Whereas most directors, perhaps most male directors, would find it essential to show the heroine in painful positions in order to draw a link between the kinds of atrocities that were put upon her and where her life took her, Harron has too much compassion for her character, her actress and her audience. From fragility, Page learns to trust people again and as more and more photographers fall in love with her image, the more she falls in love with their admiration and the control she has over the gaze. By the time her poses cross over into the realm of soft-core S&M, she has found a way to combine her need to be respected with the objectification she has been accustomed to her whole life.<br /><br />Mary Harron's Bettie Page is a woman who yearns for control over her life and destiny, yet ultimately is always being told where to stand, how to smile and what to wear. When she finally realizes that none of her choices have been her own, she chooses to embrace God and preach his word to those who will listen. The true sadness behind this most important decision is that she is still letting someone else guide her blindly; she just has more faith that this direction will be better for her soul.",positive
"This movie has everything going for it: Fully developed characters, a realistic portrayal of working Washington, bathed in warmth and humor that is uniquely Albert Brooks. The dumbing down of network news is even more of an issue now than it was in 1987. Remember, this was pre-cable! So satisfying to care about complex people attempting to achieve complex goals -- and it all moves along with lightning speed. Such a true to life depiction of friendships that teeter toward romance. See if you can spot John Cusack as the angry messenger! And do you recognize Peter Hackes from real life Broadcast News? Finally, if you're from DC, see if you agree with Holly Hunter's directions to cab drivers!",positive
"I had high hopes for this one after reading earlier reviews but it was so slow and the plot so basic that well I wondered if I had read the wrong reviews. <br /><br />Please, a boy meets girl next door at 11 and both aspire to love and being basketball legends. Grow apart, but watch each others progress. Guess what! Both get scholarships to same university and become lovers again until his father is caught out playing around with a younger woman. Our young hero unable to cope has lapse in court concentration but some how decides to go pro and drop studies, and guess what is picked up by Lakers. Dumps the heroine because she was not there for him during this emotional period. So for 5 years they go their own way. She returns from Spain having lost the zest for the game and our hero is getting married in two weeks. Mom tells her that she should fight for her love so she professes her on-going love and challenges him to a basketball shootout. He wins he marries she wins he loves her. Well he won but decides to dump other girl for our girl. The End has her playing basketball and he has baby duties. Sorry 2 is my high score. My partner she scored 0 for a soapy story for those who read Mills and Boon",negative
"Voor een verloren soldaat , for a lost soldier, is a sad example of how not to translate to film a touching, complex psychological study, of that most magical time in a man's life, when he is still a child, but starting to become a man. The novel records the real life experiences of Rudy van Dantzig, as told thru the boy Jeroen, during the waning days of WWII at age 11 as he deals with his incipient sexuality, and his deep fears of abandonment as he has been sent to the province of Friesland, north of Holland by his parents because of the lack of food in Amsterdam and has not heard from them in many months as the postal service has broken down.. The arrival of the liberating soldiers in the film, is presented in a painfully corny way, with the soldiers providing entertainment vaudeville style. Then one soldier, Walt, romances Jeroen and the pair is presented as two frolicking males.who consummate their love in a sexual experience. This taken in stride by the 11 yo Jeroen. The reality was somewhat different: Jeroen describes his encounters with Walt, 6 in all, in detail but in oblique language. But there is no misunderstanding their nature. Walt is aroused to an intense passion by Jeroen, during which he handles him roughly, so that in their final meeting, Jeroen is bruised and suffering a painful wound on the shoulder where Walt has bitten him. During this encounter, Walt rapes Jeroen, twice. Jeroen could have easily avoided Walt after their 2nd encounter, when Walt first assaults him as Walt is clearly anxious to keep his abuse of the boy from the other soldiers. Why Jeroen keeps seeking Walt out is a mystery of the human heart and not explainable, by me anyway. What the film leaves out is the aftermath: the nightmares, the dejection, the frantic search throughout Amsterdam on the chance of finding Walt, for Jeroen loved Walt, and nothing could shake that.",negative
"Going into this movie you know that this is movie has six lab technicians in a sealed lab with an invisible maniac. So right away you're guessing who will live and who will die. The survivors end up being exactly who you'd expect them to be, so no points for plot twists there.<br /><br />And if you're not sure if this is a B-movie or a movie that just happens to take place in a lab with an engaging story, William Devane plays a part: instant B-movie status.<br /><br />The movie is promising in the beginning. At the lab we are introduced to the invisible gorilla who is becoming increasingly violent. Oooh, foreboding. The best scene in the whole movie is when the lab team makes the gorilla visible again. Great special effects. Same thing when they make Bacon invisible.<br /><br />There are a couple of bare breasts, a really lame dirty joke and enough out of place swearing to give this movie an R-rating that it really didn't need.<br /><br />For a thriller there weren't really any surprises, except when Shue makes like MacGyver in the freezer, which is more of a 'Whaaaa?' OK, there is one surprise. That's when Caine (Bacon) comes back one last time in the elevator shaft. It was a surprise but only because you're yelling at TV, 'Noooo! You're dead already! End the movie!' Speaking of yelling at the TV,that's all I did for the last 25 minutes or so. 'Put on your f#@%ing goggles!' Instead of putting their infrared goggles on so that they can see him, they try every other trick in the book (fire extinguishers, sprinkler systems...).<br /><br />The story really lost it at the end. But the special effects were good; that's the only reason I give it a 2/10.",negative
"Must have to agree with the other reviewer. This has got to be the WORST movie, let alone western I have ever seen. Terrible acting, dialogue that was unimaginative and pathetic (let alone completely inappropriate for supposedly being in the 1800s), and oh, did I mention a battery pack prominently displayed on the back of one of the characters? I was waiting for the boom mike to fall in the middle of a scene. And the ending? The least I can say is that it was consistent with the rest of the movie...completely awful. And yes, it did contain every cliché in the book from the slow walk down the empty dusty road to the laughable ""let's remember when"" shots when a main character dies. Luckily I saw this on free TV. Don't waste your time.",negative
"I recently rented this film on DVD and thought it would be an interesting choice seeing as I am both from the north of England (Bradford), and also interested in film-making. However, it soon became apparent that this film seemed to lack a decent level of development script-wise. The characters were weak and often stereotyped and the story lacked substance. The subject matter could be an interesting basis for a film. However, the delivery of this appeared naive and unfocused. <br /><br />The ending felt as though it was casting judgement on the characters - punishing and rewarding where the filmmakers felt necessary. This felt a little awkward and silly, and seemed at odds with the 'realism' used in the style of shooting. For me, the film dealt with the characters and subject matter in a rather heavy handed and clumsy manner. It felt as though the writer had already decided how he wanted to end the story and set about crow-barring everything else in to fit it.<br /><br />Another point that I feel strongly about is the watered-down Ken Loach feel the film had. I get quite upset that UK film financiers can't see that there is more to British films than 'gritty realism'. It has become almost a safe option. Film is an infinitely wonderful playground for imaginative ideas and it is not being exploited by UK feature film producers. There is a lot of talent here in the UK. It's unfortunate that most of these individuals end up either making music videos and commercials 100% of the time or they go to America. <br /><br />Love + Hate would have worked better if it had been cut down to 30 or 60 minutes and appeared as a one-off TV drama.",negative
"I saw ""Shiner"" on DVD. While I was watching it, I thought, ""This is a really bad porn flick without the porn."" I also thought, ""Whoever wrote this has some real issues."" Then I watched the director/writer Carlson explain his process as a special feature. Yeah, it was real special.<br /><br />The emphasis of the film is placed on two alcoholic losers who hit each other to get off. They are marginally attractive. There is frontal and full nudity. These factors probably account for the film being seen at all.<br /><br />The most upsetting element of the film is the gay bashing and the subsequent further gay bashing of the same victim who tries ineptly to exact revenge from his assailants, the two drunken losers. Not only is the subject handled absurdly and badly from a technical point of view, but the acting is horrendously bad.<br /><br />Then there's the boxer-stalker theme. This is really insane, not just absurd. This hunky boxer is somehow traumatized by the persistent attentions of a fleshy momma's boy who works at his gym's parking lot. This is in LA, mind you. The boxer is so traumatized that he turns up at the stalker's house, strips in front of him and gets excited in the process.<br /><br />Well, all I can say is, why would a boxer who is at heart an exhibitionist be so traumatized by the attention of a stalker? It simply makes no sense. And, I'm afraid, some psycho-dynamics actually do make sense, if you take the time to read about them. However, bad scripts seldom make sense at all.<br /><br />The director/writer seems to have thought that this film represents a considerable minority within the gay community. Well, he may be correct, I suppose. We may never know, since that minority would be so dysfunctional they would hardly be able to get organized enough to ever get to an obscure gay film festival or DVD store, the only two places they could possibly find this turkey. Thank goodness for that.",negative
"What reviewers and MST3K left out is the best part (and only memorable scene) of this otherwise dreadful movie: There is a very good rape-in-the-shower scene committed by the bad guy (Ben Gazzara look-alike) on Maria (as mentioned, killed later through T.J.'s ineptitude). Perhaps rape is too strong a word, ""prison mating ritual"" may be more appropriate. The background behind this chance, yet forced meeting is the mobster who is hiding ""Ben Gazzara,"" introduces him to the girls hanging out at his pool. The 30-ish blonde disses him, but our villain must be quite smitten by her, because the courtship is on at that point. His first move is to attempt drowning her, until his mafia don benefactor tells him to knock it off. Kind of like the girl in high school you didn't like, but still wanted to have carnal knowledge of anyway... Let's just say, he catches UP with her in the cabana later.",negative
"This is a great movie. Some will disagree with me but , if you know anything about the bible you know it is. I think everyone should see it!! I agree a new updated version like be nice but the message is still right on. If you can see this movie. Is not a ""scare the hell of you movie"",it is truthful with the Bible. I think the U. N. will play a major role in the world government to come. The last days are lining up with the Bible. Look at what has happened with the chip for dogs and cats that now has come to light to protect on children from being kidnapped. It's the size of a grain of rice. This I feel is the fore runner of the mark of the beast spoken of in the Bible. Without the mark you can't sell or buy, with this chip that small in the future there is no telling how much info can be put on it.",positive
"This movie is excellent!Angel is beautiful and Scamp is adorable!His little yelps when hes scared,and the funniest parts are when:Scamp is caught under the curtain and when Angel and Scamp are singing 'Ive Never Had This Feeling Before'.I totally recommend this movie,its coming out on special edition on June 20.The cover has scamp on a garbage can and Angel underneath the lid.<br /><br />I just cant explain this movie more than romantic,charming,hilarious,and adorable.The junkyard scenes are funny,all the junkyard dogs have something special.Too funny i laughed,kids will LOVE it.Buy it when it comes out,it has new features!",positive
"Two years ago I watched ""The Matador"" in cinema and I loved everything about this movie. Obviously, I was totally under impression of Pierce Brosan's magnificent role. Yesterday, I caught this movie again on TV so I looked at it a bit deeper. Now, I can say with certain that this movie isn't that special but you just gotta' love it because of one man. <br /><br />Brosnan lifts its grade up in my opinion with amazing performance of Julian Noble, tired hit-man who has no friends. Soon Julian meets Danny Wright (Greg Kinnear) in Mexico City, man who's got bad luck: his son died in accident, his job isn't going that well and he's not sure that he can keep his wife Bean (Hope Davis).<br /><br />I always liked movies like this; crime movie with big touch of humor. Mostly that humor comes from Brosnan as he tells jokes about dwarfs with big d.... or one of my favorite lines in this movie: ""I look like a Bangkok hooker on a Sunday morning, after the navy's left town."" Brosnan says it with his charm while he's drinking his margarita as usually. I also like Greg 'typical American face' Kinnear in the role of loser that is very lively made because there are plenty of people like Danny Wright.<br /><br />So I recommend you to watch quite possibly the best role of Brosnan ever. He'll make you smile and admire him at the same time. Great Brosnan in not equally great movie.",positive
"You'll notice that the chemist, who appears in two scenes and gets to speak, is played by Stephen King. ""Don't give up your day job"" is the standard thing to say, but that's not fair. King acquits himself reasonably well: he's no worse than any other member of the cast, and better than most. The story, on the other hand, is pure rubbish. Please, give up your day job.<br /><br />Never have I seen so many dreadful performances - of which the lead actor's (the LEAD ACTOR'S!) is probably the worst - gathered together in the one film. Everyone acts hammily, but not in any entertaining way; they all somehow manage to go over-the-top without expending, or manifesting, energy. I blame screenwriter/director Tom Holland. It can't be that ALL the actors are REALLY this bad. What are the odds against that? Admittedly, I've never heard of any of them before, but still, I don't think I could walk into a talent agency and walk out with this many bad performers if I tried: ONE actor, despite my best efforts, would turn out to have talent. So what's more likely - that Tom Holland rolled a dozen consecutive snake-eyes, or that he wrote a lousy script and then directed it poorly? That would also explain why actors are bad in direct proportion to their prominence in the script. The more direction an actor got, the worse he performed. (""You want me to bend over like a hunchback, talk from the back of my throat, show all my teeth, and look bored, all at the same time? Okay..."")<br /><br />This theory is confirmed by the fact that Holland undeniably managed to co-write a lousy script. Several writers here have commented on the fact that Billy Halleck is not a likeable character, but that's a misleading way of putting it. He's not a knowable character. All we find out about him before the supernatural stuff starts happening is that he's fat, and that all he can think about is food. (""All I can think about is food,"" he tells us, helpfully.) And in the end...<br /><br />(Sigh) I suppose I ought insert a spoiler warning here...<br /><br />In the end he becomes evil. Why? I can only shrug. Perhaps he's under some kind of enchantment. Yeah, that's probably it. By ""evil"" perhaps I mean ""inexplicable"" - it's not so much badness as a socially undesirable suspension of ordinary means-end psychology. Anyway, his actions at the end make no sense, nobody's actions make much sense, and this is despite the fact that the characters do little but explain their motivation for the benefit of the audience.<br /><br />By the way, here's my nominee for hammiest line/delivery: ""I don't think you'd like it. IN FACT..."" [big dramatic pause] ""...I don't think you'd like it at all.""",negative
"This is one of those movies that make better trailers than full-length feature films. The concept was really cool and different, the humor was unique, I just felt there were missed opportunities to put the ""punch"" into this movie. So many lines and gags were left hanging too long, with no definite ending and really didn't leave me laughing. Wilson, Wilson, Farris & Thurman were great. Wanda Sykes was under-used in this film and needed more exposure, and more opportunities to spin her character into more screen time. 7 out of 10 for me, more of a DVD rental. Also, I was looking for some sort of a feel-good music video during the end credits, something that has become sort of a trade-mark to these romantic comedy films, a la Something About Mary, Meet the Parents but again, I was left feeling a little cheated by fact that this COULD have been a much better film with a little more music and punchier punch lines. It felt like it was RUSHED into theaters.",positive
"I'm not a Disney fan at all, but I happen to be in Orlando for a friend's wedding. So my traveling partner and I went to Disney for a few days. I haven't seen a good 3-D effect in, well..ever. So I usually try to stay away from these presentations. The 3-D effect in this was so good. I'm a grown man of 38, and even I wanted to try and reach out and touch. It's THAT good! Word of advice. At the end, look to the back of the theater on the wall. Put it like this...the first time I saw it, the effect wasn't working. So I told my friend...""It would have been nice if...."" My friend said, ""That's exactly what happens. It's not working for some reason."" It's an awesome show. You will NOT be disappointed!!!",positive
"It probably isn't fair that I have got to see the majority of all the interesting reviews on the Sopranos and then get to add what people have forgotten, but oh well.......<br /><br />From a standpoint of acting, how could any actor fail with these characters? Each one mesmerizing and intense in their pursuits of life. Tony Soprano-while a mob ""Capo"" and suffering from mental illness, still sees his life in front of him and knows what has to be done to survive. Each of his men, you see their lives virtually from the inside like the truest form of voyerism. It definitely brings out a sort ""nosey"" side in each and every viewer, and I include myself in this!<br /><br />While some above don't care for Bracco, I have to say this is the freshest role she has had in years since Good Fellas. She is the side of Tony that makes him listen to reason, that makes him decent, that offers him respite when dealing with his human emotions that he has failed to feel for so long, if ever. She is simply put, his savior. (Not speaking in religious tones)<br /><br />But the knockout performance here is without doubt, Edie Falco. To see her prison guard role in the other acclaimed HBO series, ""Oz"" and then see her as Livia is the ultimate compliment for any actor or actress. She has transcended the boundries of a recognizable actress, something only actresses like Merle Streep can get away with. A sort of chameleon quality to transcend roles. But as I have mentioned before, with a characters a strong as these, how can any actor fail?<br /><br />Livia's strength is in her daily affirmation of faith in herself. She is a survivor, as she hopes her husband and family will be survivors. She is prepared for the worst because she knows the hazards of her husband's business, yet knows the lifestyle she has is more then most women from Jersey. She is wise if not wiser and more street savvy then Tony himself.<br /><br />All in all, the biggest crime from the Soprano Family is that we the viewer have to wait until January 2000 to see the next season. This in my opinion is the worst thing about the HBO series. It was what brought The Larry Sanders Show, Sex and the City, Dream On, and others back down to earth in popularity and eventually killed them. Too much space in between seasons and very sporadic. Until then, I will watch the reruns with the hope that this gap in programming is filled.",positive
"I find it very intriguing that Lee Radziwill, Jackie Kennedy's sister and the cousin of these women, would encourage the Maysles' to make ""Big Edie"" and ""Little Edie"" the subject of a film. They certainly could be considered the ""skeletons"" in the family closet. The extra features on the DVD include several contemporary fashion designers crediting some of their ideas to these oddball women. I'd say that anyone interested in fashion would find the discussion by these designers fascinating. (i.e. ""Are they nuts? Or am I missing something?""). This movie is hard to come by. Netflix does not have it. Facets does, though.",positive
"I liked nearly all the movies in the Dirty Harry series with the exception of the one I think is titled ""Enforcer"". ""Deadpool"" was a bit weak in areas too, but I still enjoyed it. This one is one of my favorites of the series, if nothing else for the great line of ""Go ahead, make my day"". This one also features an interesting albeit familiar plot of someone killing those that have done her wrong. Just think ""Magnum Force"" with less mystery about who is behind the killings and you have your plot. Granted there is a bit more than that as this one does feature a very nice final showdown at an amusement park. It also features Dirty Harry getting a bulldog as a gift and it tripping up Sandra Locke in a rather humorous scene. The only question that remains is why Clint Eastwood had to have the rather mediocre actress Sandra Locke in so many of his movies. She brings the score down a point every time even when overall the movie is enjoyable to me. Granted she is not to bad here, but her character could have been so much better by someone else. Another problem with this movie and other Dirty Harry movies, at times they almost seem to be advertisements for guns. I like guns as much as the next person, but do we really need scenes of him explaining all the different strengths of his newest weapon and how many bullets it holds? Still, very nice entry into the Dirty Harry series of movies.",positive
"I had high hopes for this film when I saw the listing and decided to watch it on TV, uninterrupted by commercial breaks. I've liked Lee Van Cleef in many movies but I'm afraid that having the other characters call him Chris repeatedly doesn't turn him into even a reasonable facsimile of Yul Brenner's Chris.<br /><br />I found this movie to be a complete disappointment - the music sound track tried to impart the magnificence portrayed in the original but it too failed to bring the film up the the standard of the original. The rich textures of the characters in the original were mostly missing from this film. I guess if you haven't seen the original it would be okay. Too many clichés and too little depth to the characters. I missed the humanity and compassion and the three dimensional characters of the original.",negative
"I think the problem with this show not getting the respect it truly deserves is that it comes after Seinfeld,after ELR and after Friends. Those three sitcoms were the star shows of their time.<br /><br />KOQs came at the end of this special time in TV. <br /><br />But don't let that dissuade you.<br /><br />King of Queens is as good if not better than two of the three mentioned.<br /><br />Seinfeld started it all and was and is a timeless classic. I never laughed so hard than I did at Seinfeld. But KOQs comes real close.<br /><br />When it comes to laughing, I have to rate KOQs second only to Seinfeld. ELR has to be second though as the character creation and interaction is more endearing.<br /><br />Either way, KOQs is top ten of the last 20 years.<br /><br />The only other sitcom worth mentioning now is Two and a Half Men which really doesn't hold a candle to the other four but is all we have left.",positive
"This movie would receive a much higher vote from me in general and I will talk about why, but first and foremost it receives four stars and should stay at four stars because of the directors ridiculously tasteless portrayal of rape and sexual assault. Not far into the movie Oyama sexually assaults a woman he rescued earlier, and while she briefly becomes somewhat miffed by his actions this attitude only lasts about five minutes before loving adoration sets in and carries her character through the rest of the film. I know many will argue that it's not that important in a kung fu beat-em-up, and as a fan of the genera I can't say that it's all that unusual, but that doesn't stop it from being completely tasteless every time I see it.<br /><br />What I will say in this movie's defence however is that it's somewhat refreshing to see a martial arts, or even action movie of any sort, that offers no actual hero for the viewer to get behind. Oyama is portrayed as a rapist and murderer; a societal outcast whose only student becomes completely mentally unbalanced before being gunned down by the police. The final shots of the movie leave one with the feeling that Oyama himself is poised for a major breakdown and no longer seems to care for the woman he earlier assaulted into loving him and has since followed him with puppy-dog like devotion.<br /><br />Whether this was truly the intended message of the movie or not, one can't help but feel a little hopeful that Oyama might be on the brink of suicide by the time the movie is over. This is a rare emotional treatment from the martial arts genre and its interesting to see a film that leaves you with a sense that its violence is not to be celebrated. If only Karate Bullfighter had treated the subject of sexual violence better, either by creating more emotional depth and recognition between the two characters involved, or by leaving it out all together, this would have been a much more interesting film.",negative
"Passion In The Desert exemplifies spatial grander. It is a visual narrative, illuminated by the magnificent cinematography. Passion was filmed on location in the deserts of Jordan, Egypt, Morocco, Namibia, and Tunisia. <br /><br />We are in Egypt, 1798. Augustin, a Napoleanic soldier, is escorting writer and artist Jean-Michel Venture De Paradis on an official mission to document, measure, draw, and paint the cultural landmarks of the Egypt: its dunes, stupendous ruins, and mysterious people. <br /><br />But, can you truly ""document"" majestic sandscapes, fractured edifices, and wild Bedouins? Can you truly capture the essence of Egypt, nature, man, and time?<br /><br />Jean and Augustin become lost in the mesmerizing glittering, gold desert, whose vastness overwhelms their senses. <br /><br />""You can't get lost in Egypt! There's the Nile, and there's the sea!"", says the dehydrated Augustin, and soon he discovers an ancient, winding cave that leads to a palatial ruin. <br /><br />Delirious and near-delusional, he attempts to rest; a perplexing sound rouses him; his eyes, body, and emotions become hypnotically locked in time as he stumbles into a sensual, sensory experience.... <br /><br />A wild, sleek female leopard stares back at him, and their love affair begins....<br /><br />A daring love affair, a daring film.",positive
"While it may not be his most laugh-packed film, MIGHTY LIKE A MOOSE stands as one of Charley Chase's most satisfying farce comedies, twenty minutes of clever sight gags, nicely choreographed physical comedy, and amusing quips (rendered via title card, of course) all based on a wacky and wildly implausible premise. We're told up top that this is ""a story of homely people-- a wife with a face that would stop a clock --and her husband with a face that would start it again."" Soon we meet buck-toothed Charley Moose and his wife Vivien, who has an enormous nose. But there's no point in discussing plausibility when our plot hinges on such a patently unbelievable series of interconnected coincidences: i.e., first, that Charley would have his overbite corrected the very day his wife would have her nose fixed, second, that each spouse would keep their respective cosmetic surgeries secret from the other, and third, that when bumping into each other in public afterward, Charley and Vivien wouldn't recognize each other. Sounds like a bit of a stretch, doesn't it? Multiple stretches is more like it. Clearly, we're in the world of farce here and just have to roll with the silly plot twists, so as long as you can relax and forget about plausibility you're likely to enjoy this short.<br /><br />MIGHTY LIKE A MOOSE gets off to a leisurely start as the various complications of the story are established, but things pick up once Charley and Vivien have ""met"" and made a date to attend a party together at the home of Charley's dentist. They each rush home excitedly, enter separately and are at first unaware of each other's presence. (Mr. & Mrs. Moose appear to be quite wealthy, incidentally, as they live in a mansion the size of a luxury hotel.) There follows a beautifully timed sequence somewhat reminiscent of Buster Keaton's THE NAVIGATOR in which husband and wife dash about the house without ever quite meeting up face-to-face. And once they arrive at the party the comedy really kicks into high gear as Charley is forced to dance with gawky wallflower Gale Henry. Henry, an estimable player in her own right who starred in many short comedies dating back to 1914, is hilarious as the dance partner who brings great vigor but little grace to her dancing. There's also an elegant cinematic touch during this sequence, when the camera pans down to show us only the shoes of Charley, Gale, Vivien and Vivien's dance partner, yet we're able to follow precisely what's happening between the principles by watching their feet.<br /><br />Unfortunately for Charley and Vivien the party they're attending is raided, and from there on the complications multiply when they manage to escape the police dragnet and return home. When Charley realizes that his newly-prettified wife was attempting to step out with another man he resolves to each her a lesson . . . while conveniently forgetting, of course, that he was attempting to do the very same thing. The last few minutes of this film offer some of Chase's funniest physical comedy, capped with a good sight gag for the punchline. MIGHTY LIKE A MOOSE leaves the viewer with a warm glow, and surely ranks with the most amusing comedies produced by the prolific, sadly underrated Charley Chase.",positive
"A group of tourists are stranded on Snake Island after an unfortunate accident with their boat. They are forced to spend the night and as you probably suspected, it isn't called Snake Island because it's just soooooo much fun to say - it has a history of people disappearing one by one because of the large snake population, which is just what happens with these poor dumb souls. This is a very boring and typical movie with tons of off screen snake attacks and lousy performances from NOBODY actors. The only somewhat entertaining scene was an absolutely unnecessary and forced strip scene which ain't anything couldn't see in a PG13 rated movie, folks. If you are into snake movies than check out SSSSSSS, but don't torture yourself with this crap.",negative
"It starts out like a very serious social commentary which quickly makes one think of other Clark movies like Kids, Bully, etc. But then just as quickly, it unravels into a direction-less mess. Who is the main character? Is this a serious film or some Gregg Araki-esquire over the top goofy film? Is this a skate documentary with moments of dialog inserted? I have no clue. I found myself watching the clock and wonder when this turd was going to end. I kept thinking there would be some big shocker culmination which never came. I cut a good 20 minutes out of the movie by fast forwarding through the pointless skate scenes. Yes, it illustrates the changing landscape between the have's have not's. I got it way back in the beginning. Kids and Bully was done in such a way that I actually felt like I was observing the realities of that group of friends. Wassup felt very staged, poorly constructed and ever worse acting. Teenage Caveman, which Larry didn't write but did direct, was terrible. But at least it felt like it was suppose to be a terrible movie that didn't take itself seriously. Wassup Rockers was just plain bad.",negative
"I will probably always go to see a Woody Alleb movie, as one never knows when he just might make a real return to his past greatness. Just one or two great moments or lines could make it worthwhile. sadly however this film just does'nt make it on any score. Saying thar actually makes me sad and even a little guilty. I'm sure my reaction is much like a lot of other fans of Woody, but what can one say? It's probably time for him to concentrate on his Clarinett, which in my opinion, he is rather quite good. Saying all of this, I'll still probably go to any new film Woody may come out with in the future. There's always hope and I'll continue to love and respect The WOODY!!",negative
"In the mid-1930s Hollywood was regaining its confidence after the difficulties of the talkie transition. Although all the technical problems of sound had been solved very quickly, it took longer to resolve the questions of how talking pictures should look, how they should be structured and how they should be acted. The Informer is a key picture in that it shows the extent to which wordless moments can convey story, asserting the power images without ignoring the necessities of sound and dialogue.<br /><br />This is not to say the Informer is truly a throwback to the golden days of the silents. For one thing, many silent pictures were not so purely visual in their narrative, and were overburdened with title cards. But what the Informer has is the self-assuredness to extend moments between dialogues, to focus on reactions more than speeches, and to let shots play out simply for atmosphere.<br /><br />Director John Ford, for all his capability, was a filmmaker who appears to have put in effort in proportion to how interested he was in the material. If he thought a story was silly, he just did it half-arsed. Luckily the Informer, with its depiction of community, honour, working class life and most importantly Irish setting, was everything Ford loved, and the result is one of his finest works. In it, Ford only really employs too kinds of shot. The first is of places  the Dublin streets shrouded in mist and darkness so their furthest depths cannot be seen; dingy interiors where the walls and ceilings seem to press in on us. The second is of faces, striking close-ups against plain backgrounds, usually without dialogue, focusing us upon the inner conflicts of these people.<br /><br />Lead man Victor McLaglen fits perfectly within this character and this manner of filming him. McLaglen's performance does not look like much, being as it is about 90% drunk act. But the other 10% is heartfelt emoting, as here and there his Gypo Nolan has what alcoholics refer to as a moment of clarity. With such performances are Oscars won. McLaglen is backed by a spot-on supporting cast, among whom there are no weak links. In particular it is nice to have Donald Meek and Una O'Connor, usually only seen in comic relief roles, playing straight dramatic parts for once (although Meek's appearance does contain one or two jokes, the tone of the scene and much of his manner is serious). Not only do these two deliver incredibly deep performances, their familiarity to most viewers as comedy players gives an added note of poignancy to their part in this tragedy.<br /><br />RKO, who produced the Informer, were perhaps the most adventurous and willing to take risks of all the major studios. Thanks to this, we are able to see a dismal story with a despicable anti-hero at its centre, which could easily have been a clunky, over-earnest mess, instead filled with a moody atmosphere and depth of character which keeps us watching and draws us into its world.",positive
"I wholeheartedly disagree with the other viewers of this wretched film. The only reason why I didn't rate it 1 for awful was due to the great talent of Carmen Miranda. The beginning and end are the best parents due to her gifted singing and dancing.<br /><br />The problem is with the rest of the picture. Alice Faye comes off quite hollow. Don Ameche has a great singing voice but with the wretched writing material, he comes off so terribly corny.<br /><br />The plot is a real stiff here with Ameche assuming two parts as a song and dance man and a baron not happily married to Faye.<br /><br />It seems that by playing the song and dance man, Ameche's marriage gets a second change to reignite. Some silly nonsense about the baron having to clear up business and being away allows him to play both parts.<br /><br />S.Z. Sakal is given little to do here and so his comedic gifts are not given the opportunity to shine. Ditto for J. Carrol Naish who actually appears uncomfortable in his role.<br /><br />This is a chica chica boom bomb of a film.",negative
"I finally got a chance to settle in and compare the two versions of this film currently going around -- First, the good old scummy, sleazy Embassy VHS print called SCREAMERS, and then a new fully restored Italian DVD by everyone's new favorite media company, No Shame of Italy.<br /><br />The American adverts about ""men turned inside out"" is as everyone says, totally misleading, and indicative of a Roger Cormanized take on what otherwise would be a superior fantasy-adventure thriller for grown ups. The complete Italian version is a somewhat sprawling, well designed and deliberately paced take on ""Island of Dr. Moreau"", and there's nothing wrong with that. It's a sumptuous, handsome Euro Horror outing with a brain, good plotting, character development, location shooting, period costuming and sets, etc.<br /><br />But I must admit that the 14 year old knucklehead weed puffer still lurking somewhere inside of me got a bigger kick out of the more lurid, sleazy and unkempt Roger Corman version, which has some nice over the top gore, a flashy but preposterous opening segment, and then the bulk of Martino's original film, albeit somewhat abridged to make room for Roger's idea of entertainment. The pacing was somewhat quicker, the shock sequences closer together, and you see just as much of Ms. Bach's fantastic form as you do in the extended Italian version.<br /><br />I still don't have much of an idea about what the specific story concerns though: there are a number of plot twists and incidental characters that were somewhat hard to keep track of. A local voodoo subplot didn't help much, and it's funny how everything culminates in just another fistfight between the noble castaway prisoner and the mad scientist ... Perhaps a few more viewings are in order. I will say this: Fans of the movie should avail themselves of one of these PAL imports and take a look at what is actually a movie rather than just another murky old home video -- the widescreen shot compositions once again reveal that Martino had an eye for filling his screen with interesting stuff. Nobody gets their heads ripped off like in the SCREAMERS print, but it's still interesting stuff, and once again proof that while his standards may have been pretty much confined to the area around the gutter, Roger Corman new good trashy fun when he had it made for him, and side by side these are actually better movies than they had to be.<br /><br />7/10",positive
"I really only watched this movie because it had Rupert Grint in it (who I knew as Ron from the Harry Potter movies). I had never really appreciated Rupert as an actor until this movie. I loved the entire film. Rupert does a wonderful job in this hilarious, quirky movie. I think the movie could have been fine without the sex, but it worked somehow. I can't wait to see more of Rupert's films in the future. Julie Walters also did an amazing job. In the Harry Potter movies, she has a very small role, so I didn't quite know what to expect from her either. But she was wonderful as Dame Evie. The part where she swallows the key was absolutely hilarious. Overall, an amazing movie.",positive
"I was searching through Hollywood video last night with a friend trying to find a good-looking horror movie to watch over the New Year's weekend. As I was looking through the shelves, ""Severed"" spotted my eye, and I grabbed it off the shelf and it looked like it might be a decent B-grade horror movie. The cover looked fairly good. The plot sounded semi-interesting. So I rented it. What a mistake. Don't be fooled by the cover, which actually looks decent. I'm thinking that more money was spent on the cover artwork than the movie itself. The film follows two police detectives who are tracking down a voodoo-inspired, ritualistic serial killer called ""The Head Hunter"", who is decapitating victims left and right in some unnamed city (probably Los Angeles), and they become drawn into his world of ritualized murder.<br /><br />Story sound somewhat good? Well, it is, and this movie could've been halfway decent. But good God, it was bad! Almost everything about it was laughable. The opening scene features some redheaded actress in a car trying to talk on this huge, outdated cell phone, and for whatever reason, she goes outside and talks to some guy. Then, a shadow comes up behind them, hacks off his head, and the girl drops to the ground and starts crawling (for absolutely no reason) while trying to dial 911. Sound ridiculous? Yep, you bet it is. The entire movie looks like it was filmed on a VHS-quality camera, and I'm assuming it was. The acting was mostly awful, and the special effects were far from believable. And the scenes with the policemen on the phone were awful - the voice on the other line was echoing and it sounded like it was being recorded in someone's bathroom. Everything about this movie was simply amateurish and tedious, and it didn't hold my interest for very long, and I often found myself bored and tired, mostly because of the bad acting and the horrible cinematography. The pacing was bad. Everything was just bad.<br /><br />Overall, ""Severed"" is a failed attempt at what could have been a decent B-movie. The plot was good and I think if this film had been handled better and had a higher budget, it could've been alright. But this movie fell flat on it's face. If you're expecting something semi-decent, you'll be sorely disappointed. Only recommended if you can tolerate D-grade horror flicks. Otherwise, you'll probably want to stay away from this straight-to-video garbage. It had a little potential, but it was beyond a mess. 1/10.",negative
"WARNING:I advise anyone who has not seen the film yet to not read this comment.<br /><br />If you plan on watching this movie DON'T! I warn you... this movie is TERRIBLY boring and basically horrifying, not in the Horror movie kind of way, to watch. I mistook this Piranha movie for another Piranha movie and when I had noticed I made a mistake I decided to watch this one anyway. I wish I wouldn't have. This movie is so horrendous and so intolerable in every piece of material that I couldn't bare to let anyone say this movie was halfway decent. For one thing, this movie should be called A Boring Talk About Wilderness instead of Piranha. They only show piranhas ONCE! At the same time, the way this film sounds so poorly heard, I got sleepy only 20 minutes into the thing. At the end my mouth was hung wide open and I stared gloomily at the blank TV screen. It is a VERY poorly directed and badly filmed piece of junk that I was afraid I brain dysfunction after watching it...",negative
"After a day at work, I sat down to relax and turned on the movie channels. The movie came up on the guide and sounded interesting so I tuned in just before it started. The first 30 minutes were enough to make me interested, but the lack of acting ability in Jamie Foxx and the slow plot movement made me want to get up and find food during the movie. If there is any credit to be given for acting in this movie it should go to David Morse who at least tries to make the movie interesting. All in all, don't plan on impressing your friends by picking this one as a renter for a movie night.",negative
"I liked this movie. It was pretty cool. It has it all: cars, gun shooting, fighting, and even a token girl. It does not excel in any of this things, with the exception of the cars. A bit of shooting, a bit of fighting, a bit of smooching around, and LOT´s of car, with a great chase near the end. The jump, you may say, is impractical, but according to our good friends here at the IMDB it is possible, so the movie ain´t as bad as people are painting it. It has some quality, and I liked to watch it. In fact, I loved the film. And I didn´t need to turn off my brains to watch it. I wasn´t always thinking ""Is this possible?"" or tramp like that. 9 in 10.",positive
"If I wouldn't have had any expectations of this film, it might have received a 5 or 6. As it stands, I give it a 3. The acting is poor, the factual accuracy of the drugs it discusses is lacking, and I feel no empathy whatsoever for the characters.<br /><br />I watched 'Adam & Paul' immediately before watching this film, and I both laughed and cried on several occasions. This film did not strike even a similar chord. The directors of 'Human Traffic' may have some off-hand experience of ecstasy, but there is no demonstration of actual drug-related semantic knowledge here. In fact, I find it rather offensive and contraproductive to the strife of making current drug laws less politically oriented.<br /><br />Watch 'Requiem for a Dream' if what you're looking for is an amazing, touching film about drugs.",negative
"I recently purchased Lost Horizon on ebay, having vivid memories of the Things I Will Not Miss number from childhood (I am an ancient 29). I also recently finished the novel upon which it is based. I was so pleasantly surprised to find a genuine hidden treasure. A wonderful cast brings such warmth and depth to a beautifully simple and elegantly told story, subtly updated from the original film (and by now quite a separate entity to the far more intellectual and thought provoking book by James Hilton). Sally Kellerman in particular has a radiant presence as the suicidal neurotic Sally Hughes, who gradually warms to the charms of Shangri-La. Only Liv Ullmann flounders in her wooden portrayal of the schoolteacher (a role far more suited to a Julie Andrews type. The fact that Finch, Ullmann and Hussey are all dubbed isn't important as it is almost impossible to tell. The songs DO vary in quality, the music being far superior to the lyrics but it is still a vibrant and engrossing film that really deserves a proper DVD release and a lot more recognition.",positive
"I wasn't sure about getting this movie on DVD because I really do have something against people making black and white films in the 21st century, but I ended up buying it anyway. I still don't understand why it had to be black and white, but that's the only negativity I can see about the film, and it sure is a perfect example to see the definitive rise of Brazilian cinema. Not everyone can understand a film like this, but it's quite rewarding to those who do. Unlike O Homem Que Copiava, the surrealism fits this movie pretty well, and the acting is at least as good as that one, or other successful Brazilian films such as Bicho de sete cabeças, Cidade De Deus, Brava Gente Brasileira, etc.. <br /><br />My only hope is that this gem doesn't get insulted and raped by a crappy Hollywood remake. It's amazing to see how those guys spend zillions of Dollars and still can't make a movie that's 1% as good as this possibly low-budget flick. <br /><br />Bravo to the entire crew! 10/10",positive
"I saw this film at the Adelaide Film Festival '07 and was thoroughly intrigued for all 106 minutes. I like documentaries, but often find them dragging with about 25 minutes to go. Forbidden Lie$ powered on though, never losing my interest.<br /><br />The film's subject is Norma Khoury, a Jordanian woman who found fame and fortune in 2001 with the publication of her book Forbidden Love, a biographical story of sorts concerning a Muslim friend of hers who was murdered by her family for having a relationship with a Christian man. A few years later though, a few journalists started poking holes in the story, leading the public to believe it was fraud. The film covers this quickly but thoroughly in the beginning, and from there we spend most of our time in the company of Norma as she tries to convince us that her novel is more than fiction.<br /><br />Director Anna Broinowski has found a truly fascinating woman to study, and she conducts endless interviews with Khoury as she seeks the truth. As always in life, the truth is not so easy to find. Norma fears for her life, worried about violent backlash over the unsavoury portrait her novel paints of Jordanian Muslims. She refuses to return to Jordan and show us the facts. Broinowski is not deterred however, and slowly puts the pieces together in front of us.<br /><br />The result is an incredible look inside the mind of a con artist. Naturally, what we find there makes little sense and is extremely difficult to follow, and ultimately we don't know whether to believe Norma or not. She's either a rather unfairly put-upon woman trying to survive, or a fantastic spinster. The web of lies, truths and half-truths she turns through the film is brilliant.<br /><br />The film uses much interview footage, as well as dramatisations to tell it's story, and Broinowski uses these dramatisations to show us why people like Norma are able to exist: we want to be conned. We go to the cinema every day and allow ourselves to believe what's happening on the screen is real. That might just be me reading into things a bit too much, it didn't come up in the Q&A with Brionowski after the film, but that's what I took away from it.<br /><br />This is a great Australian film, and must receive an international release, and a swag of awards if you ask me. Certainly the best film I saw at AFF07.<br /><br />Go see it, if you get the chance.",positive
"great mystery, but the film goes down hill from there. The beginning is promising with a car wreck and a woman and her daughter being burned alive in front of a police officer, Edward. He is traumatized over this and is seen popping pills. A mysterious letter turns up from an old girlfriend asking for help in finding her missing daughter. So Ed travels to an island commune of mainly woman. They don't like outsiders. A lot of filler is with Ed shown looking around town for the girl. That made the movie too long. It finally gets a little better toward the end when we learn of the crazy rituals the woman perform and finally of the sinister plan in store for Edward.<br /><br />Overall, not a well written story and too long. <br /><br />FINAL VERDICT: I would skip this.",negative
"****Contains Spoilers****<br /><br />As a fan of Rachael Leigh Cook, I watched for this show to finally come on so that I could see it. I taped it so I could watch it several times, and there is something about this show that really bothers me!<br /><br />I recognize that this was a made-for-TV movie. Not only that, but it was made for Lifetime, which is a channel that I despise. Because it was made for TV, I can ignore the huge plot holes. I can ignore the massive lack of character development in Ally Sheedy's character. I can overlook the fact that George C. Scott and Rachael Leigh Cook, both of whom are very talented actors, were definately not reaching the best of their abilities. I can look past the fact that Don Diamont's character was so cliche'd, that you knew when you saw him he was the villain. I can even pass over the obvious mistake in the timeline (She's raped during her winter break, and then over a year later she has the baby from it.)<br /><br />The major thing that I can't get over is this: There are two trials for the custody of the child. In the first trial, custody is awarded to the child's father because he is ""better educated, has a degree from a community college, and has a full time job."" In the second trial the judgement is reversed because the Judge feels that there is lack of evidence that Emma (RLC's character)is an unfit mother, and custody shouldn't be taken from the primary caretaker and given to someone with no previous interaction with the child.<br /><br />The problem is this: Nowhere during the course of these trials is the fact that a thirtysomthing year old man raped a 15 year old girl and got her pregnant taken into consideration! Whether it was a rape or not, he had sex with a minor! Wouldn't that be taken into consideration when the judge is choosing him for custody because he's a ""mature adult?"" Mature adults don't have sex with minors! <br /><br />It's not the worst cable movie that you would ever see, but it's not a great show either. ** out of ****",negative
"I knew it wasn't gunna work out between me and D-wars from the moment we met. First its title was lazy. D war. Like writing out Dragon was too much for them. Also... you really can't be that blatant with your title unless your Blue Monkey. Blue Monkey can do whatever the hell it wants. <br /><br />The second sign of a rocky relationship between us was the story's insane progression. Here's the film, dreamy reporter guy reports on big snake tracks, flashes back to a time he and dad wandered into what must have been the competition for the store in gremlins and dreamy kid reporter finds a box that glows. Old shop keep reveals several terrible truths. That Bauraki a supposedly evil snake was cheated out of his chance to be a god. tells the kid that he's a reincarnated warrior and that somewhere in LA is his reincarnated lover and gives him a junk piece of jewelry. Shop keep also reveals that despite his obvious whiteness he's a 500 year old Asian. <br /><br />fifteen years later dreamy reporter remembers this perfectly and starts acting half crazy trying to find this random girl. cgi hijinks follow and in the last ten minutes my brain melts out of my nose. Why? Continue on dear reader if you have the Balls.<br /><br />so Sarah, the reincarnated lover, has her own flashbacks. I have the benefit of having an Asian best friend and in the scene where she starts to freak out and make a bunch of posters with Asian characters on them he tells me that whoever made this movie has no idea what their doing. Its a Korean legend and she's reincarnated from a Korean princess but everything is in Chinese. Later that night her dragon tat starts to hurt, she calls the police cause it looks like she's having a heart attack. See, in this mixed up crazy world they apparently handle heart attacks differently because the next time we see her she's locked in her room with a guard outside and a nurse claims she's crazy. I have a new phobia now, and its that if i'm ever in trouble the first responders will just assume i'm crazy. <br /><br />I have another point of contention with my harsh mistress, Dwar. There is a scene when Patrick Dempsey Jr (Dreamy Reporter) is in a café' with sassy black friend. In the scenes prior Miffed Near divinity Bauraki has killed an elephant, slithered through a suburb and killed one of Sarah's friends. See, people were afraid to come out after 9-11 happened but we must have all toughened up after that deciding coffee and pastries were worth risking our lives for. Business as usual, no way a giant snake will stop me from getting my caffeine on. If i stay inside and fear for my life the terrorists and serpentine divinities win. <br /><br />After being given a satisfying dragon on Helicopter battle my cruel lover Dwar treats me to a pi$$ and vinegar filled scene to end it all with. Bauraki has a fortress of his own and its right under LA i guess. They don't really say but Dreamy Reporter and Sarah get knocked out in a car crash that would kill lesser men and when they wake up, yep dragon palace. some retarded dialog later a good dragon snake god pops out of nowhere and the snakes wrestle/make love whatever. And i'm not kidding good snake out of nowhere. Maybe you think i'm blowing it out of proportion, i'm not there is no mention of this thing in the movie then suddenly... there! Few seconds later and good dragon becomes dragon god, sets Baurki on fire, Sarah turns into a ghost and goes with Dragon-god, dreamy reporter left in the middle of nowhere roll credits... thank god<br /><br />Now our relationship as rocky as it was had its good times. There was a guy that look like shredder from turtles and talked exactly like a tuskan raider from star wars. I'll call him Tuskan Shredder. He could do whatever he wanted whenever he wanted to it just could never be useful. He could walk through a wall in a scene where that wasn't helpful. He could go in your dreams when that wouldn't do any good and he could light ten random soldier guys on fire but not when it mattered. He was also allergic to touching that junk jewelry. I like him cause he was hit by a car twice in the same scene and made fantastic tuskan raider noises. <br /><br />The actors for the most part were great... if great somehow meant terrible. Jason Behr, whom i thought was awesome in Roswell i slowly find out can only act one way and that's pretentious, spacey and Patrick Dempsey""ish"".<br /><br />The one thing i love about this filthy prostitute Dwars is its lead actor, Bauraki. That Giant snake acted his heart out. I'd dare to say that he was better at playing a cgi serpentine demi-god of evil then John Barrymore was at playing Richard the III or Hamlet. There was emotion in every scene, stealing the thunder from his lesser mortal supporting cast. When he ate an elephant i felt like no one past, present or future would ever eat an elephant with as much feeling. He was more then an actor, he was a force of nature and he put his heart and soul into every second of this cursed project. Yes damn it, my favorite actor in this film was a cgi snake. I've got the balls to admit that, do you?<br /><br />Here's to hoping Bauraki get's more work and isn't type cast, that Jason Behr finds a range of emotion other then dreamy stare, and that i never have to watch Blue Monkey again. <br /><br />So, D-War its over. I want my CDs back and let's just be friends",negative
"Uzumaki, is a visually stunning Film, and I don't think anyone is going to be able to argue that. But, unfortunately, the story somewhat falls flat.<br /><br />The film nevertheless is very entertaining. It uses it's wild style to tell a somewhat non-existant story. The film almost works, just based on it's characters and style, but In my opinion, leaves something to be desired.",positive
"I was wondering what possessed the organizers of the Victoria Film Festival to include this film in their program. I guess they must have agreed with the others who have reviewed this film. I, on the other hand, consider it the worst film I have ever seen. It starts with a bad script, full of holes, and dialog so unlikely it's embarrassing. Ideas are introduced, then dropped with no development. The acting left me totally cold and uninvolved. The set decoration was appropriate for the time, but a decorator's nightmare. The only way the characters could love this house is if their previous homes had been ghastly. The attic looked as if the items had been thrown in for the scene with no attempt to create the look of a real attic that has been filling with junk over the years. The photography was leaden and lacking in variety. Save your money for something worthwhile.",negative
"What can I say about it?It's another Hollywood's horror flick with very high budget(80 million dollars).Not scary at all,it offers us only a few thrills and one really creepy sequence with skeleton in the fireplace.A lot of computer generated special effects and nothing more.Catherine Zeta-Jones is beautiful as always,Lili Taylor is also a good actress.The architecture of the Hill House is amazing,all these monuments,statues,furniture...Delicious!However I don't like the ending because it was so luscious.Check this one out and form your own opinion on it.I give this picture 7 out of 10.",positive
"It wasn't until I saw Sidney Pollack in the picture that I ever connected him to this film. This is his worst possible movie. Absolute dreck. The dialog is wooden and unbelievable, the plot is unbelievable.<br /><br />Kristen Scott Thomas is wasted in this movie. There is nothing about her character that makes you even want to believe in this story.<br /><br />Harrison Ford is like on Valium. There is no life in his eyes.<br /><br />I blame Sidney Pollack for the failure of this movie. The script is awful, and he is too smart to not see that. So it smacks of some kind of payoff, whether of a studio obligation or something else, but this is just BLOODY ROTTEN!",negative
"Dolemite is one of the best movies featuring a pimp as a hero, who takes down the man, meanwhile hooking up with all the finest women that the ghetto has to provide. Mind you that these women know karate, and are fine foxy ladies.<br /><br />SPOILER--the end fight scene is pretty crazy, with Dolemite ripping the heart out of Willy Green. Make sure your copy is unrated.<br /><br />Plus there are a cast full of innovative brilliant characters like the Hamburger Pimp, Reverend, Mayor, Queen Bee, and others. The apparel is great, and the sets are full of 70's style. There are a few mess-ups in the production, such as boom mikes accidentally appearing, among other things, but that adds to the charm and laughs.<br /><br />I would recommend drinking a 6-pack before and during this movie, and keeping squares and the man a far distance away.",positive
This film's a big bore. It has a plenty of Predictable plots & endless sentiments from the start. It starts good with a classy number but seems lost midway.<br /><br />Surya & Jyothika's on screen chemistry works out really good & a good part by Bhoomika. Why include Vadivelu in it? He disappears totally after a good half an hour!. Santhanam proves his wit again by timing comedy.<br /><br />AR's tunes sure will last for sometime. But he could have done better. What ever be the drawbacks still it's worth watching once if you feel alone at home or looking for a good time-pass.,negative
I watched this because of the description and cover art and yet again was deceived.I am getting sick of all these new stupid straight to DVD horror movies.Once in a blue moon 1 will be OK. It started out with a confusing scene and then jumped 30 years and showed a couple one night during a thunderstorm which was OK because I like storms and it set a nice mood.Then it turned into a cool road trip where they ended up at a diner encountering bizarre people.The rest got weird and then got confusing.I did watch it til the end but was even more confused when it ended so badly.I had higher hopes for this movie but it was more like a science fiction then horror and something that should have been made for TV.,negative
"The biggest mystery of Veronica Mars is not one that she had to tackle on screen.<br /><br />Rather, the mystery is why this perennial ratings disappointment is still on the air. This week marked a nadir for Veronica Mars: it ranked 146 out of 146 shows in the big 6 (soon to be Big 5). Yes, you read right. Veronica Mars was beaten by every show of the now-defunct WB and every show on UPN. It was beat by all the shows on Fox and of course by all the shows on ABC, CBS and NBC.<br /><br />Now, the hip hypesters are going to say: but this was a re-run. But everything on TV that week was pretty much a re-run! It boggles the mind why CW would choose this proved ratings disappointment as one of the few shows it saved from UPN.<br /><br />Clearly something is going on behind the scenes. Favors are being exchanged and influence peddled.<br /><br />Sorry to be so cynical, but what other explanation is there? The ""Veronica Mars has potential"" line is clearly dead now that it's had two years to establish itself and failed to do so.<br /><br />Maybe it's Joel Silver's influence and clout, but frankly, I am at a loss why anyone would choose to spend their clout on a bad show that no audience is watching.<br /><br />A great mystery and a very inauspicious debut for CW.",negative
"No one would ever question that director Leos Carax is a genius, but what we wonder about is: is he an insane genius? So many people hated this film! I am normally the first person to accuse many French directors of making offensive, boring, disgusting and pretentious films (such as the horrible recent film 'L'Enfant' and the pointless and offensive 'Feux Rouges'). But strangely enough, I actually think that 'Pola X' is an amazing film, made with great skill and passion by a master of his craft, and containing remarkable performances. The film does carry melodrama to more extreme lengths than I believe I have ever seen on screen before. But then, Carax is extreme, that we know. The film also contains what I consider way over-the-top Trotskyite or Anarchist fantasies and wet-dreams, what with a mysterious group of young men training to fire machine guns at the bourgeoisie in between playing Scott Walker's rather fascinating music in a band which has its recording sessions in an abandoned warehouse filled with squatters and fires burning in old steel barrels. Guillaume Depardieu plays a rich young man in a château (whose step-mother is Catherine Deneuve, and he wanders into her bathroom while she is naked in the bath, by the way). But he suddenly 'snaps' completely when he discovers that his deceased father, a famous diplomat, had fathered an illegitimate daughter who had been effectively disposed of by Deneuve as an inconvenience. This is because the sister suddenly turns up as a kind of Romanian refugee with wild dishevelled hair, expressionless face, and little ability to speak French coherently. Depardieu then transforms himself into a 'class hero' of the far left and wants to kill or destroy his family for their hypocrisy and corruption, and lives in squalor and extreme poverty, while scorning a vast inheritance. He then commences an incestuous sexual relationship with his half-sister, which is shown in an explicit sex scene which has offended many people, though I have no objection to it, as I think people are far too hysterical about sex, especially in America, where apparently it never happens. The intensity of the acting and the filming make this unlikely scenario come off as an experience of powerful, if depressing, hyper-melodrama. The differences between Carax making an extreme film like this and the numerous extreme French films which I think are pretentious and disgusting are (1) that Carax is an excellent filmmaker, and (2) he is seriously attempting to explore a meaningful, if harrowing, extreme emotional condition, whereby a human being disintegrates and turns against his background. Many would say that the extreme elements in this film were gratuitous, but I don't agree. I believe Carax was genuine, and was not making an exploitation picture at all. It is very difficult to defend a man who goes that far and who, for all I know, may be a complete madman, but I believe he deserves defending for this remarkable cinematic achievement.",positive
"Although it really isn't such a terribly movie (especially considering it was made directly for TV-distribution), it'll be very difficult to point out one aspect in ""Bloodsuckers"" that is actually original or refreshing. Vampires in space isn't exactly a new formula, and even after so many movies dealing with these monsters in this particular setting, still no one seems to realize it's an incredibly stupid premise that can't possibly result in a halfway decent horror movie. ""Bloodsuckers"" even goes one step further and shamelessly imitates every imaginable motion picture that either revolves on vampires and intergalactic warfare. The plot and characters are mainly stolen directly from John Carpenter's ""Ghosts of Mars"" and James Cameron's ""Aliens"", as a crew of futuristic vampire hunters are crusading through space and regularly holding to eliminate a mutated species that peculiarly named themselves after notorious horror icons, like the Voorhees and the Leatherfaces. The good guys are a bunch of pathetic stereotypes, constantly dealing with clichéd issues and endlessly arguing about dreadfully unimportant matters. Captain Damian is the unpopular rookie, who'll really have to prove his leadership capabilities now after being more or less responsible for the death of the previous (and far more loved) Captain Churchill. The other annoying characters include a typical cowboy-style and trigger happy macho pilot, a tough female warrior with more balls than any of the males on board (she's of Asian descent, like the girl in ""Aliens"" was Latino) and the army's most valuable secret weapon: a Blade-girl! Quintana is a beautiful and deadly vampire who chose the side of humans. She can spot enemies when they're still light-years away and she can also do wickedly sexy things with someone's wet dreams. They eventually all learn to work as a team when forced to face the ultimate vampire-meanie: Michael Ironside (in yet another downgrading role). ""Bloodsuckers"" is an irredeemably stupid film, but it manages to entertain as long as it features gory killings, infantile dialogs and OTT make-up effects. It only gets intolerably boring when the frustrated soldiers blame the captain for the umpteenth time and bla bla bla. This film is a non-stop series of lame clichés and uncreative ideas, but at least it's watchable.",negative
"Inside I'm Dancing (Rory O'Shea Was Here)is the story of two handicapped young men, Rory O'Shea, who is almost completely immobilized and confined to wheelchair, and Michael Connelly who is debilitated by MS and also confined to a wheelchair.<br /><br />Set in Ireland, the film opens with Rory arriving at a assisted living center. He eventually befriends Michael but only after a few tense scenes where Rory rebels against the staff and other patients in the usual ""movie way"" playing loud metal music, using profanity, and general obnoxiousness. His budding friendship with Michael is cemented by the fact that Rory seems to be the only one who understands Michael, or is at least willing to try.<br /><br />Eventually, through some trial and tribulation the pair petition, and are granted, the right to live own their own in specially adapted apartment. The apartment is paid for by Michael's father who had essentially abandoned him do to his disability. The two also hire an attractive assistant named Siobhan (played by Romola Garai)to help them with their day to day living. This is essentially where the crux of the film develops as both develop feelings for her. Michael is struck particularly hard. Unfortunately, for both, but Michael especially, Siobhan does not feel the same and it results in her having to leave. As Michael temporarily regresses and wants to return to the Asst. Living Center, Rory convinces him to continue to live on his own. The film ends on a sad note, that many viewers may have seen coming, but ultimately, we are left feeling that Michael has truly become independent and the future is his, as Rory pointed out to him towards the end of movie.<br /><br />You know, I can't say that I've seen a lot of ""handicapped films"" and I don't know if they could be considered a specific genre. But there is a type of formula to them. One person is unwilling to live beyond his illness until some liberating force compels him/her to do so and Inside I'm Dancing is really know different. What works however, is it probably is more subtle about the peaks and valleys the two men go through then what you might expect. There are no intentionally gratuitous moments and no ""stand up and cheer"" manipulations. The sad parts are sad and the funny parts are funny. Some viewers might recoil a bit that Rory is the spiky haired punk type with the earing in his nose as the too perfect ""rebel"" cliché, but the actor, James McAvoy, somehow makes it real. The same can be said for Steven Robertson, who plays Michael. When Michael's heart is broken it doesn't seem to be invoked by a poor script trying to get the audience worked up, but rather a young man genuinely in pain over unrequited love. The kind of pain many can relate to whatever their physical condition. Again, these are the types of things that make the film work and make it poignant without being overbearing and enjoyable on many levels.<br /><br />Recommended.",positive
"I was very impressed with with this film which was directed by (Luigi Bazzoni). The story was about a young woman translator who suddenly has lost all memory of the last three days and has suffered nightmares about astronauts on the moon. She can not explained how this has happened to anyone. One day a postcard arrives for her from the island of Garma, where she goes to visit. strangely though people seem to know her even though she has never been there before. Also her dreams of astronauts on the moon come back to her.<br /><br />I thought that this was a very strange Italian movie that seemed very haunting at times and there was also strange images in the film that seemed to stay with you throughout the the time you were watching the film. I would recommend this film to people just to see how good it is. HIGHLY RECOMMENDED!",positive
"This movie is definitely a case of style over substance but the style is good and certainly more than unique on its own to make ""The Cell"" a memorable and above average movie.<br /><br />""The Cell"" is beautifully looking with impressive sets, costumes and make-up. Yes, it's real eye candy to watch all. The movie has some perfectly 'dreamy' sequences that are certainly odd but also very beautiful and imaginative to look at. This movie is a perfect mix of an art-house type of movie and a typical Hollywood-thriller, that is accessible to both fans of the genre.<br /><br />The story itself is pretty far fetched and doesn't always make sense. Because of that the movie isn't always pleasant and likable to watch but like I mentioned before, the style compensates for this. The style makes you keep watching till the end and provides the best moments of the movie.<br /><br />Vincent D'Onofrio is unforgettable as the serial-killer with a twisted mind. Vincent D'Onofrio is really underused as an actor and this movie shows his talent once more. I'm not particularly happy about the casting of Jennifer Lopez. I know that she can act in some of her movies but she really wasn't suitable to play the main character in this movie. Her character wasn't strong enough and she was overshadowed by Vincent D'Onofrio and Vince Vaughn. Still I felt that Vince Vaughn was also miscast in this movie. He didn't fit the role well enough and no, I'm not saying that because I'm used of seeing him only in comedies now days. The rest of the supporting cast is good and still give the movie a certain degree of credibility.<br /><br />The musical score by Howard Shore was also surprising good and was sort of ""Se7en"" like at times. It suited the movie well and gave some of the scene's some extra mood and atmosphere.<br /><br />It's a far from perfect movie and the concept is far fetched and not always handled in the right way. Still ""The Cell"" is a perfectly watchable movie and perhaps even a bit of a must see, due to its style, originality and creativity.<br /><br />7/10",positive
"This film is about a mysterious love letter that turned 4 people's love life upside down.<br /><br />The idea of the film is interesting, and the film could have been funny. However, this film is simply what a romantic comedy should not be. The characters are inadequately introduced at first, so it gets so confusing. The supporting characters come and go without adequate reasons, as if they exist just for one particular scene and then vanish into thin air. The pacing is awfully slow, that it makes 90 minutes seem more like 180 minutes.<br /><br />It could have been romantic and funny, but this film spectacularly failed to do either.",negative
"For a made for TV movie I thought that it was a great popcorn movie - don't expect anything to be very accurate and don't expect any award winners in this bunch but I do recommend this for a TV type version somewhat like ""The Replacements"". Look for cameos from real NFL players & officials.",positive
"Only the Brits could make a film like this and have it be so tastefully charming! Betty (Brenda Blethyn) wants something more out of life, but she doesn't know what, when she realizes she is in love with her childhood friend, Boris (Alfred Molina), who owns the local funeral parlor. Meanwhile, an American mortician (Christopher Walken) who ""wants to put the 'fun' back in funerals"" moves into this small Welsh community with his assistant (Lee Evans) and wants to give Boris a run for his money with flashy, themed funerals. (Star Trek funeral, anyone?) Brenda and Boris decide to stage Brenda's death and funeral, with hilarious results. A very enjoyable film - if you're a fan of British comedies such as ""Waking Ned Devine"", you'll love this.",positive
"This early Pia Zadora vehicle followed a familiar Harold Robbins formula: ambitious main character wallows in decadence while pursuing the path to the top of some randomly chosen but glamorous world, in this case the movie industry. But despite being so formulaic as to be completely predictable, this movie manages at the same time to be completely unbelievable. Zadora (to call her inexperienced as an actress is to be charitable) never convinces as a screenwriter. One would expect a movie about movie-making to have some insights into its own industry and creative process. But the script gives her none of the qualities which make writers interesting movie characters: observance, skill with words, a love-hate relationship with one's own creative abilities. Her character is as empty as a donut hole. And this is just a taste of the incompetence on display here. The cinematography is so murky that it is sometimes hard to see what is happening. And the scenes never really hang together, so everything seems like a succession of random moments at bad Hollywood parties. Avoid.",negative
"Fans of Euro-horror flicks - Portland's video/DVD store Movie Madness has a whole section devoted to this genre - can't afford to miss Sergio Martino's gut-busting ""L'isola degli uomini pesce"" (called ""Screamers"" in the United States). Here's the lowdown: some shipwreck survivors land on an uncharted Caribbean island in 1891. The island is inhabited by a landowner, a scientist (Joseph Cotten) and his daughter (Barbara Bach). Sure enough, it turns out that the landowner is making the scientist create a race of fish-men. And while the fish-men remain calm as long as they can drink their potion, they get nasty otherwise.<br /><br />This movie is sort of a mixture of genres: Euro-horror, swashbuckling, voodoo, and maybe a little bit of ""The Island of Dr. Moreau"". But it's mostly an excuse to have the fish-men disembowel trespassers; ya gotta love that! I wouldn't be surprised if the Euro-horror genre gave Quentin Tarantino some of his ideas for ""Grindhouse"". After all, the European horror directors have no scruples about what they show. This is one that you're sure to like.<br /><br />So Joseph Cotten is the only cast member from an Alfred Hitchcock movie (I mean ""Shadow of a Doubt"") who later co-starred with Ringo Starr's soon-to-be wife and Audrey Hepburn's ex (by whom I mean Mel Ferrer) in an Italian horror flick. The things that we see in life...",positive
"I have been watching horror movies since I was 5 years old, beginning with Childs Play.Since then, I have seen good horror movies and bad, but this is without question, the DUMBEST movie I have ever seen! The actors did all they could with the material. The plot was just idiotic. Plus , it was just all gore. I can stomach a lot of blood, but that was just ridiculous! In one of the scenes, a character gets stabbed in the rear end and choked with his intestines! Plain Stupid! Another problem with this movie is that its boring and probably the slowest movie ever made. The end of it is just dumb. But then again, it goes with the rest of it! At the end, when the girl gets away from the cannibal/ancestor, she receives help from a old lady. The old lady is making tea, but when she turns around to talk to the girl, the girl attacks her! She turned into a cannibal! Retarded movie.",negative
"if you like gangster type of movies, then this is the first one you should buy or at least rent, Al Pacino his performance is top notch. and the story is classic!! 10 / 10 !!!! Why isn't this movie in the TOP 250 list??",positive
"The dead spots and picture-postcard superficiality of ""Out of Africa"" just about buried any interest I might have had to read Isak Dinesen. So when my brother bought me ""Babette's Feast,"" and knowing it was based on a Dinesen story, I didn't exactly race to the VCR. But as the titles rolled, it became clear that this was no ordinary movie. Jutland (where it's set) is not Africa; the chill mist that collects on the camera shots is not inviting. The cold, forbidding sea; the heavy, gray clouds; the pale, icy green cliffs--translate to hardships that show on the faces over which director Gabriel Axel draws the curtain. The craggiest is Bodil Kjer's as Philippa; amid the myriad merits of this movie, the most memorable is that face. It stands like a map laying before us the cherished wonder of her minister father's apostolate; like a maze of long-overlooked fjords where the complications of her congregation's perseverance and commitment hang like gleaming escutcheons.<br /><br />I gather it's Dinesen's point how the world is drawn inexplicably to Christian dedication, when Philippa is rejected by her only serious suitor (because he fears he'll never measure up to the rules and rigors of her small religious clique), and he returns to find her mistress of whom he regards as the greatest chef on the continent. I figure it's also her point that Christ answers the doubts and regrets of those who give up worldly success (Philippa's sister Martina rebuffs efforts by a visiting baritone (Jean-Philippe Lafont whose jolliness creates an uplifting counterpoint to the sparsity of spirit that surrounds his discovery) to turn her into an opera star; the title character leaves France and an enviable reputation and seeks sanctuary as the servant of two spinster sisters) to pursue artistic triumphs for only God and those closest to Him to witness. But it's Axel who weaves the asperity of these people's lives with the richness of Martina's voice and Babette Hersant's table and effects a sumptuousness you'd never expect from a movie about sacrifice, faith, and religious conviction.<br /><br />What sets this movie apart from other religious movies is its sly humor. ""Babette's Feast,"" that is, the banquet itself--a posthumous commemoration of the minister's 100th birthday--is a beautifully orchestrated clash of sensibilities that delivers comic moments by an ensemble of actors that are unparalleled in their subtlety. It's just this deft comedy that enriches the solemn sentiments at closing. Together they do something pious movies seldom do. They leave a believer tremulously hopeful and unexpectedly resolute and humbled.",positive
"The acting is bad ham, ALL the jokes are superficial and the target audience is clearly very young children, assuming they have below average IQs. I realize that it was meant for kids, but so is Malcom in the Middle, yet they still throw in adult humor and situations.<br /><br />What should we expect from a show lead by Bob Saget, the only comedian in existence who is less funny than a ball hitting a man's groin, which is probably why he stopped hosting America's Funniest Home Videos.<br /><br />Parents, do not let your kids watch this show unless you want to save money on college. Expose your kids to stupidity and they will grow up dumberer.",negative
"This movie is SOOOO funny!!! The acting is WONDERFUL, the Ramones are sexy, the jokes are subtle, and the plot is just what every high schooler dreams of doing to his/her school. I absolutely loved the soundtrack as well as the carefully placed cynicism. If you like monty python, You will love this film. This movie is a tad bit ""grease""esk (without all the annoying songs). The songs that are sung are likable; you might even find yourself singing these songs once the movie is through. This musical ranks number two in musicals to me (second next to the blues brothers). But please, do not think of it as a musical per say; seeing as how the songs are so likable, it is hard to tell a carefully choreographed scene is taking place. I think of this movie as more of a comedy with undertones of romance. You will be reminded of what it was like to be a rebellious teenager; needless to say, you will be reminiscing of your old high school days after seeing this film. Highly recommended for both the family (since it is a very youthful but also for adults since there are many jokes that are funnier with age and experience.",positive
"This film has got so much in it. Prehistoric society, adventure, romance, true brotherhood, violence, sex, religion; all depicted abundantly..without a single word uttered!!! And how come it sucks so bad? This film will make you rethink the origin of humanity. If this were the product of anthropology, you would rather defy Darwinian theory and Hegelian synthesis all together. You cannot bear to watch this even with your brain shut down. And now you are thinking, ""I've got to see this."" I warned you. I take no responsibility whatsoever should you regret spending over an hour staring at this piece of art. Well, I did warn you. This should be forgotten and buried for ever.",negative
"This show proved to be a waste of 30 minutes of precious DVR hard drive space. I didn't expect much and I actually received less. Not only do I expect this show to be canceled by the second episode, I cannot believe that Geico will ever attempt to use the cavemen ad campaign EVER again. I would have preferred spending a night checking my daughter's hair for head lice than watching this piece of refuse. I wonder what ABC passed on to make this show fit into the '07 fall schedual, perhaps a hospital/crime/mocumentary reality show featuring the AFLAC duck? In the event that I failed to express my opinion about this show let me be clear and say that it is not too good.",negative
"The ""Wrinkle in Time"" book series is my favorite series from childhood. I have read and re-read them more times than I can count over the last 35+ years. The characters, with all their virtues and flaws, are near and dear to my heart. This adaptation contained very little of the wonderful, magical, spiritual story that I love so much. To say I was disappointed with this film would be a great understatement.<br /><br />If you have never read the book(s) I imagine you will enjoy the movie. The acting is passable, the special effects are well done for a made for TV movie, and the story is interesting. However, if you love the books, avoid this movie at all costs.<br /><br />I found this statement at the Wikipedia page of the novel: ""In an interview with Newsweek, L'Engle said of the film, 'I expected it to be bad, and it is.'""<br /><br />I, like another reviewer here, feel the need to read the book again to dispel this movie from my mind.",negative
"Why can't this type of compact, entertaining mystery be filmed in the new century? It keeps the viewer thinking and guessing all the way. The cast is a great ensemble. William Powell exhibits true star quality. Who knows--perhaps he was rehearsing for his future as Nick Charles. He is a joy to watch. One also can see why Eugene Pallette made more than 200 films. He is a great supporting character actor and his excellent chemistry with Powell is fun to watch. Mary Astor does above average work in a not very meaty role. All other hands chip in to make this a thoroughly enjoyable way to spend 73 minutes. I suspect Michael Curtiz had a ball directing his one. Bravo!",positive
"Telly Savalas put on a passable (but no better than that) performance as Pancho Villa, the notorious Mexican bandit/revolutionary in this account of Villa's raid on the town of Columbus, New Mexico in 1916. Villa is not really a historical figure who I'm overly familiar with, so I won't say much about the historical details of the film. As a movie, this isn't great, although it has a smattering here and there of both action and humour. Chuck Connors' performance as Colonel Wilcox, commander of the U.S. Army base near Columbus struck me as a bit over the top, and Clint Walker as Villa's Gringo sidekick Scotty didn't really do very much for me. The movie is obviously a pretty low budget effort of limited technical quality. For a movie with a runtime of only slightly over an hour and a half I have to say that this movie dragged in places, particularly in the last 20 minutes or so. Villa's raid into the United States was an interesting (if, in the overall scheme of things, not especially important) historical sidebar, and probably deserved better treatment than this. 4/10",negative
"After seeing Big Fat Liar, I think Jason learned a lot more. When he told the truth about Marty stealing his story, it was like the boy who cried wolf. People heard him, but they didn't believe him. Nobody did anything to help him. Besides, not only Marty's movies stink, so does his advice. The truth is not overrated. I am so glad he got exposed for what he really is. Everyone found out that he stole from that boy, including his parents. Not only he stole from that boy and lied about it, he gave them someone else's work and tried to call it his own, which is plagiarism. Doesn't he know that it is illegal to plagiarize someone's idea? Another reason why he got fired. He is not trustworthy. He's a liar, a cheat, a thief, a crook, and a plagiarist. You got that Marty? You're a plagiarist. Plus, you got everything that you deserved.",positive
"This cheap, grainy-filmed Italian flick is about a couple of inheritors of a manor in the Italian countryside who head up to the house to stay, and then find themselves getting killed off by ghosts of people killed in that house.<br /><br />I wasn't impressed by this. It wasn't really that scary, mostly just the way a cheap Italian film should be. A girl, her two cousins, and one cousin's girlfriend, head to this huge house for some reason (I couldn't figure out why) and are staying there, cleaning up and checking out the place. Characters come in and out of the film, and it's quite boring at points, and the majority of deaths are quite rushed. The girlfriend is hit by a car when fleeing the house after having a dream of her death, and the scene is quite good, but then things get slow again, until a confusing end, when the male cousins are killed together in some weird way, and this weirdo guy (I couldn't figure out who he was during the movie, or maybe I just don't remember) goes after this one girl, attacking her, until finally this other girl kills him off. Hate to give away the ending, but oh well. The female cousin decides to stay at the house and watch over it, and they show scenes of her living there years later. The end. You really aren't missing anything, and anyway, you probably won't find this anywhere, so lucky you.",negative
"Every movie Quentin Tarantino has made has become progressively worse. I'd like to believe that most people would agree with that statement, but seeing as ""Inglourious(sic) Basterds(sic)"" has an 8.5/10 from over 100,000 ratings, it doesn't seem like the general movie-going public has any sense. Even his best work, Reservoir Dogs, wasn't a 'masterpiece.' The trouble is that claiming that you like Tarantino's work has become trendy. As soon as that happens, you get boatloads of people ready and willing to hop on another bandwagon. They will ignore laughably terrible acting, and utterly self-indulgent writing just so they can be part of the exclusive club called ""everyone."" This movie is so terrible, that I swear it must be some sort of twisted joke by Tarantino to see how much torture his fans will tolerate and still praise him. Like another reviewer has already said: ""Previous Tarantino movies were from a guy in love with other movies. This one is from a guy in love with his own writing."" I couldn't agree more. This movie is nothing more than self-indulgent and in-joke riddled writing paired with acting ability taken right out of a high school play. But, thanks to the general movie going public, I'm sure it will still go down as one of the best movies ever made. Bravo, Tarantino. You've pulled-off one of the best practical jokes of all time.",negative
"this movie has lot of downsides and thats all i could see. it is painfully long and awfully directed. i could see whole audience getting impatient and waiting for it to end. run time is way over 3 hrs which could have been edited to less then 2 hrs.<br /><br />transition between stories is average. most people confessed being on seating expecting something better to come out.<br /><br />its funny only in pockets. ambitious project and a below par execution. govinda does a fair job, anil kapoor disappointed me, rest we as expected. if u r expecting anything close to babel or love actually then its no where close.",negative
"Oh it really really is. I've seen films that I disliked more, due to whatever reason, but never have I seen a film that just fails in every single aspect of film making. It even fails to fail at film making, in a Way the Hercules in New York could be said to do. It's not the film I like the least, but it is the very worst film I've ever seen.<br /><br />The acting is the first thing that strikes you. I've never seen a worse acted film outside of pornography. In fact I've plenty of pornographic films that are acted a damn site better than this. It really is awful.<br /><br />Technically, it's terrible. The camera-work is amateurish. The editing is nonsensical. I presume they couldn't afford proper sound equipment, and this meant that every scene in a car (and there's a lot of them) has them driving at about three miles per hour and every scene set outside by the same patch of woods (and there's a lot of them too) is actually dubbed from a studio, again lending more to the bad porn vibe.<br /><br />The plot is nonsensical, as many have pointed out. I'll defend vampires walking in daylight by the fact that despite it being popularized by Nosferatu, this was never originally an intrinsic part of the vampire mythos.<br /><br />Speaking of vampire mythos, the writer had evidently read Carmilla, or at very least seen The Vampire Lovers. I'm not sure how I feel about this, swaying from impressed that a movie this dire has at least some aspirations to a Gothic novel I'm very fond of; or annoyed by its at best sledgehammer references and at worst total desecration of source material. At very least 'the General' is an insult to Peter Cushing though.<br /><br />It gets two stars however, merely because I can't bring myself to vote one star for a film that has, or at least purports to have, both vampires and zombies in it. Incidentally I watched Lifeforce (another film that tenuously has vampires and zombies in it) on the same day as this, and despite being a rather flawed film itself, really comes out a masterpiece compared to this.<br /><br />So in the end, this is not a film so bad it's good, or so bad it's in any way enjoyable, even drunk. It's just a mess, and worth no-one's time watching.",negative
"Rendered in beautiful water colors, Ponyo At The Cliff is definitely a sight to behold, vaguely remembering the trailer, witch i didn't find that impressive, i was surprised at how beautiful and detailed it was. This film just washed over me with its purity.<br /><br />At the center is a young boy that comes into contact with a sea creature, and its their relationship that carries the movie. Miyazaki is a master both at creating memorable imagery and showing young ones interacting in a believable way with their little quirks intact.<br /><br />There are a few parts that didn't sit well with me. It would be an understatement to say that the music during a particular scene ""resembled"" Ride Of The Valkyrians, its a shame because such a precious film as this cant afford to take liberties and it hurt a otherwise truly great scene. The antagonist and its back-story never interested me either, but i guess it served more as a background then anything else.<br /><br />Anyway, great film. The boat trip scenario with all its imagery and sea-creatures stood out me thinks. Pure and magical. And yes, handrawn artwork is more intimate then computer animated, I'm really pumped for Princes And The Frog now.",positive
"It's a shame that by garnering a restricted rating, perhaps the audience that would find this film the most useful won't likely see it.<br /><br />Imaginary Heroes follows the life of a teenager after his brothers' suicide. Not, of course, the most original story in the world, however it does spend a great deal of time humanizing their parents, the 'imaginary heroes' that failed in their sons' eyes.<br /><br />For teenagers, who tend to put responsibility for their failures on their parents but yet refuse to accept any real responsibility on their own, the movie sends a powerful message, that in the end we all have our own troubles we need to deal with, and that we all make our own paths.<br /><br />But, unlike other movies that tend to urge youth independence, this one resolves the issues between parents and child, and they become a stronger unit for it. That the eldest child committed suicide is regrettable, but not overlooked later in the film, and the responsibility by all parties for the tragedy is thoroughly explained.<br /><br />Although the subject matter has been covered before, it hasn't been covered quite this way -- the film pulls very little punches. Now, why this earned it an R rating is confusing -- you're unlikely to get across to a teenager in this era without being realistic, but yet providing realism restricts that very audience.<br /><br />Were my junior high-school class have been shown this film, two suicides may have been prevented. In this case, the censors seem to have exercised extremely poor judgment.<br /><br />8/10",positive
"For those with access to the BBC or the CBC, this has proved to be spectacular. Like Battlestar Gallactica, this is a show rebuilt from the ground up. But in the case of Dr Who, they saved the best parts. I can't believe I am saying this but.. this is by far the best Dr Who. This has none of the cheap production values and sometimes slow plodding of the old show. The acting is quite good and there is a real sense of continuity and history. The new Doctor is easily the equal of the great Tom Baker, and the writer (former QAF lead) seems to have made even the minor characters come alive.<br /><br />I know...I'm gushing..but this should be on everyone sci-fi geeks list. I just don't know why it hasn't made its way here.. Whatever you do...if you ever loved Dr Who or sci-fi..see this!!!",positive
"This film is an hour or so of good entertainment and has some genuinely funny moments. I loved the character of Matt, and also Tiny. They seemed the most engaging and funny characters, and certainly the most interesting. Matt is very good (as is his no good cousin), and the police woman and the blonde biker woman provide some welcome eye candy. I must say I saw striking similarities between Matt and another Aussie actor, Eric Bana. My personal favourite part was the brothel scene, loved that. Overall, I liked the film and it'll get about an 8 rating. The penalty however, I was disappointed in. It was a side foot curl, rather than the appropriate laces blast.<br /><br />I am of course kidding. :)",positive
"This show was incredible!!! I've seen all three and this is the best. This movie has suspense,a bit of romance,stunts that will blow your mind (GO BOBBIE), great characters and amazing locations. Where was this filmed? Will there be more? I really liked the story line with her brother. Looking forward to Chameleon 4 and to see how the world is saved yet again.",positive
"I actually like this movie even though I don't fancy James Belushi very much. In this movie, you can actually see several big names on the rise, Linda Hamilton and Courteney Cox namely; Caine's was already big of course. The plot in this movie is simple; its just like that Sliding Door movie. It however was told in a light-hearted manner and I like the comedy moments in it. It made me trying to relive my own important moments in live, eg what if I've taken that girl out for a movie, and not the other etc. It tells us that people around us could have taken different roles in our lives if some minute details were to change. It also reminds us to be careful what we wish for. Life is not always as good on the other side as we think; maybe, what we have now is the best for us, all things considered.",positive
"I gave this a four purely out of its historical context. It was considered lost for many years until it popped up out of the blue on Showtime in the early nineties.<br /><br />Moe is the straight man and Larry and Curly act as a duo. Spade Cooley has a couple of numbers. I guess it had something to do with working on a ranch. I'm not quite sure because the plot was so minimal nothing really sticks in my memory. I vaguely remember it being a western musical comedy. Even the Stooge's seem to be going through the motions. Overall there's nothing much really to recommend here.<br /><br />If you're not a Stooge fan then don't bother. If you are a Stooge fan, then stick with the shorts.",negative
"A delight mini movie, a musical short based on three of Cole Porter's Broadway smash songs. Bob Hope's first credited film is a delight! He plays an American playboy millionaire on vacation in Paris. The film opens with him sitting at a table of an out door café telling his friends about this beauty that takes his breath away. Suddenly he spots her a few yards away. he is so over come his friends tease him and suggest ""just show her your bank book."" But Hope claims he can win her in less than 30 days with ""no"" money! They bet polo ponies over the issue and take all his cash and ID's. Hope follows her and when they are alone gushes out a proposal she does not believe he is sincere until he sings to her, ""You Do Something to Me"" by Cole Porter. But she must leave and he tries to earn money as a tour guide so he can pursue her. But when she sees him showing another girl around town, disillusioned she wants to drop him. He continues to chase her and catches up to her and her family at a race track where he bets his meager earnings on the last race hoping to win enough to impress her. Through a series of events and large synchronized dance numbers he loses the winning ticket and she decides to marry him rich or poor. So he wins the girl, the race and the bet and sings two more songs!",positive
"I have never understood the appeal of this show. The acting is poor (Debra Jo Rupp being a notable exception), the plots of most episodes are trite and uninspiring, the dialogue is weak, the jokes unfunny and it is painful to try and sit through even half an episode. Furthermore the link between this show and the '70s' is extremely tenuous beyond the style of dress and the scenery and background used for the show -it seems to be nothing more than a modern sitcom with the same old unfunny, clichéd scripts that modern sitcoms have dressed up as depicting a show from twenty years ago in the hope that it will gain some nostalgic viewers or something like that. Both ""Happy Days"" and ""The Wonder Years"" employ the same technique much more effectively and are actually a pleasure to watch in contrast to this horrible, pathetic excuse for a show",negative
"Look, this is quite possibly one of the best movies America has to offer the rest of the world. To hate this movie is to hate freedom itself. I remember that the early 80's were a time of uncertainty. The economy was weak, communism threatened us all, and nuclear destruction was almost a certainty. Out of that confusion came a hero, Stroker Ace. Ned Beatty's performance in this movie showed he was never again to be type cast as a one dimensional victim in the wilderness. His triumph is an inspiration to all. The on-screen chemistry between Burt and Loni draws obvious comparisons to Brad and Jennifer. Jim Nabors is a poet. Go see this movie tonight!",positive
I feel totally ripped off. Someone needs to refund the $4.95 I spent at Blockbuster to rent this homemade mess. This is NOT a musical it is a complete waste of time and my evening. What I don't get is why did this get distributed in the first place???...somebody MUST have been doing some heavy drugs the night that deal was made. I've seen better films come out of film schools and I have been to film school so I can say that as a fact. The quality of this work is also just SO VERY bad to view...shot on DV??? Nuff said. The songs are not songs but just banter that sounds the same in every section. Want to see a good musical? THEN DON'T RENT THIS MOVIE.,negative
"Killer Tomatoes movies have this special kind of humor - you either love it or hate it. I personally like it, but in this fourth movie the feeling is gone. The tomatoes aren't the same, jokes are lame, even the actors aren't as funny. Because that's the only thing this kind of movies are supposed to be - funny.<br /><br />So now following the plot made to laugh, is annoying. They really shouldn't have done the fourth part to the Killer Tomatoes trilogy.",negative
"I didn't see such a movie where the creators put so much heart's blood into their work and paid attention to the finest details for a very long time.<br /><br />Everything was well thought and perfectly put into reality. Camera-work, editing and compositing worked so good together it was just amazing. The titles were so fun and so perfectly choreographed.<br /><br />This movie just blew me away.<br /><br />The ""Showdown"" could have been cut down by 10 or 15 minutes though.<br /><br />It's a near to perfect homage to early silent noir Films story, acting, scenery and costumes were perfectly fitting and believable to have com from the times of silent film-making.",positive
"After watching the trailer I was surprised this movie never made it into theaters, so I ordered the BluRay. I had a great time watching it and have to say that this movie is better than some major animation movies out there. Of course, it has its flaws but I can still really recommend it. The animation is well done, very entertaining and unique and the story kept me watching it all the way to the end. Some of the backdrops are just drop-dead gorgeous and you can see the French talent behind it. I thought that Forest Whitaker's performance feels a bit lifeless but that is how the character Lian-Chu is depicted in this movie. So overall, thumbs up, I liked it a lot and I hope it is successful enough for all the studios involved to continue making great movies like this. I would recommend to give it a chance and be surprised how great a movie can be with such a small budget. Hektor alone is worth watching the movie since some of his moments are Stitch-like hilarious.",positive
"Mon Oncle Antoine observes the craggy face of a homespun community from various angles, slowly, taking its time through the beginning, as it should, until we emerge from shattered (but banal) hopes and expectations, into swirling ecstasies of dreams and a heart-stopping revelation about the terrible enigma of mortality.<br /><br />Aimless pans and zooms across the snowy mountainside comfort the mind and hypnotize the viewer. This restless camera work is personified in a fringe character who is equally the drifter, quitting his job at the coal mine and leaving his family to cut lumber, then quitting again and returning to the stark humanity of his boy dead. <br /><br />A fetching old woman cheats on her husband and a young boy dies. Old things become new and new things die. Throughout is the snowy whiteness, as wonder-stricken as the history of cinema.",positive
"Shower keeps within itself in so many ways. Almost all of the movie takes place in an old- time bathhouse, with the denizens supplying the humor, pathos, and emotional touches. The love and friendship between the proprietor and his retarded son is deep and moving. The way the older brother is drawn into this tiny world seems unforced and persuasive. The plot is meandering, full of surprises and ironies, and touched overall by a sense of what I'd have to call neighborliness in the relations and conflicts of the performers. This is a film I pull out when I want to believe in the world again.",positive
This is how movies are supposed to be made: a fascinating setting; characters about whom you come to care deeply; writing and editing that move the plot efficiently and build suspense. This is a wonderful film -- deeply moving without being sentimental. Highly recommended.,positive
"Most of the Atomic Age monster movies I saw on television as a kid- and some of them, THE BLOB included, scared the daylights outta me. Movies like INVADERS FROM MARS made it all too clear to us ""small fry"" that kids just weren't to be trusted when it came to things like things invading the Homeworld; THE BLOB just reiterated that fact. I recall, fondly, late evenings spent stretched on the floor watching as Body Snatchers and Martian Invaders and Blobs seeped into an unsuspecting society. There was a summer, in the early 1980s, when a local science museum (in Richmond, Virginia) ran an Atomic Age classic every weekend. These were 16mm films, and most were black and white (and the projector was noisy), and the ""color"" print of THE BLOB had faded to a faint pink- but, man, was it fun. I dragged my mother along, and she enjoyed it as much as I did. It was there, at that science museum, that I truly fell in love with THE BLOB. The filmmaker's intent was, of course, to make money- but it was the sincerity of all involved, from the filmmakers to the ""talent"" (the players), that made me fall in love with this movie. Corny? You bet. Cheesy? They don't get any cheesier. But, man, what a movie!",positive
"""Japan takes the best from around the world and makes it their own"", while that may be true, it applies to all except for one thing, that being,.....Major league baseball....but not to worry, ""Mr Baseball"" is there to try and change all that. But just who will change whom, is the part of the movie that really makes it rock! Tom Selleck is one of my favorite actors and really shines-on in his comedic roles. The storyline may be true to life, however the subplot is dead-on. The Japanese people are a gentle, respectful people with ways and traditions very different than those of Western Society. All of these elements and obstacles combine to make for one truly enjoyable, funny film. It's definitely worth the watch!",positive
"This film brought back a lot of good memories and really works to give a good buzz. There was no pc message and the film is all about having a good time, which is all there really is to it when people go out clubbing.",positive
"I caught this movie on IFC and I enjoyed it, although I felt like the editing job was a little rough, though it may have been deliberate. I had a little bit of a hard time figuring out what was going on at first because they seemed to be going for a little bit of a Pulp Fiction-style non-linear plot presentation. It seemed a little forced, though. I certainly think that the movie is worth watching, but I think it could have used a little cleaning up. Some scenes just don't seem to make sense after others. <br /><br />I'm surprised to see the rating here as low as it is. It's not outstanding, but it doesn't have any really serious problems. I gave it a 7/10. The movie did show at least that Laurence Fishburne can act when he wants to. They must have just told him not to in the Matrix movies.",positive
"I sat through this movie this evening, forcing myself to stick with it even though I never cared about any of the characters or what happened to them, because the two leads, Gérard Philippe and Michèle Morgan, were major film stars of their era and I wanted to see them in ""something different,"" which this certainly was. They both gave fine performances, but of distasteful characters.<br /><br />Indeed, the whole movie is about a shabby little town in Mexico inhabited by almost uniformly distasteful characters (the doctor is, of course, the major exception). What Michèle Morgan ever sees in Philippe to fall in love with him is never explained.<br /><br />This is supposedly based on a work by Jean-Paul Sartre. All I could think was that, if Sartre's work is anything like this movie, it must be a very mediocre attempt at imitating Camus' masterful novel The Plague, which dealt with a plague in North Africa.<br /><br />A well-acted but uninteresting movie.",negative
"Maybe the target audience of this Disney Channel TV-movie will be pleased with it, but if any parents are watching along with the youngsters, they will clearly see that ""cranked out"" is written all over this production. Obviously it was no one's dream to make this movie, but rather, this was concocted in a board room somewhere, then produced with cold efficiency. There is some talent among the cast, but actors like Dabney Coleman and Jay Thomas don't get much of a chance to showcase their talent. The impossibly cute Elisabeth Harnois is engaging as the First Daughter, but Will Friedle is stuck once again playing another dumb character, though he's not nearly as moronic and annoying as in his ""Boy Meets World"" role. The background for this movie is Washington, D.C. and the White House, but there is no real ""presidential"" feel to the film and the Secret Service is made out to be little better than the Keystone Kops when it come to doing their duty. The Disney Channel presents a lot of original TV-movies and most of them are better than this.",negative
"Having first watched the movie at 14, I remember being struck by hearing the word 'govno' (sh*t) for the first time ever on the then-still-Soviet TV (I bet it really was *the* first time in history  anyone wants to add this to trivia section?:)... What an open boldness and freedom, I thought! As years passed, I was more and more impressed with the movie and the incredible acting, but my feelings turned to a kind of mixture of enjoyment from a genuine piece of cinematographic art and a bitter realization of a concept diametrically opposite to my 14-y.o. impression: helplessness. There's an air of inevitable catastrophe looming throughout the movie, of primitive degenerate tide (embodied by Sharikov) sweeping the lives of the finest minds advancing humanity in their areas... It's a great metaphor of Russian revolution in general, inspired by intellectuals ashamed of their superiority and hoping to 'upgrade' the lower classes, only to unleash the power of mediocrity and get swallowed by it... An extremely fine and talented piece, wrapping a truly sad idea in a brilliantly satiric and elegant form. Symbolically enough, the movie itself marked the end of the Soviet movie traditions era before the Hollywood tsunami had knocked them over  for good, it seems, judging by most current Russian movies (most of them labeled 'blockbusters' in prerelease!!! trailers and posters:).<br /><br />Funnily, that 'govno' episode is in no contradiction to Efenstor's comment above re rude language of current generation... From what I've already said it could seem that this might be the movie that showed the way for this, but it was not. A mild word by current standards, it was way too rude back then, and just rude enough to show the true nature of all Sharikovs... BTW, re Efenstor's lament, it is sooo naive to juxtapose being intellectual and using rude lexicon, especially for Russian speakers, where a single cussword could have meanings that take sentences in translation! But I join in regret that ALL the meaning in today's teenager's talk may be expressed by cusswords. I feel that this is the bigger problem than their choice of the medium that's most efficient for the task:) Well, this movie and the book are great food for thought that might change them, or anyone who might have a luxury of watching it.",positive
"People must learn to watch what is up there on the screen. This is a great film that is based on a slow, careful gathering of details which serve to establish the personalities of these two men. The passivity of Yusuf (Emin Toprak), the country cousin, is well described by his fear of talking to women. He has at least three chances to start a conversation with a young woman and loses all of them. He has many decades of bachelorhood ahead of him, and maybe unemployment as well.<br /><br />Mahmut is a different case. He got out of the small town by working very hard (we imagine), and his resentment of slackers like Yusuf is palpable (he leaves crumbs on the expensive carpet--the slob!). We are shown a group of friends talking about Tarkovsky among other things, and we note that Mahmut feels regret--but only slight regret--that his work has become commercial over the years. The gulf between the cousins just gets wider and wider. The mouse trap theme is wonderfully vivid, it brings out the compassion and confusion of Yusuf, and the cold-blooded problem solving of Mahmut.<br /><br />I was reminded of two classic films of men driving each other nuts: Les cousins by Chabrol (the rich boy with Hitlerian pretensions played by Brialy is always in my mind) and Kiss of the Spider Woman (William Hurt can't figure out why everybody's so mean). Nuri Bilge Ceylan takes his place among the dozen important directors now active. I just hope that in future he will come to rely on collaborators, instead of directing, writing and shooting his films himself.",positive
"This is on my top list of all-time favourite films! It is a fantastic and insightful film. It was Historically interesting and great to watch! I thought the acting from Emily Blunt was fantastic and Rupert Friend was a fantastic Albert, the best actor was chosen for Albert. The costumes were gorgeous and the settings and scenes such as the opera house, were amazing and detailed. I just loved it, all of it! I loved the childhood scenes were she's getting 'bullied' by John Conroy. And where her mother says she has to walk stairs with an adult. One again the writers have done it! They produced this fantastic script! <br /><br />It thoroughly deserves the awards they got. (Oscar and BAFTA wining Sandy Powell, for costume design. A BAFTA for best make-up and hair, an Oscar in Best Achievement in Art Direction, Best Achievement in Costume Design, Best Achievement in Makeup. Broadcast Film Critics Association Awards for Best costume design, also nominated for best actress Emily Blunt. CDG for Excellence in Costume Design for Film - Period. Hampton's International Film Awards for an Audience Award for Best Narrative Film. PFCS for Best Costume design.Sudbury Cinefest, doesn't say what for. VFCC for Best Actress, Emily Blunt.) Overall 10 wins and 11 nominations! That pretty good! http://www.imdb.com/title/tt0962736/awards Have a look yourself, its really interesting! Personally Rupert Friend should have got an award.",positive
More eeriness and dark secrets released in the final parts of Lars Von Trier's fantastic horror satire The Kingdom... Much more is revealed and the ending just leaves you begging for more. Plus a great performance from Udo Kier in a more substantial role...,positive
"Commissaire Mattei(André Bourvil) is a single with a little gun who loves cats and his boss at the Paris police department is a philosopher who knows that even the police becomes sooner or later guilty. That is what the film is all about. And a jewel robbery at the place Vendome.<br /><br />Corey (Delon) brings the plan from prison, Vogel(Volonté)joins him and helps him against two tough guys, who are after him, because he took mafioso Ricos(Andre Eycan) money, while Rico already took Coreys girl friend and left him very much alone for five years in jail. Corey and Vogel find a third man, Jansen(Montand), a former police officer and sniper who opens a security lock by shooting special hand made ammunition into a hole. A perfect plan and cooperation, but they have to sell the booty and there is Mattei in the role of a buyer in disguise. The circle closes. Running to help each other they are shot by the cat loving Mattei and his little pistol.<br /><br />It took Melville 20 years he says to make a robbery film after he failed to get a contract for RIFFIFI. Melville wrote the screenplay and filmed in the south of France and in Paris of yesteryear. The great Henri Decae is as usual the lighting cameraman. It is the one before last picture of Melvilles who died after another film with Delon in 1972.<br /><br />Melville actually wanted Belmondo instead of Volonté, he didn't like that Italian at all, but Volonté-Vogel is an excellent fugitive and gives next to Bourvil the most convincing performance. But mind you: Melville notes, that Volonté is an instinctive actor, a strange character, very wearying and absolutely impossible on a French set. Melville didn't like him at all and didn't want to work with him ever again.<br /><br />Melville is wrong. Volonté give the most lively character in the nowhere of not so many interesting characters. You can see what he is feeling being chased by Mattei and his little dangerous gun and all the dogs of France in winter 70. A wild actor.<br /><br />Also André Bourvil, who passed away close to the time of the filming. He also was not first choice, but definitely a great substitute. He carries the instinct of a lonely hunter through the whole film and gets in the end his chance to become guilty once more.<br /><br />Jansen has entered at night the jewelry shop with a rifle and a tripod but risks eventually freehandedly a successful shot. When he meets Delon the first time we already know that the elegant Jansen has a severe drinking problem. After the robbery Montand renounces to take his part of the booty and mentions to Delon, who looks up to him, that he only got into the red circle, because he wanted to take revenge on the inhabitants of his wardrobe. Delon doesn't catch what he means. The audience recalls having seen Montand in a great scene in his haunted house fighting helplessly nightmare creatures that come out of the wardrobe and attack him. At that time a very rare scene, one recalls a long time after. I bet it was ever so difficult to arrange and direct that stuff at a time no one imagined the coming days of digital movie making. Great artwork when art was made by hand.<br /><br />We sure will remember a crew like the actors, still it seems even after 33 years this one stays the less popular of the six thrillers of Melville. What is wrong with it? I am afraid one doesn't take much interest in those three actors (showing three criminals) and their police hunter. We learn too little about Corey and his fatal 5 years away from his beautiful girl(Anna Douking). Montand is still a great sniper, but what made him become a drinking man with funny creatures in his wardrobe. Delon acts as if he is in an earlier adventure of the samourai, Volonté is the man in the trunk of Delons American car and superbly moving and Mattei is swell to look at, a great actor at the edge of his life. But how could he ever possibly doubt that all are guilty ?<br /><br />In an interview Melville states, that there is no woman in the film. Not in the very red circle, but I remember well that jolly good looking female Anna Douking (with no future career). We are in the 70s. There in fact rises a woman from the bed of an old mafioso wearing nothing and walks slowly to the door to listen to the voice of her old lover Delon. Bardot did something like that 10 years earlier. This time Melville was directing. Well done.<br /><br />The RED CERCLE has certainly added a few but not many glittering gems to film history. The robbery at Place Vendome and Montands wonder bullet the inhabitants of the wardrobe and Volonté escaping Bouvil in white underwear and carrying his trousers carefully across a stream. That is too little for a great gangster and robbery movie. But the 110 minutes never bore you and it is a game on a high level. And there are probably some secrets you learn when you see the film over and over again. None of the secrets is that we are all guilty and the late Francois Perier is also featured.<br /><br />Michael Zabel",positive
"A wide variety of snakes stage an uprising on tourists ""invading"" their island due their captain's boat damage. The few remaining survivors who aren't caught vulnerable by the snakes will attempt an escape mission, their goal to flee to available boats which can get them safely off the island.<br /><br />Presented straight-faced with injected doses of visual humor featuring lots of snake gags, Wayne Crawford's SNAKE ISLAND features plenty of different breeds of the slithery predators, in striking position, ready to attack their prey. Star William Katt, as an author researching snakes for a forthcoming novel, has fun in his role along with writer / director / co-star Wayne Crawford(..as the tourist boat captain) as put-upon heroes who stare down a most serious crisis. Kate Connor is Crawford's attractive love interest, a lawyer on vacation. The other cast members serve as either tourists or crew, mostly fodder for the snakes. <br /><br />As in many other movies of this type, director Crawford features live snakes with computer generated ones, and the violence is really tame. Crawford even incorporates the point-of-view technique with the camera as the eyes of the snake as it faces the potential victim(..with the actor looking directly into the camera). Never to be taken seriously, the tongue-in-cheek approach was probably the best way to shoot SNAKE ISLAND because the premise is just too ridiculous to accept on it's own.<br /><br />The effects and suspense scenes rarely work because Crawford is often unable to successfully stage the sequences where humans face off with the snakes. The snake attacks themselves also never happen on screen(..one or two tops), or are so limply presented they leave little impression. That's a no-no for a genre such as this. Fans of Katt will probably want to check it out because he does provide some facial comedy that establishes the overall tone of certain scenes where he must defend himself against the snakes. The CGI scenes where we see a large number of snakes in a general area aren't very effective which remove the realism Crawford might've attempted to establish. There are plenty of better horror films featuring snakes as the aggressors than SNAKE ISLAND. Surprising moments of nudity, relegated to a scene where the tourists and crew unwind after a long day with the bubbly, not knowing what danger lie ahead.",negative
"*Possible Spoilers* Although done before (and better) in 'Midnight Express' and 'Return To Paradise', Brokedown Palace still strikes a chord with me.<br /><br />Here we have the tale of two young girls who travel through Thailand, and get arrested on charges of trafficking drugs. Was it Clare Danes' Alice? Was it Kate Beckinsale's Darlene? Was it the handsome stranger whom they met on their journey? None of that really matters, for this is a tale of friendship and trust and the limits they can be stretched to. Throw in Bill Pullman as an unenthusiastic lawyer and Jacqueline Kim as his Thai bride (and better lawyer than he is) and we have a nice little story that holds the audience's attention.<br /><br />Brokedown Palace is nothing extraordinary, or notorious for any reason - it is not an original concept, it doesn't show sensationalised violence that leads to the wannabe-avant-garde crowd talking about it's ""gritty realism"" or ""hard hitting truths"" - it is merely a good story with some fine performances. Bill Pullman is weakest with his lazy drawl and gravelly way of talking - I was quite bored with the character.<br /><br />Kate Beckinsale, while decent, is nothing spectacular. She acts well, but it's not exactly a memorable performance.<br /><br />Jacqueline Kim however, is in fine form, crafting a likable and defined character where, really, there is not much to work with.<br /><br />But make no mistake - this is Clare Danes' movie. I've long been a fan of her work, and this is no change. She captivates in every scene she appears, and were it not for her, the film would probably stoop into boring fare. I particularly applaud her performance in the scene between her and Darlene's father.<br /><br />The film also has a brilliant soundtrack.<br /><br />7 out of 10",positive
"Writer & director Robert Downey, Sr., a pioneer of the underground film movement in the 1960s, satirized the New York Madison Avenue advertising world with his avant-garde comedy ""Putney Swope."" Downey doesn't confine his ridicule to advertising, but tackles black militant culture, the dynamics in Hollywood's portrayal of race, the elite white power structure, and character of corruption in any power struggle. As audacious and ambitious as ""Putney Swope"" strives to be, it qualifies as a terrible film, amateurishly made on a shoe-string budget with a no-name cast and humor that lacks hilarity. Everything about this movie reeks with improvisation. ""Putney Swope"" stirred up controversy during its initial release with its politically incorrect handling of race issues and consumer culture. Like most Marx Brothers movies, the plot is thin, providing an excuse for Downey's anecdotal gags, most of which are terrible.<br /><br />The chairman of a prestigious Madison Avenue ad agency dies during a board meeting. Before the body has been removed, the board holds a secret ballot vote to determine who will replace him. Each member understands that they are forbidden to vote for himself. Sheer accident occurs when everyone votes for the token black member, Putney Swope (Arnold Johnson), since none thought anybody would cast a ballot for him. Swope pink slips all but one of the white executives, surrounds himself with black, pistol packing employees, and renames the firm ""Truth and Soul Advertising."" Swope decides to alter the face of American advertising. He refuses to accept clients whose products are alcohol, tobacco, or war toys. Swope's clients stage an exodus after he becomes the CEO, and grandstanding attracts a new line-up of clients that show up at his office lugging bags of money and prepared to suffer abuse from Swope's militant employees. Swope exploits his African-American staff, too, ruthlessly appropriating their ideas after he fires them and conjures up a number of offensive advertising campaigns, all of which are hailed as a 'new wave' of marketing genius. Incredibly, Swope's conservatism proves successful but the agency becomes the target of government operatives who argue Swope's advertising tactics constitute ""a threat to the national security."" The high point of this black & white, 85-minute comedy are the television commercials shot in color. Unfortunately, Downey doesn't know when to cut off these ads that consistently start out cleverly but wear out their welcome. The funniest part of ""Putney Swope"" involves our eponymous protagonist's dealings with U.S. President Mimeo in Washington D.C. (Pepi Hermine), a marihuana-toking midget with a Kissinger-like Teutonic adviser (Larry Wolf) spouting tasteless jokes while trying to convince Swope to come up with an advertising campaign for his new car, the Borman 6.",negative
"He who fights with monsters might take care lest he thereby become a monster. And if you gaze for long into an abyss, the abyss gazes also into you.<br /><br />Yes, this is from Nietzsche's Aphorism 146 from ""Beyond Good and Evil"". And that's what you find at the start of this movie.<br /><br />If you watch the whole movie, you will doubt if it was the message that the Ram Gopal Varma Production wanted to pass on. As the scenes crop up one by one, quite violent and at times puke-raking, the viewer is expected to forget the Nietzsche quote and think otherwise. That to deal with few people you need dedicated people like Sadhu Agashe who will have the licence to kill anyone, not just writing FIRs (something unworthy of the police to do, as we are made to believe).<br /><br />When TADA was repealed and the government wanted to pass newer and even more draconian laws, RGV's ""Satya"" did the required brain surgery without blood transfusion for the multiplex growing thinking urban crowd whose views matters in a democratic country like India. Within a year MCOCA was passed.<br /><br />When real life encounter specialist Daya Nayak 'became a monster on the path of fighting them' and was himself booked by MCOCA, ""Aab tak Chhappan"" was made to heed out ""false"" impression among the people about this. With it's ""you have to be a monster to save your nation"" approach.<br /><br />And people consumed it. No questions raised. Only praises and hopes that they get a Sadhu Agashe in their local police station who will solve all problems and hence let only milk and butter flow all over. Blood? You can ignore.<br /><br />Every time Israel attacks Palestine or Lebanon, we hear voices like ""India must also similarly attack Pakistan"". This movie is made for such psychopaths. If you don't give them this, they will probably die out of boredom and LSD and what not.<br /><br />Hence this game of the passion of hatred.",negative
"I completely agree with the other comment someone should do a What's up tiger Lily with this film.<br /><br />It has to be one of the worst french films I've seen in a long time (actually along with Brotherwood of the Wolves, 2 horrendous films in a much too short period of time).<br /><br />It's really sad because the cast is really interesting and the original idea kind of fun. Antoine DeCaunes in particular and Jean Rochefort being among my darlings, I was bitterly disappointed to see them compromised in such a poor film.<br /><br />Lou Doyon is quite bad, as usual which goes to prove that a pretty face and famous parents can get you into the movies but they don't necessarily give you talent.<br /><br />avoid this film, if you want to laugh watch an Alain Chabat instead or some nice period piece full of fun like LA FILLE DE D'ARTAGNAN.",negative
"I have been a Hindi movie buff since the age of 4 but never in my life have a watched such a moving and impacting movie, especially as a Hindi film. In the past several years, I had stopped watching contemporary Hindi movies and reverted to watching the classics (Teesri Kasam, Mere Huzoor, Madhumati, Mother India, Sholay, etc.) But this movie changed everything. It is one of the best movies I have ever seen. I found it not only to be moving but also found it to be very educational for someone who is a first generation Indian woman growing up in America. It helped me to understand my own family history, which was always something very abstract to me. But, to ""see"" it, feel it and understand it helped me to sympathize with the generations before me and the struggle that Indian people endured. The film helped to put many things into perspective for me, especially considering the current world events. I never thought that a movie could change the way I think like this before... it did. The plot is fantastic, the acting superb and the direction is flawless. Two thumbs up!",positive
"Robot Holocaust is about the lamest, most pathetic attempt at making a post-apocalyptic movie that I've seen. And I thought the Italians were the masters of wretched Mad Max wannabes. Some of those movies like Escape 2000 are positively brilliant in comparison with this piece of poo. The plot is nonsensical  even with a narrator setting up every scene. And boy does it drag. Scene after scene with nothing of any interest happening. The special effects (and I use the word ""special"" loosely) consist of sock puppets. Yes, that's right  sock puppets! The acting is abysmal. Angelika Jager is in the running for worst performance I've ever seen. Sure, she's French or German or whatever  but man is she bad. I cannot think of a single positive thing to say about the movie. So I'll stop there because ten sentences on this junk is about ten too many.<br /><br />However, and fortunately for me, I saw the MST3K version of Robot Holocaust. Some of the things that made the movie so bad helped make this MST3K episode a winner. For a season one episode, the riffs come fast and furious and hit their mark just about every time. On my MST3K rating scale, I give this episode a 4/5  seek it out.",negative
"I rented this movie for a few laughs. I had never seen the SNL skit, but with hits like Tommy Boy, and Waynes World, it couldn't have been that bad, could it? The answer: it was. This movie hardly was a means of relaxing after a hard day at work. I just kept waiting for a plotline and a funny part, but there wasn't any. The highlight was tiffany amber thieson, and thats just about it.",negative
"This movie is a rather odd mix of musical, romance, drama and crime with a sniff of film-noir to it. It's basically one messy heap of different genres, of which none really works out like it was supposed to.<br /><br />This movie is an attempt by Mickey Rooney to be taken more serious as an actor. He's a former child-star who always used to star in in happy comical- and musical productions at the start of his career. In this movie he picks a different approach (although the musical aspects are still present in the movie). But his role is actually quite laughable within the movie. I mean Mickey Rooney as a tough player? He's an extremely small boyish looking man. He actually was in his 30's already at the time of this movie but he seriously looks more like a 16 year old. Hearing him say babe to women and hearing talking tough to gangsters who are about 3 times bigger than he is just doesn't look and feel right. He simply isn't convincing in his role.<br /><br />Because the movie mixes so many different genres, the story also really feels as a messy one. Somewhere in it there is a crime plot and somewhere in it is a romantic plot-line and one about living your dream but none of it works out really due to the messy approach and handling of it all. It just isn't an interesting or compelling movie to watch. László Kardos is also a director who has done only 10 movies in his lifetime, despite the fact that his career span from 1935 till 1957. He must have been a struggling director who had a hard time getting work into the industry and instead once in a while was given a lesser script to work with. His movies are all unknown ones and normally also not of too high quality.<br /><br />Let's also not forget that this is a '50's movie but yet it more feels like a '40's one or perhaps even as one from the '30's. This is of course mostly due to the fact that this movie got shot in black & white. Generally speaking black & white movies from the '50's often have a cheap looking feeling over it and this movie forms no exception.<br /><br />It's a rather strange sight seeing Mickey Rooney and Louis Armstrong and his band as themselves performing together in a sequence. It wasn't the only movie Armstrong appeared in though and he would often pop up in these type of movies, often simply as himself. I guess jazz lovers can still somewhat enjoy watching this movie due to its music, since there is quite an amount of it present in this movie. The movie actually received an Oscar nomination for best original song.<br /><br />An awkward little movie and outing from Mickey Rooney.<br /><br />4/10",negative
"Who doesn't love the muppets?! Impossible it is to watch them without getting some kind of warm, fuzzy feeling inside. So, I guess what's important is that this movie seemed to very successfully capture what makes the muppets so special. I don't remember much about the details of the plot but the various moments and characters in the film I recall quite fondly. In fact, there was quite a nostalgic atmosphere to the whole movie but without being self-conscious in any bad way. Refreshing for someone who possibly gets too hung up on meticulous details and technique; the ""magic"" transcends all that other stuff. 'Tis indeed what movies are made of.<br /><br />So, how does the film achieve these things? Hmmm, nice question! Stumped am I? Let's see. Really, I feel like it's quite simple. The filmmakers believe in their material and don't take themselves too seriously in the process. I probably wouldn't say the film has many truly inspired moments, but it does have a certain life to it (that funnily enough a great many ""real people"" movies lack). A zest. You really want to believe in these funny little people and their adventures. They also have a certain innocence about them that makes them all the more endearing.<br /><br />Generally I get the impression that the people that made the movie just weren't afraid to try whatever felt right to them at the time which gives the whole thing quite a loose feel. Kind of like a really accessible and enjoyable extended jazz session. Lots of talent, little predictability and plenty of warm personalities coming through. The cameos were of course a bunch of nice surprises for instance. Maybe I don't feel I have much to say about it because I was half-asleep when I saw it (and/or as I write this review). Anyway, I'm sort of semi-repeating myself here but I really liked the sense of family the movie had. Full of love I suppose you might say. Again, a feeling of nostalgia comes to mind which not many films manage to achieve so effectively or effortlessly.<br /><br />And to repeat myself once more, one of the film's best charms is its very relaxed and welcoming atmosphere. Like the Nathaniel Hawthorne quote about happiness being (like) a butterfly, so The Muppet Movie greatly succeeds partially by not seeming to try to do so. Same with beauty being best undiscovered or untouched or unforced or something like that. Anyway, if that sounds sappy, I also reckon it was pretty hilarious.<br /><br />So, all in all, this movie was very funny, touching and difficult not to smile along to. Plus it features lots of great music! Highly recommended to all humans, both the young and the young at heart.",positive
"Dire! Dismal! Awful! Laughable! Disappointing!<br /><br />Right, your trapped in ""The Cave"" with several ""hard"" Men and a Woman or two, your being systematically killed by ""Something"" and you STILL don't get to hear ANY naughty Grown Up words!!! A 15 Cert' here in England, and you could tell!<br /><br />The Egos of the ""Macho Men"" was just too much, pass the bucket I'm going to be sick.<br /><br />This movie should never be exposed to daylight and ironically, be kept in the darkest, deepest hole in the ground and be forgotten forever. I have a feeling that this description isn't the first time to pop its his head from a hole in the ground.<br /><br />Just like the film The Cube, it looked like a good concept but was just let down at the last post by, well its self.<br /><br />This Comment contains Spoilers alright, its called The Cave.<br /><br />Thanks Bruce.",negative
"I have rarely emerged from viewing a film with such a warm, happy feeling. I felt as if I had been out with really good friends and had a wonderful time! I thoroughly enjoyed this film. The acting was superb, although I would have to mention Bill Nye in particular as giving an absolutely faultless performance. Bill is an excellent actor and would love to see him in more films. Timothy Spall and Jimmy Nail are also favourites and always love to see them as they give such a solid performance. And Billy Connolly, as always, totally gorgeous. It was a wonderful ensemble performance from all concerned. Such a refreshing experience to see a well-written, superbly acted and good-looking movie.",positive
"This is without a doubt the most stunning and amazing documentary I have ever seen! The images that are shown are absolutely breathtaking and stunning. On top of that, it is a wonderful learning experience. I'm not one for educational documentaries, but this one grabs hold of you and doesn't let go until the end. You'll be so hooked and entranced by what you are watching that you'll forget your at home watching TV! This series is available to buy on DVD and I HIGHLY recommend picking this one up! With all the evil and death in this world, this documentary series gives us proof that life is beautiful and worth saving and preserving.",positive
"You do realize that you've been watching the EXACT SAME SHOW for eight years, right? I could understand the initial curiosity of seeing strangers co-exist on an Island, but you'd think that after watching unkempt, stink-ladened heroes run roughshod through the bush with an egg on a spoon for half a decade would be enough to get you to commit to something a little more original (and interesting).<br /><br />And I'm not even speaking of the shows validity which for the record I find questionable. It's just hard to suspend disbelief for ""Bushy Bill"" eating a rat when the entire crew of producers and camera people are housed in an air conditioned make-shift bio-dome sipping frosty mochcinno's with moxy.<br /><br />What's the appeal here? I don't care about these people or their meandering lives. I just don't get it. But if you DO find yourself being captivated by hairy, unwashed people, I suggest you turn off your TV and just take a trip to your local bus station where you can see people like this in their TRUE habitat. They call them HOMELESS PEOPLE, and free of charge, you can sit back and marvel in their uncanny ability to retrieve various cigarette debris from a plethora of garbage canisters, eventually striking ""pay-dirt"" and fashioning a homemade Dr. Frankenstein-styled cancer-stick, all the while begging people for change for food when the stink of ""Aqua Velva"" on their breath is enough to suggest otherwise. And the best part? Much like Survivor, every week one member of the tribe ""Leaves"" the ""Island"" when they are unceremoniously sent packing to the local Institution when the frightening unmedicated state of full-blown schizophrenia kicks into gear! Now THAT'S ENTERTAINMENT!",negative
"Though it had the misfortune to hit the festival circuit here in Austin (SXSW Film) just as we were getting tired of things like Shakespeare in Love, and Elizabeth, this movie deserves an audience. An inside look at the staging of ""The Scottish Play"" as actors call ""Macbeth"" when producing it to avoid the curse, this is a crisp, efficient and stylish treatment of the treachery which befalls the troupe. With a wonderfully evocative score, and looking and sounding far better than its small budget would suggest, this is a quiet gem, not world-class, but totally satisfying.",positive
"I watched this film for the second time tonight after about three years and it was as wonderful as before...<br /><br />There are more than a dozen modern stunning French films from en couer de hiver to the three colours trilogy and all of them are special. This film is one of them. A true delight with so many great things going for it from the homage to Hitchcock to two beautiful ladies in Romane and Monica. While Monica is very beautiful, Romane is a very sexy lady and steals many of the scenes she inhabits.<br /><br />I am not sure why people think this film is convoluted as the scenes are such a perfect blend of past and present acting as a counterpoint to the characters' own remarkable journey that the film simply flows and you barely realise that 116 minutes of beauty and mystery have left the viewed enchanted and bewitched. <br /><br />Like most French and European films this story would never translate across the Atlantic as no studio could capture the magic without throttling the life out of it with the Hollywood bleaching common to most movies that become lost in translation. Americans make brilliant films, but not of this type... perhaps if they let someone like a young Polanski work on it then maybe they would not totally butcher an English version...<br /><br />For those who do not watch subtitled films you will spend a lifetime in ignorant bliss. For those who can read then you would be spiting yourself to miss films like this...<br /><br />I would describe this as Neo-Franco-Noir, but only to cheese off the reviewer who called this film elitist. I think I saw him doing an add for four-and-twenty-pies. He thinks Romane Bohringer is a type of French Mayonnaise...It is arty in the way that Pulp Fiction is arty...but with more Gallic savoire faire...<br /><br />10 out of 10 with every viewing...and has anyone got Romane's phone number...she is the perfect French Salad Dressing...",positive
"I wrote spoiler alert, but there's not really much that can be spoiled. It's like spoiling rotten meat. This movie is probably the worst I've ever seen. Not because of the actors or the special effects, but because of the sheer number of mistakes, both factual and physical. First of all, the MIGs aren't actually MIGs at all. They're Mirages, and they're French. And how the heck can Doug's dad withstand the maneuvers his son makes to fight off the ""MIGs"" without a g-suit? And why would Chappy try to board his plane without a g-suit? And how could Doug defeat the enemy pilot ace with such ease? Anyway, I did not like this movie. And the worst part is that it has 3 sequels, the latest one from as late as 1995. Now that's scary.",negative
"This Norwegian film starts with a man jumping over the subway, apparently committing suicide. But the next scene shows him arriving in a lonely bus into a desert. He meets a man, and is shipped off to a mysterious city, where he starts working in an aseptic modern office as an accountant. The coworkers seem nice, if guarded, he soon meets a girlfriend, yet the city seems utterly strange, as food has no taste, alcohol doesn't make you drunk, and there's nary a children around. Is this a dream, or is he in paradise, or in hell?. While at times, the films looks as extended episode of The Twilight Zone (even at ninety minutes, the movie seems a bit long), it is quite thought provoking. The best scenes are those in which the exaggeration is minimal, as when the people engage in banal conversations about interior decoration, and recoil at discussing deeper issues. I always thought there was something inhuman in advanced capitalist societies, in the way they try to repress the basic urges of human nature. And this movie is best when it devastatingly critiques this life style. Unfortunately, the movie ends up a big long, and the director doesn't seem to know how to end it, but most for of the running time this is very much worth seeing.",positive
"Not many movies were made about the Lighter-Than-Air (LTA) aspect of aviation, but this is one of them and it's damn good. Just a fun film to watch.<br /><br />Most of the movie takes place at the Navy blimp operations at NAS Lakehurst (with NAS Tustin playing the role). Wallace Beery plays a likable but Munchausen-like Senior Chief Ned Trumpet, an enlisted pilot, whose tall tales have gotten so frequent nobody really believes him. Half the fun is near the end of the movie when events start proving that most of his more outlandish tales are actually true.<br /><br />Set during WWII, the main plot centers around bachelor Trumpet wooing a local widow only to end up having a father-son relationship with the widow's crippled son, Jess. Told he would never walk without crutches by doctors, Chief Trumpet pulls some strings and a Navy flight surgeon helps in restoring the lad's crippled leg. Jess goes on to join the Navy to become a flight officer, flying blimps back at Lakehurst and facing a whole new set of challenges.<br /><br />A very well-done movie, albeit not without some corny Hollywood dialogue slipping past the technical advisers, and Beery's apparent inability to march in step. Otherwise this movie gets good grades for technical accuracy, and gives a rare look into the Navy's LTA operations. The Cash Register Scene, an exchange between Trumpet and Jess's future love interest Cathy, is an absolute hoot.",positive
"Hubert Selby Jr. gave us the book ""Requiem For A Dream"" and co-wrote the screenplay to Aronofsky's movie of it. That movie succeeded on every level by delivering an intimate, and unbiased portrait of the horrors of the characters lives and the vices that destroyed them. ""Last Exit To Brooklyn"" still has the vice and the multiple characters living sad lives, but it hardly does them the same justice Aronofsky did.<br /><br />The film seems laughably anti-gay at times. Especially when in the film homosexuality equals death. One gay character gets stoned, is launched skyward by a speeding car, and lands dead on the pavement. Another is crucified and still more are simply beat up. Another exaggerated piece of shock value, that might actually have been compelling if it were done well, are scenes of the union workers literally doing battle with the strike-breakers. Who'd have thought a drama about Brooklyners would feature action sequences and truck explosions?<br /><br />The director, Uli Edel has a skill level like that of a TV director, but he is far below the cut for real movies. The film is clunky that can't even seem to settle on a genre. Lake is given a useless role that any mannequin could have filled and Baldwin only seems to know how to look stupid in his equally meager part. And then comes Jennifer Jason Leigh as our lead, a loathsome hooker named Tralala (believe it or not, I'm not joking). Her performance is nothing great and the fate of her character is dirty to say the least. Poor use of color and composition make it look cheaper than it is, and also takes the ""real"" edge off the more provocative bits. A failure.",negative
"I first viewed this movie when it first came out and also bought an LP recording of the soundtrack. I liked it so well, I went back to see it several times..cannot understand why it was considered a flop. Julie Andrews was lovely in this film, her voice was in top form and the costuming was beautiful!<br /><br />The film contains a little bit of everything and even though some of the scenes were a bit heavy-handed, they were still fun. <br /><br />I recently found I could get a copy in DVD form and ordered it......I was disappointed that a couple of songs and sequences in the movie were not included in the version of the DVD I ordered.",positive
"A particularly maligned example of Italian cult cinema with a nonsensical title to boot (if anything, the alternate THE MARK OF Satan is even less relevant to the plot!), this hybrid of Gothic Horror and Giallo (with a strong dose of Erotica) only contrives a flat sort of atmosphere throughout  actually matched by handling which is downright dreadful! Here, we get the usual group of people (an acting troupe) stranded on an island (to which they were invited by a Count  since he had become enamored of the leading lady, a dead-ringer for his missing spouse)! The characters are pretty much stereotypes: middle-aged but dashing hero (played by Giacomo Rossi-Stuart and whose family history bears more than its share of violent tragedy), demure heroine, sluttish companion (recalling Mae West and emerging the most annoying of the lot!), a meek but devoted stage manager (forever chided by one and all for his unmanly behavior!), a couple of lesbians, a mysterious gardener (the ubiquitous Luciano Pigozzi who, for once, gets in on the action, if you know what I mean), an envious housekeeper (nominal star Femi Benussi though, for what it is worth, this is really an ensemble piece), a religious fanatic of a butler, an impressionable chambermaid, etc. While the film is not by any means unwatchable, the atrocious dubbing, snail's pace, shoddy production (with the scenes depicting the raging sea lifted from some black-and-white film!) and the fact that the murders only occur within the concluding half-hour do not help matters. Besides, Marcello Giombini's score, though pleasant in itself, comes off as incongruously modern under the circumstances; that said, the revelation proves a surprisingly elaborate one (considering there is surely no shortage of suspects here).",negative
"A French film Ester Williams would love. But the synchronized swimming was only a hook for the story of three girls in a Paris exurbia finding themselves. No question where Sciamma's sympathies lie as all the boys are depicted as ""animaux"" but actually only the 3 girls are in focus, and for the entire time, with the few adults and the other adolescents being mostly in the background. Marie is a stick of a girl, unattractive, but determined. She wants to be a swimmer and forces herself on Floriane ( a Renascence quality beauty per one reviewer) and she is also a friend of convenience to Anna: not unattractive, but for her, the time of her body's perfection was short, and now she is an adolescent in a women's body. What ensues is a journey to self-realization without a road map but there is a glumness about the three that is un-natural: where is the gaiety and mindless chatter of youth? While the dénouement was breath taking, with Floriane's self-absorption beautifully portrayed, as well as the equally beautiful union of Marie and Anne, it all seemed abstract, Sciamma's puppets.",positive
"After what I thought was a masterful performance of two roles in Man From Snowy River, WHY was Kirk Douglas replaced by Brian Dennehy in the sequel? It just wasn't the same without Spur and Harrison, as portrayed by Douglas. Maybe he recognized how poor the plot was--Jim returns after extended absence, to find Jessica being pursued by another man. He could not expect any girl to wait that long with no contact from him, and not find competition. For a Disney movie, this contains foul language, plus the highly unnecessary part when Jim & Jessica shacked up without being married--very LAME. Quite an insult to viewer intelligence, according to members of my family. I'll stick with the first one, and try to forget I ever saw the sequel!",negative
"/The first episode I saw of Lost made me think, i thought what is this some people who crashed and get chased by a giant monster. But it's not like that, it's far more than that,because their is no monster at all and every episode that you see of Lost , well it's getting better every time. a deserted island with an underground bunker and especially the connection between the people who crossed paths with each other before they crashed. That's the real secret.<br /><br />This series rules and I can't wait to know what's really going on there I hope that they don't air the last 2 episodes in the theaters,this series deserves a 9 out of 10",positive
"Why is impossible to write in french ? Very Kitch! This journey in the center of the earth is despicable technical possibilities nevertheless current in 1976. These big ""Casimir"" of monsters is completely ridiculous! The film deserve however a ""remake"", as was ""KING KONG"" (the last one), with a little more supplied scenario. The professor has resemblances with the Professor Calculus and is rather funny. David (the character) is enough inconsistent but cross(spend) to the people from below a good message "" you unite and will overcome you! "" Altogether we would say a film made in the 40s. Now that I said everything (or almost) the evil of which i thought of it, we can say that if we have the brain get tired or anything has to see of the other one, then the thing(matter) is even rather entertaining. Hugh! Such is my opinion! (translating French to English with ""Reverso"" : sorry for possible mistakes !)",negative
"I can't really see how anyone can have any interest whatsoever in seeing this movie. A woman meets a man, he wants to play games, she too, but only until she realise what she's missing. She leaves, and that's it really. It took 9 1/2 weeks before Elizabeth (Kim Basinger) left John (Mickey Rourke). She should have left him after 30 minutes and ended our misery.",negative
"I read James Hawes book. It was pretty neat, not great, but entertaining enough. Without having read the book I wouldn't have had the slightest idea what was going on, and it was still a stretch with that knowledge.<br /><br />Literally every element of this film is abysmal in ways I do not have the capacity to describe. Half digested fish could have made a better film with matchsticks and dayglo lipstick.<br /><br />Never before or since as a film made me feel so angry. The Mattress sequels came closest, but even they never reached such depths of utterly putrid nauseating appallingness that this bilge did.<br /><br />Since wasting 90 minutes of my life witnessing this plague on human kind I am now unable to even look at any book by James Hawes without feeling angry. That is the depth of hatred I have for this piece of sh*t. No, that's unfair. Let me apologise to all fecal matter for comparing you to the otherworldly evil that is Rancid Aluminium.<br /><br />Plain and simply a cancer on the world of cinema.",negative
"even though this movie is quite old, no matter how many times i watch it, it still makes me laugh. <br /><br />one particular quote in the movie stands out. <br /><br />when Danny( Joe Piscopo) pulls up to the d.a's office & parks in a disabled spot, Danny's partner says <br /><br />"" can't park here, it's for the handicapped"". <br /><br />Danny replies "" i am handicapped,i'm psychotic"".<br /><br />that is one of the many lines in the movie that no matter how many times you watch, it'll make you chuckle.<br /><br />Johnny Dangerously stands in my top 5 comedy/spoof movies of all time.<br /><br />As an added bonus it also includes the legendary actor Peter Boyle in the cast. So watch this movie & like myself & many others who have watched it, you'll be hooked.",positive
"Yet another example of the complete waste of UK Lottery money. Just how commercial did this film prove. The Film Council ,who funded this miserable garbage should be stranded, on one of the London Undergrounds disused stations, for allowing this clichéd, dismal specimen to be committed to film, a half mutant thing made up of all the horror movies the director has seen and felt fit to imitate, most notably Deathline. Amongst its many sins is the quite obvious failure to make the lead character remotely sympathetic until the last minute. It's a little bit too late then! Surely all those development executives, at the UK Film Council, could have noticed this at the script stage. Add to this the terrible acting and the laughable appearance of the creature and you get a prime example of how not to scare.",negative
"The Evil is about a big house where a bad spirit is foolishly unleashed to torture all inside. What a washout of a movie! There's not a single scary scene. Not one! Richard Crenna overplays a nothing role. There's some animated ghosts, a disfigurement by power saw, and a ghost-rape. After nothing special happens for almost the whole movie The Evil gets personified into...Victor Buono. Great! Where did the filmmakers get the idea that Buono is scary. He looks like he was on the bum for a guest starring paycheck to pay his liquor bill. By then its too late to turn it off, because the damn thing is over. I felt like throwing the videocassette out the window. Please avoid this junk! Hopefully it will never see the light of DVD and will fade into obscurity.",negative
"This movie's basic premise is that everyone in the world can know that a person is gay except for that person. And that a man who likes show tunes, has good taste, and is neat in appearance MUST be a homosexual. Yes, the movie is funny in parts, but the basic premise is to homophobic and insulting that the entire movie crumbles into something that is quite painful to sit through. The performances, particularly Joan Cusak and Kevin Kline are very good.",negative
"It seems on the surface to be a romantic _planes, trains and automobiles_ but at times tried for something more, where it failed miserably. Some may like the nontraditional ending, but the attempts at ""deep insight"" into the world of marriage flopped around not really going anywhere.<br /><br />But if you were interested by the story, the movie tried other methods to distract you. The unnecessary special effects, of which the falling rain was the most obvious, served to do nothing but annoy. The camera-work is erratic at best.<br /><br />One note of caution, however. My movie experience as a whole was less than satisfying, sitting in the first row with a group of young'uns around...",negative
"This movie doesn't even have the saving grace of being so bad that its good. It is truly appalling. Its closer to a tongue-in-cheek parody than a disaster movie, but alas they were serious. Made for TV, but not worthy of even that. It contains every cliché and cheesy plot moment you can imagine. Oh will he save the town from the flood? Will his wife admit that she still loves him? Will they escape before the flood drowns them? I cant explain how bad this is. Awful predictable plot that makes you wince it is so cheesy. Bad Effects (although to be fair I have seen worse super-imposed bubbling water). Bad script. Woeful acting. Hideous. So bad in fact that you probably should get drunk and watch it.",negative
"Lucio Fulci was famous for his Italian splatter movies, mostly his undead films like Zombie or The Beyond. Here he directed a black comedy of sorts, but there's just one problem: its nauseating. I say this knowing that I like City of the Walking Dead (which is also gross but not like this). A compulsive gambler gets money for his habit by romancing ugly and deformed rich women then murdering them and stealing their cash. The film makes this plan look that easy. I guess the women were too ugly to go to a bank, so they always had their cash on person. After the upteenth murder I began to suspect what I've always heard about Fulci: he hated women. He must have. At any rate this film stinks, its not funny, and Fulci should have stayed with giallo and supernatural zombie movies. Avoid this film at all costs.",negative
"""More"", maybe, is mostly remembered for the excellent soundtrack composed by Pink Floyd -in 1969 they weren't superstars yet. Actually they made an album with the film music, no fan can miss it!<br /><br />But this is also the first film of German-French director Barbet Schroeder: it's a cult movie. When it was released, censorship everywhere cut several scenes of sex and drugs. It is also one of the first films to treat explicitly the theme of drug slavery.<br /><br />A German boy travels to Paris and meets an American girl: they fall in love. Together they search for sun and exoticism. But it's a too high price love: she initiates him into drugs.<br /><br />In the Sixties anti-drug campaigns were not like today, there wasn't much information. On the contrary, in many milieus taking drugs was a sort of spiritual experience... So it's quite surprising to see a film of that period which describes a nightmarish heroin experience.<br /><br />The film is simple, not vulgar at all and shot in a ""cinema-verité"" style. Actors Mimsy Farmer and Klaus Grünberg are very convincing. ""More"" is a document of the end of the Sixties -and a document of the end of the hippies illusions as well.",positive
"I saw this film at the 2004 Toronto International Film Festival. Since I work in the wine business, I had been quite eager to see this documentary, and I wasn't disappointed. Reportedly drawn from over 500 hours of footage, the good news is that Nossiter will be releasing not only a theatrical cut, but a ten-part, ten hour series of the film on DVD by next Christmas (ThinkFilm is distributing it). The bad news is that it's still a bit of an unwieldy beast. When it was shown in Cannes, it was close to three hours long. For Toronto, he's cut about half an hour but it still clocked in at 135 minutes. Now, for me, that's fine. I love wine and I love hearing about the controversies raging in my business. But not everyone wants that much.<br /><br />Nossiter flits around the globe, from Brazil to France to California to Italy to Argentina, talking to wine makers and PR people and consultants and critics about the state of the wine world. The theme that emerges is that globalization and the undue influence of wine critic Robert Parker are forcing a kind of sameness on wine. Small local producers are either being bought up by larger conglomerates (American as well as local), or are being pressured by market forces to change their wines to suit the palate of Mr. Parker, who dictates taste to most of the American (and world) markets.<br /><br />It's a complicated subject, and I can understand why Nossiter wants to let his subjects talk. There is Robert Mondavi, patriarch of the Napa wine industry, and his sons Tim and Michael, whose efforts to buy land in Languedoc faced opposition from local vignerons and government officials. There is Aimé Guibert, founder and wine maker of Daumas Gassac, iconoclastic opponent of Mondavi's plans and crusader for wines that express local terror. There is Robert Parker himself, expressing some discomfort with his influence while refusing to stop writing about the wines that he favours. There is ""flying wine maker"" Michel Rolland, consultant for dozens of wineries all over the world, advising them how to make Parker- friendly wines. There are many many more fascinating personalities in this documentary.<br /><br />If you are a wine lover, you will want to seek out the ten-part series as well as the theatrical version of this film. But even if you're not into wine, the film is an interesting look at how the forces of globalization are changing many of the world's oldest and most established traditions. The effects on local cultures and economies cannot be ignored.<br /><br />(8/10)",positive
"The Omega Code was a model of cinematographical inconsistency. There was a bit (but precious little) of good acting, primarily by the two prophets and Rostenberg, who only appeared once and had no lines. Otherwise the acting was decidedly bad. The plot line was rather weak, and only partially based on already questionable Biblical interpretation. Certainly not one of the year's best.",negative
"This movie was on the pay channels today and I had nothing to do so I had it on. This has to be the worst football movie ever made. This has to be one of the worst movies period. The premium service on the cable system has a rating system, and they gave 2 stars out of 4. This movie isn't even a half a star. Bad acting, Scott Bakula sinks as usual, Larry Miller?? Sinbad, couldn't act if he tried. Rob Schneider's one liners completely stunk. Fred Thompson should be embarrassed that he was even in this movie. The only saving grace for this movie was the hope you would see Kathy Ireland nude in the shower, not even close. A complete waste of time and of film. If we could give a negative number, minus 9.",negative
"( HR is what Himesh is called in the movie, I think he likes it too. ) It's amazing how intelligent people, talented even fall in to the same trap.<br /><br />I really like Reshamiya. It's amazing what he has done. No one in recent years has come back from the wilderness and made a mark for himself.<br /><br />And I truly expected a great film ( What with the budget of 50 Cr and the cute actress ). As intense as Reshamiya is I thought, he would excel at a sentimental and an emotional role. Ironically he is depicted the same but for what care? Sheer incompetence, carelessness, awful acting, banal background music, insensitive direction make it a real pain.<br /><br />Blunders rule. ( Ex. How can German Police issue public instructions on a loud speaker in English? They communicate among themselves in English!) Unfortunately this incompetence has become the standard in main line Bollywood. There are some excellent directors but many a bad ones too. The worse thing is that the majority just doesn't care.<br /><br />Songs are the only saving grace...<br /><br />Please don't repeat this HR and find yourself a good director ( low budget.. No problem).<br /><br />The villain should really have shaved his head instead of the wig you know... after all it's a 50Cr movie.",negative
"Where do I start? The plot of the movie, which is about a love between two high school students during wartime, while one is a living weapon, and their struggle to maintain that love is a very good plot. It is based on a manga by Shin Takahashi which was also turned into an anime in 2002, both of which I have yet to read or see.<br /><br />This review is about this live action adaptation however. Sadly, this honest to goodness was a terrible movie. It isn't as if one could site certain aspects, and say, for instance, the budget is at fault, or the acting is to blame. It is, sadly, a series of underwhelming and ineffectual elements that bring this film down.<br /><br />The acting is poor. Not to say Aki Maeda and Shunsuke Kubozuka are bad actors, but they didn't have much to work with, and seemed miscast. Neither seemed to have the physical range to draw the viewer in the story as well as being too old for their parts to a distracting degree.<br /><br />The script was weak, the leads act unrealistically, and behave irrationally. The film also plays for the heartstrings, but ends up being predictable, all the while not being compelling, and under-developing the characters. There are also pacing issues.<br /><br />Visually, it is unremarkable. The film uses green screen heavily and unnecessarily in too many scenes. The other special effects also have a cheap look to them, especially where minimalistic practical special effects could have been used. There is also no visual flair, as if there were no cinematographer or art designer to make the scenes look consistent and stimulating.<br /><br />The music and sound effects were fine, but unremarkable.<br /><br />Overall, the movie isn't devoid of enjoyment, and fans of the series shouldn't be discouraged to see it at least once just for the sake of completion. People unfamiliar with Saikano, this probably isn't the place to jump in as it isn't a very good movie or melodrama. It isn't the movie or the cast and crews fault, it just isn't inspired, and that is what kills it.",negative
"This is a wonderful thriller I watched many times and never can get enough of.It's all about the obsessive love 5 people have for eachother in Paris, (un)lucky coincidences, false identities.The music makes it really gripping.There are hardly any flaws in the characters,just the end is not very credible,but a definite ""must-see"" still.",positive
"***May Contain Spoilers*** OK, it wasn't exactly as good as expected in fact it was a lot different than I had thought it would be but it still turned out to be a pretty good movie.<br /><br />I usually don't care too much for that type of music but in this movie it worked perfectly (I mean duh he's a rock star) but anyway I loved Stuart Townsend in this, and Aaliyah, although she had a small part in the movie was amazing.<br /><br />And even though Tom Cruise played Lestat in the Interview with a Vampire, I have to admit that I am glad he turned down the role even though I normally hate when they use different people to play the same characters in like sequels and stuff.<br /><br />Overall, the movie was great and I enjoyed watching it, even if there were parts that could have been better. Great vampire movie.",positive
"Please don't waste your money on this sorry excuse for a motion picture. The only way I could see someone watching this is if they are a die-hard fan of Erika Elaniak, but you would be better off surfing the internet than to watch this piece of crap. I would rather watch paint dry than go through watching this. <br /><br />They lure you in with Casper and Erika and lead you to believe it is a sci-fi Dracula movie, but it quickly works out to be a farce about Van Helsing's great-great (you get the point) grandson, here ironically for one last show-down between himself and Dracula.<br /><br />The movie also tries to make a political statement, I believe, when it appears that none of the characters in the future know who God is, that they have not been taught about him and don't understand when they see a cross. Could have done a lot more with this idea. It's a shame it turned out the way it did.",negative
"Wow. I have seen some really bad movies in my time, but this one truly takes the cake. It's the worst movie I've seen in the past decade - no exaggeration.<br /><br />As a US Army veteran of the war in Afghanistan, I found it nearly impossible to even finish watching this ridiculous film, not because it brought back memories - far from it - but because there was absolutely no attempt at ""authenticity"" to be found anywhere in the film. Not so much as the tiniest little shred. It seemed like it had been written by an 8 year-old child who got all his notions of war (and soldierly behavior) straight out of comic books. The film was made in Honduras, which should have been a clue, but even that can't fully explain the atrocious production values of this cliché-ridden piece of trash.<br /><br />I could try to list all the endless technical flaws, but it would take virtually forever. From the ancient unit shoulder patches which have not been seen or worn since WWII, and the character's name tags, like ""ColCollins"" (worn by the character ""Colonel Collins""), which was actually spelled using the reversed, mirror-image ""N"" of the Russian alphabet (not the US alphabet) the list just goes on and on. The uniforms, the equipment, the plot, and most especially the behavior of the characters themselves -- every single scene was just chock-full of ridiculous flaws, inaccuracies and utterly mindless clichés.<br /><br />Neither the storyline itself nor the characters were the least bit credible or believable. It was all laughably childish, in the extreme. This was obviously a movie that was meant to appeal strictly to pre-pubescent boys, and I have little doubt that even they would find this film utterly absurd.<br /><br />In short, this film has absolutely NO redeeming qualities at all. It's a total waste of time. I'd strongly advise anybody reading this to pass this garbage by; it's truly not worth wasting a single moment of your time for.",negative
"From today's point of view it is quite ridiculous to rate this film 18 (or X in the US). The film has a sexual, yet sublime erotic story to tell, but the pictures are rather innocent. Throughout the movie you feel and see the spirit of the late 60s and early 70s in the fashion, the dialogues and the typical experimental cinematography and lighting. And this is exactly the part that makes it worth seeing.",positive
"This is one of those rare comedies where try as you might, you can't help but giggle, chortle, guffaw and yes, even laugh out loud. The lead actor's performance as Hyde is pure manic genius. See if you can keep a straight face when he does his transformation. Good luck. :) On the downside there are times when the movie does bog down. It seemed longer than its 90 minutes.",positive
"In the autobiographical coming-of-age tale ""Romulus, My Father,"" Eric Bana, of ""Munich"" fame, plays an impoverished German émigré struggling to raise his son, Raymond (Kodi Smit-McPhee), in rural 1960's Australia. The major obstacle to the family's stability and happiness is his wife, Christina (Franka Potente), who flagrantly violates her wedding vows by shamelessly shacking up with other men. Despite her highly unconventional behavior, Romulus refuses to grant her a divorce, masochistically torturing himself in the vain hope that she will one day return to him. It is, unfortunately, the good-hearted and good-natured Raimond who must bear witness to all this marital turmoil - and it is his memoir that serves as the basis for the movie (Raimond Gaita would later grow up to be an author).<br /><br />Even though I admire ""Romulus, My Father"" for what it is trying to do, I can't honestly say I enjoyed it, for while the film has some fine performances and serious intentions going for it, these simply aren't enough to counteract the dour storyline and funereal pacing, which leave the audience as despairing and depressed as the people on screen. A serious slice-of-life drama is one thing, but this unremittingly downbeat wallow in adultery, insanity and multiple suicides (let alone attempted suicides) is something else again.",negative
"I could see this film is super He didn't surprise to oneself when so that it was taking place for the truth, this way by itself how swigged flight to the which didn't have the place but it is only such an conspiratorial theory, Right?<br /><br />Very I liked watching this film when I was the child. I am interesting which so that it was if it turned out that such a flight was taking place really, certainly to it for not a belief because it is denying logic and the common sense. Who at healthy senses, sent to kids with space shuttle into the orbit. I very like reading for the subject, American and Soviet space programs. I know a few missions of space shuttles remained provided by CIA with the clause TOP SECRET certainly these are only such my divagations but who knows?",positive
"You can't really call Roy Andersson prolific, (6 films in 37 years). Nor can you accuse him of being conventional; he doesn't do 'straight-forward', at least when it comes to narrative. ""You, the Living"", his first film in seven years, is like a surreal documentary in which a large number of characters are observed doing nothing very much and if that sounds off-putting, let me assure you it isn't. This is a funny, accessible and surprisingly warm-hearted movie, a slice-of-life far removed from that which we normally see on the screen.<br /><br />Of course, 'slice-of-life' is hardly the proper moniker to apply to this movie since most people's lives are unlikely to be anything like this. The incidents on the screen run the gamut from the almost terrifyingly ordinary to the downright wacky and while characters may flit by, sometimes never to be seen again, others to reappear as if anxious for approval, Andersson bestows on them all a kind of benign affection. That, and some rollicking music, ensure the time we spend with them is time well-spent.",positive
"After mistaking a Halloween re-broadcast of Orson Welles' classic radio adaptation of WAR OF THE WORLDS for a real Martian invasion, a group of moronic Martians shows up on Earth looking to conquer only their plans go awry as they find themselves truly out of their element and in reality all alone.<br /><br />This really is often quite good and funny, with some decent lines (just check the memorable quotes) to boot. It will most likely appeal to Sci-Fi fans. This has passed the test of time for me as seeing it again recently it proved much better than I expected it to be. Despite a cast made up of no-name stars, this may just be the funniest Martian invasion ever put to film. Interestingly enough, the Martians themselves seem to represent almost every classic Action Hero/Sci-Fi Hero stereotype there is (cool 50s teen, fighter pilot, fearless astronaut, brave soldier and kooky scientist). Fun for the whole family. <br /><br />""Prepare to DIE! Earth Scum!""",positive
"New rule. Nobody is allowed to make any more Zombie movies unless they actually come up with an original idea.<br /><br />Sadly, this movie doesn't. They have the premise that Bounty hunters go out and kill Zombies and prove it by cutting off their fingers. Well, problems with that. Most people have ten fingers, why not just collect ten bounties for one Zombie? Why not just kill a regular person and pass that off as a Zombie finger? <br /><br />Not to mention the utter silliness of hunting zombies with a bolt action rifle.<br /><br />I sometimes think films like this are resume fillers for makeup and FX guys. ""Hey, this is what I did with ten dollars and some recylced bottles deposit. Imagine what I could do if you gave me a BUDGET!"" Do you think anyone goes to drama school or cinema school to star in a Zombie movie? ""I went to the School of the Arts. Check me out as the ""Tunnel Zombie"" in ""Quick and the Undead""."" His mother must be so proud.<br /><br />These had to be the wimpiest Zombies ever, as a whole crowed of them apparently couldn't push down a wooden door or even break a glass window. No, they had to wait for the bounty hunter to open the door for them...",negative
"""Bride of Chucky"" is one of the better horror movies to come out in the past ten years and could be one of the best horror films of the 90's.<br /><br />**SPOILERS**<br /><br />Chucky's girlfriend, Tiffany (Jennifer Tilly) manages to find his battered remains after being sucked into the fan at the end of part 3 and brings him to life in her trailer park. Her neighbor, Jessie (Nick Stabile) and his girlfriend Jade (Katherine Heigl) are being tormented by her uncle. (John Ritter) Tiffany upsets Chucky when he refuses to marry her, so she buys a doll for him to play with. Chucky kills Tiffany, and then transfers her soul into the doll she got him. In order for them to be placed back into human bodies, they have to travel to New Jersey to retrieve an amulet to do so. Jessie sees this as an opportunity to escape from Ritter, and they set out on the journey, but not before Ritter is killed by Chucky and Tiffany. Along the way, several bizarre incidents force them to stop at a bed and breakfast. When several more people are killed, they call up their best friend (Gordon Woolvett) to straighten out the situation. They convince him neither one of them are the killers, as the police have began to solve the crimes. He finds Ritter's body in a trunk in the back of the van. Thinking he has been set up, he confronts them about it. Chucky and Tiffany then turn real to prove they did it, which gets Woolvett killed. The group steals a motor home and arrives at the cemetery. Jessie and Jade get Chucky and Tiffany to turn on each other, giving them enough to escape. Chucky recaptures Jade and forces her to get his amulet. Chucky and Tiffany restart their feud, which gives Jessie and Jade enough time to kill the both of them as the police arrive and clears them of the crimes.<br /><br />The Good News: I have to give the most amount of props to the FX department, as Chucky and Tiffany as dolls look completely convincing. The scenes with them together are the movies main highlights, including a hilarious conversation where Tiffany advises Chucky on how serial killers in the 90's work. That being said, the amount of one-liners in this movie that are actually funny is incredible. Chucky gets the most of them, but Tiffany cracks a few gems as well. It is actually funnier than what Hollywood calls comedies these days. The gore is plentiful and shockingly realistic. Several deaths in this movie are actually original and creative. Turning Ritter into a new form of Pinhead was a totally brilliant scene. The honeymooning couple was a nice death scene, as well. For teenage love, the pairing of Stabile and Heigl works great. They have a great chemistry together and actually behave like a normal couple. I also have to admit that the first time I saw this movie, I did jump during certain scenes, and that shows what an incredible job director Yu did. He learned enough, apparently, to do the same thing with ""Freddy vs. Jason."" He knows how to stage set-ups and pay-offs, and here he shows some great skills that have a Hong Kong influenced look and style. He could be the next great horror director if he keeps filling up his resume with films like those two. Nice soundtrack, too, like ""Freddy vs. Jason.""<br /><br />The Bad News: For fans of cheesy movies, this will be a great find. However, this film has a high cheese factor that may prevent the serious horror movie fan from having a good time enjoying this film. The film knows it is a cheesy movie and revels in it, making a serious fan turned off because of things like the one-liners. It isn't all that bad of a movie, but it has to be watched in the mind frame that it is a cheesy movie, and that the cheesiness of certain scenes add to the movie, not to take it away. Remove yourself from that state of mind and you may find yourself enjoying this movie.<br /><br />The Final Verdict: Fans of cheesy movies and the other ""Child's Play"" movies will find a lot to like about this movie. For serious horror fans, take a look at it, but keep in mind that it isn't a serious movie and that the cheesiness is supposed to be there and you might find yourself liking it.<br /><br />Rated R: Graphic Violence, Graphic Language, Brief Nudity on a doll, a shadowy puppet sex scene, some drug use, and numerous drug references.",positive
"We, as a family, were so delighted with 'The Last of the Blonde Bombshells' we purchased a copy for our home video library.<br /><br />The acting is A1 and the cast contains many favorite actors and singers. The theme is unusual and the script well written. The music/songs are timeless and takes us back to our young days when we sang the songs at the top of our voices. To outline the story here would spoil the 'plot' as it is really nice to sit back and enjoy the story as it unfolds.<br /><br />Full marks to this most enjoyable and uplifting production and we heartily recommend it to anyone who is looking for a belly-laugh and lots of music.",positive
"This, and Immoral Tales, both left a bad taste in my mouth. It seems to me that Borowczyk is disgusted by sex, and these two films are cautionary tales about what will happen if you do have sex. As a film, it's not very well done -- some of the acting is truly epically bad (such as the ""American"" woman with the French accent). The young woman's sudden flip-flop from being anxious about the marriage to being interested (when it seems like it should have been the other way around), and the aunt's sudden realization of the young man's secret don't make sense -- they're not explained at all. I also didn't like how the daughter's relationship with a black man was presented as a sign of her family's perversion or predilection for bestiality. The central idea, the idea that there's this ""sexy beast,"" if you will, that lives in the woods, could have been a foundation for a perverse but fun story, but instead is just used as a basis for a nasty, sex-negative, morality play.",negative
"Who really wants to see that? Disgusting violence, disgusting sex, for such a long time. I do not want to, but I always stayed true to my philosophy to watch any movie as bad as it may be. This was the hardest (right after ""Next Friday"").<br /><br />It's basically just crap. How can you possibly call it anything else? The story of a Roman emperor as an excuse for gore and T&A. Yeah, yeah, ""Hey, it's realistic, they have been like this."" Fine, but why bother us with it? I don't care if it has been like this (and there are a lot of scenes where I truly doubt it). The point is, why should anyone wanna see it? Problem is, there is only one reason you could like the film and that would be that you like violence. There's nothing special about it, just cruelty. You can say ""Cool!"" as you'd say in splatter-slasher-movie. But horror movies with violence at least can give you chills and excitement, maybe characters you care about. But here everything is dark, dull and boring. Every character is mad. ""The story of an emperor who can't deal with his power"". What? In the very first scene he runs naked through the woods with his sister! I have no problem saying that we saw a madman for 2 1/2 hours.<br /><br />But maybe you get turned on by seeing Helen Mirren, being pregnant and dancing. Or 5 minutes of hardcore scenes that some people see as the message of the movie. Or castration, yeah right, that was fun! Real birth scenes, how hilarious! Humans, animals, who cares, let's just treat them as toys.<br /><br />I don't care what anyone says, this is no movie, this is just 2 1/2 hours of blood and sex, degrading and disgusting. Go watch a porn movie if you want sex or watch a horror flick if you want violence. At least those movies don't pretend to be some artistic masterpiece. And they are shorter.<br /><br />[0/10] [6 (1+ - 6-)] [0/4]",negative
"I enjoy movies like this for their spirit, no pun intended. Its a decent, clean movie about a baseball team that's falling behind, and a young fan wishes for them to win, since his deadbeat dad said that was the only way he'd come back for him. <br /><br />The spirit shines through in two ways: A funny cast with Danny Glover and a young Joseph Gordon-Levitt, and the heavenly herald Al, taking the dynamic form of Christopher Lloyd. Its an energetic movie. It gets you smiling, and really involves you in the sport. <br /><br />Therein lies my gripe. the one thing that kinda bugs me is these sports movies that kind of turn you into an unexpecting fan for the team. There's absolutely nothing wrong with that. I just find it odd that I should come away from the movie thinking the Angels are a strong, cool team, when really my base loyalty, such as it is, lies with the Toronto Blue Jays. It's interesting, really. If it's just a movie about an underdog kids team, then its okay.",positive
"Jim Carrey is a particular brand of humour and I personally think he's a great actor (Eternal Sunshine, for example).<br /><br />However, this movie is presumably intended to be nothing more than a Jim Carrey vehicle, so be aware straight off that if you don't think his style of comedy is funny, you will sit stony-faced throughout this film, as it has NOTHING else to recommend it.<br /><br />Even if you do like Carrey's comedy, I am not sure you will find this film amusing. I went to see it on a Saturday night at 10:30pm and the audience was definitely ready to laugh. They giggled throughout the trailers, which weren't particularly funny, but when it came to the film, stony silence. I think it raised about five genuine laughs.<br /><br />The problem with the movie is it doesn't know what it wants to be. It can't make up its mind whether it's going for slapstick or serious. If it were stupid throughout it could be forgiven but (I'm guessing) it's also trying to make a point about the relationship between the two central characters.<br /><br />The strong point of the film is the hold-ups, and there was plenty of potential here. But these didn't start until about halfway through and remained largely undeveloped. Meanwhile, you have to sit through the first excruciating 40 minutes as the couple's life deteriorates.<br /><br />Four separate groups walked out of this film while I was there, and if my flatmate hadn't asked me to keep away from the house (his girlfriend having just returned from a month-long vacation!), I would have done the same. And in my entire 25 years of movie going, I have done that just once before.",negative
"I rented this film because I enjoy watching things with Lauren Graham in them. Well, she was the highlight. Everyone else seemed complete separated from the picture. You kept looking around you at those watching the film with you going, what? However she provided some clarity, as she was the only normal character in the picture, which actually isn't saying much for the film. Personally it was too far fetched for me. However, I am glad I rented despite the fact I would never want to own it. I still feel that Lauren Graham proved to be a strong actress and even thought she was not the main character, she seemed to steal the movie. My husband and I were happier and cared more about her character ending up with Josh's character than we were about the two main characters.",negative
"Well. Where to begin. Let's just say this; avoid this movie at all<br /><br />costs. It's based on a cartoon series. The movie makes the cartoon look<br /><br />like Hamlet. Filled with emasculated actors who seem embarrassed to be<br /><br />here, lousy camera work, terrible music, and enough product placement to<br /><br />make you want to never visit Yahoo! again, this movie is really the<br /><br />bottom of the barrel. To quote the New Yorker, Matthew Broderick and<br /><br />Rupert Everett mug their way through this picture with the gay abandon<br /><br />of men who have spotted a rare species of paycheck in the distance.""<br /><br />They should pay us some of the millions they earned for watching it.<br /><br />Awful.",negative
"Disney, the film name that once stood for all things innocent and suitable for all ages, has finally started to realise that to survive it needs to become more diverse. Such diversity has been very apparent in the last couple of years. Films like ""Tarzan"" and ""The Emperor's New Groove"" have made an attempt to move away from the traditional song-driven routine of Disney's past and into new, uncharted territory. ""Atlantis"" is the boldest step yet, but we have to remember: This is STILL Disney. The first ever serious film to come out of Disney's animation studio is a major achievement for them - in fact it's so serious it makes it into PG territory. Perhaps why a lot of families were scared off from seeing it this past summer.<br /><br />But despite the more mature subject matter, this is still a film that Disney wanted to draw in the families with, not just mature audiences, so the plot had to be kept simple enough for children to understand, but interesting enough to take it away from the realms of ""The Little Mermaid"" et al.<br /><br />So what we get is actually a potentially detailed plot, unfortunately suffering the blow of being condensed into a 96-minute movie. Ultimately, this is an action film about Atlantis, not about the exposition preceding it, so we are whisked through the first half hour with as many sequences bombarding the screen as is possible without losing coherency. Suspend your disbelief of how the characters get from point A to point B so quickly, you're unlikely to find an animated film that detailed coming out of Hollywood! If you want epic levels of detail in the plot, turn to James Cameron's ""Titanic"". Both films feature a boat in some manner.<br /><br />And let's talk about love, shall we? Yes, as with a lot of films, the lead male (one Milo Thatch, a bumbling archaeologist) and lead female (Kida, the clichéd Atlantian princess) are set to fall in love with each other. But what I found was not as clichéd as I was expecting. By film's end, for once, the characters touching/feeling/kissing sequence was far more subdued. There's various points in the film where the attraction grows, but it's just not in the ballpark of, say, ""The Little Mermaid"" (A good thing).<br /><br />You may have grasped that this is a rather clichéd film. Correct. You have your leading hero and heroine, backed up by more than half a dozen crew members who go on the expedition, all being given their moments during the film. Numerous other characters appear, take up the few minutes of screentime, then disappear. It doesn't take a genius to do the maths  a 96-minute film with a focus on action and visuals, and with a considerable cast, has very little time to expand the characters to any major extent. So what does it rely on? Clichés, and lots of them. Every character emulates something that has been done a thousand times before. You have the bumbling scientist, the attractive princess, the square-jawed colonel, the rich eccentric, the maniacal sleazebag, the Russian femme fatale  need I go on?<br /><br />I don't know why this got to anyone  I found the tongue-in-cheek nature of this film quite amusing. Alright, this is meant to be a serious flick, but do you really expect Disney to give up every single trait of their history? At least the writers have tried to come up with consistently witty dialogue, and sometimes it even is a little inspired.<br /><br />But in the end it's those big stunning visuals that put the icing on this cake. The CGI animation is truly amazing in places, and doesn't dwarf the characters, which was a flaw that let the recent ""Titan A.E."" down. Speaking of characters, Disney hired an outside comics industry artist to create the designs, bringing an anime style to the film. Infact the visual presentation of the film as a whole owes a lot to anime, much more so than any previous Disney outing. This resulted in a conflict with fans of the Japanese anime, ""Nadia"", for the film's overall similarities with said cartoon series. Having not seen this anime, I can't comment.<br /><br />With picture, there is sound. Gary Rydstrom heads up the sound team, and what a soundtrack! From the opening shot the sound stage is alive and is a treat. James Newton Howard treats us to a dynamic musical score, which compliments the film in every way, never sounding out of place and always helping to build the tension or subdue it.<br /><br />Perhaps I missed the point of what the creators intended. To me, the film conveys that it's an adventure thrill ride, albeit with a more serious tone than any Disney film before it. If you don't like the clichéd tongue-in-cheek attitude, then perhaps the effort that has been poured into the visuals will delight. Heck, at least the mythology is far more correct than can be said about other Disney efforts (*cough*Hercules*cough*).<br /><br />This is a positive, 10 out of 10 review, from someone who was blown away by this film. I always suspend my disbelief with any animated film  after all, the laws of the real world are more than frequently broken in the cartoon medium. So sit back, enjoy the ride, and perhaps everyone can find something to enjoy about this film.",positive
"Slaughter High is intrinsically your emblematic 80s slasher flick. A prank goes out of hand leaving a geeky guy horribly burnt. A few years later the geeky guy returns and starts killing the people who hurt him. Now the story might sound intriguing and very entertaining, but what makes this horrible film so different from the rest of the 80s slasher flicks is that it has some humorless flaws and continuation errors.<br /><br />The acting is horrendous, however, actually not as bad as one would suspect. Though it doesn't help that every character in the film are so grody and unlikable. The lead, Carol Manning (Caroline Munro) is the easily the biggest tormentor of them all and she's the one that we are ostensibly supposed to share compassion and root for. Not to mention, the geeky guy is almost too geeky and I think that even stereotypical geeks themselves would be rudely maddened and just downright antagonized by how geeky he his, so when he gets mauled, does anyone really care? <br /><br />There is much unintentional laughter potential. Munro's lack of acting talent is quite apparent, which puts her down at the same level as the rest of the awful cast. However, the most amusement is easily when the film poorly attempts to pose Munro, who is in her mid 30s at the time, as a teenager amongst a cast of teenagers. And then when it comes to later life and Munro is playing around her real age, the rest of the cast do not pass as adults. This all goes well with a theme song that is a hilariously pose of heavy metal thrash accompanied by maniacal laughter and a voice shrieking ""I'll get you."" With that being said, Slaughter High really isn't a very good slasher flick, but it does have a bad cheesy entertainment value to it. Perhaps an essential for hardcore slasher fans, but don't expect dilemma, suspense, or any credibility from it. Horrible!!!",negative
"I read John Everingham's story years ago in Reader's Digest, and I remember thinking what a great movie it would make. And it probably would have been had Michael Landon never got his hands on it. As far as I'm concerned, Landon was one of the worst actors on earth, and his artistic license went way over the top, similar to his massacre of the ""Little House"" book series is proof. The acting, for lack of a better word, is atrocious, the screenplay sloppy, and there are more close-ups of Landon's puss than should be allowed.<br /><br />This movie reflects Everingham's story as much as ""Little House On The Prairie"" reflects the books is was ""based"" on. It's just another vehicle to show off Landons horrendous hair.",negative
"""Stella"", starring Bette Midler in the title role, is an unabashed tearjerker. Set in upstate New York, Stella Claire works nights as a bar maid, pouring and dancing in a workingman's saloon. One night, in comes a slumming medical intern, Stephen Dallas, who woos Stella, and in the course of their affair impregnates her. She spurns both his offers of marriage and abortion, sends him packing to a lucrative medical career, and raises her daughter herself in near-poverty. Flash-forward 16 years and the daughter has grown into a gorgeous, loving, young lady. Dr. Dallas is not out of the picture, still maintaining a tenuous, but caring relationship with his daughter and..I'm rambling, and worse yet, making the movie sound somewhat interesting. The acting and screenwriting are so over-the-top you'll let out a groan in almost every scene. The chief offender is Bette Midler, but close behind is John Goodman as her alcoholic buddy. Each scene seems more contrived than the preceding right up to the finale, which is truly a hoot. Taken as a dramatic piece, this film rates no more than grade D, but as camp, it scores an unintended B+.<br /><br />",negative
"Perhaps I couldn't find the DVD menu selection for PLOT: ON OFF. Clearly, the default is OFF. When the end credits began to roll, I couldn't believe that was it. Like our poor, but beautiful protagonist, I felt used, dirty, cheap....<br /><br />The characters were drawn in very broad strokes and the writer's disdain for wealthy Thatcherites was all to apparent. I consider myself a ""Roosevelt Democrat"", but would appreciate a bit more subtlety.<br /><br />Of course, the problem could be with me. I see that many others seem to find some meaning or message in this picture. Alas, not I. <br /><br />The only thing that kept me from giving this a ""1"" was the nice scenery, human and plant.",negative
"OK, now at first i thought this was going to be another cheesy romantic comedy, which held back on the comedy but this wasn't. I mean how could it have been with the fabulous Amanda Bynes staring in it! She was amazing, really funny & is still stunning! The boys in it were also extremely fit, one major reason for going girls! The plot is strongly based upon the Shakespeare play 'Twelfth Night', as it was extremely similar, there was even a spider called malvolio, which belonged to the malvolio like character. The script was really well written and pulled together and it was very witty. The football skills in it were also amazing, it even made me think of playing football myself! Anyway, to sum it up this is a light hearted film about young romance, which gets very confusing! Go and see it!",positive
"This movie is a lot of fun. What makes it great especially are two things: one is the straightforward way the characters embrace the stereotypes, with discussions of their costumes and superpowers. There's an endearing earnestness to the parody that's very appealing; the second is basic sweetness of the characters and the quality of the chemistry. Claire Forlani deserves particular note as the object of Mr. Furious's desires. There's a boatload of talent here. I realize some with high expectations may have been disappointed, but this movie is a lot of fun, and kind of sweet.",positive
"Cecil B. deMille's 1922 parlor-to-prison tearjerker Manslaughter finds the lovely Leatrice Joy as a good-at-heart but decadent young lady with more money than she knows what to do with. Her recklessness leads to imprisonment, which in turn leads to her regeneration. Thomas Meighan is the crusading district attorney who has made it his personal crusade to bring out the goodness and wholesomeness in Lydia (Joy) but he gets sidetracked by alcohol and once she is released, it is up to her to rescue him!<br /><br />If the plot doesn't sound too bad, you'll be floored by the woeful presentation. The quality of deMille's direction is very low, and he does not show any particular skill that is unique to him. The photography is standard and flat, and the editing is hardly more dynamic. One could easily classify it as a fashion show and be pretty correct. DeMille gets to dress Miss Joy up in so many different types of clothes (evening gowns, golfing costumes, motoring costumes, piles of furs) that it's subtitle could be 'Fashions of 1922'<br /><br />One thing more disappointing than the photography or editing or the direction is the acting, which is mostly flat and wooden. When it is not, it is merely routine silent gesturing, rolling eye balls, twitching eye brows and deliberate pointing and arm movements. What would have been enlivened for modern viewers by mugging and scene chewing of some of the worst silent films, is here merely dull to watch. The only member of the cast who succeeds in any form of excellence is Lois Wilson, who is not only beautiful but is able to play her role naturally. She is convincing and endearing in tearful close-ups, as long as you don't read the moralizing title card that follows once she opens her mouth to speak. Like I said, everybody else is droningly routine, Joy, Meighan, even Julia Faye. Her performance here makes a good argument for why she never attained true stardom.<br /><br />The worst and most amusing part of this movie is the heavy moralistic tone that carries through all of it. Meighan's character has plenty of intertitles where he drones on about how the youth of America is declining in it's moral stance, and going right back to the decadence of Rome. (insert absurd flashback) This movie's moralizing has been described as Victorian, but it's further than that. It has so little bearing in reality that I have a feeling audiences at that time didn't take it any more seriously than modern viewers could.<br /><br />This movie is exactly what the unknowing tend to think of as a 'typical' silent movie, with it's archaic moral structure, wooden acting and bad direction. DeMille shows that he could be a terrible director, with no sense of pacing, camera placement, or skill in handling either script or actors. I can't imagine anybody in their right mind taking it seriously. Boring, slow and idiotic, I recommend it to hardcore silent movie dorks like myself only.",negative
"I found this movie on Netflix and had to add it to my queue. I wasn't disappointed when I got it as it's just as funny now as when I saw it at a local drive-in theater back then.<br /><br />It builds to a climax nicely with you getting glimpses of the various characters as they begin their trip across America on the ""Honky Tonk Freeway, America on wheels."" This was a strange comedic role for William DeVane as I remember him as Kennedy in the 1974 TV film ""The Missiles of October"" and felt no one could have pulled that dramatic character off as well as he did.<br /><br />It reminds me a bit of Dick Van Dyke in ""Cold Turkey' where Van Dyke played the local minister. DeVane's role as mayor, minister, and activist was typical for small towns so it makes his character seem amusing and real.<br /><br />Howard Hessman and Teri Garr as the spoiled family in the RV was on target for the time as well. Anyone who has traveled across country with small children, (Are we there yet?) will appreciate those scenes.<br /><br />The scenes of a small town struggling to survive reminded me a lot of the small town I grew up in but they handled it with the charm and humor that you often only saw in small towns. It's sad that many small towns disappeared because of the freeway system and it gives a realistic if humorous view of what they had to do to survive. (Used zoo animals anyone?)<br /><br />All in all, it's a lightweight comedy with no particular message but a humorous glance at America during the early 80's. Well worth watching if you just need a bit of good cheer.",positive
"End Game started well, the least said about the end the better. it seemed like things we're happening just to keep the plot going, for example the reporter who at first is a very inquisitive, intelligent person, half way through does something really stupid and totally out of character, we are given no reason for this apart from, the next scene wouldn't make sense without it. The whole story could have been told in about 30 minutes, it would have made an average TV political drama The brilliant Cuba Gooding Jr. is very watchable however and James Woods does an admirable job considering.<br /><br />The end game was honestly one of the worst films I've ever seen......and that's saying something, I've seen Gigli.",negative
"Before I start my review here is a quick lesson in australian slang which may help you with viewing the movie and understanding some of the other reviews from australia and overseas.<br /><br />In australian slang ""thongs"" are a pair of rubber sandals (not to be confused with the same american word that pertains to butt revealing underwear), ""stubbies"" are a brand of australian short, a ""stubby"" is a small can sized bottle of beer, and a ""stubby holder"" is a foam insulator for a small bottle of beer.<br /><br />If you love black comedies about smalltime criminals then you will love this movie, unfortunatley a lot of people on IMDB with weak stomachs and no appreciation of dark humour have reviewed this movie which unfortunately makes this movie appear to be more mediocre than what it is. A lot of reviewers have also compared it to Lock/Stock and Pulp Fiction, while it is the same genre, it is a completely different and original style.<br /><br />A lot of reviewers have also panned this movie for using Heath Ledger's characters dead brother to open and guide the narrative for this movie, without watching the movie closely enough to realise that his brother was killed by the same villain that wishes to kill heaths character, this is explained midway through the movie but not clearly enough for most to understand.<br /><br />This movie is also reminiscent of Lock/Stock and Reservoir dogs in that it is the Director/writers debut feature, and for a debut feature it rates as well as these two movies, as a matter of fact like Lock/Stock and Reservoir Dogs I rate this movie as a 10/10 for a director/writers debut, unfortunately unlike Tarantino and Ritchie Jordan fails to live up to expectations in his subsequent movies like Ned Kelly.<br /><br />This movie is one that you should definitely add to your DVD collection and is one that holds up to several viewings quite easily.",positive
"This film limps from self indulgent moment to self indulgent moment, promising to develop into something worth hanging on for. But it doesn't. It's flat, self conscious, unimaginative and tedious.<br /><br />A series of set images and backdrops don't make a film, they make a calendar. This kind of pitiful socialist pseudo drama documentary (""It's TRUE it REALLY happened"") not only fails to entertain, it fails to convince, so it doesn't even function as social history. Clichés co-mingled with bad acting make this a film very difficult to finish, the amusement factor wearing off fairly quickly. The characters are one dimensional, never developing to the extent that one feels for them. The director's ego is the largest character in this film.",negative
"Let me say first off that I am a huge fan of the original series Lonesome Dove and the book it was based from. I have put off watching this sequel for the better part of 10 years due to the bad reviews I'd heard about it. If Tommy Lee Jones wasn't playing Capt. Call I didn't see the point. If Larry McMurtry wasn't involved why should I care? How wrong I was.<br /><br />This is in so many ways a worthy sequel to Lonesome Dove, maybe even more so than the dark mood of Streets Of Laredo. The story, acting, production, cinematography are all top-notch. Of course the script isn't as colorful as Lonesome Dove but it has it's moments. And, much to my surprise, there are bits of Lonesome Done in this series; the relationship between July and Clara, completely dismissed in the prequel, is brought up here almost identical to the book, a most welcome surprise. The story isn't all roses, it has it's surprises too. By far the biggest surprise is Jon Voight's interpretation of Capt. Call. While not a direct copy of Tommy Lee Jones' his is both faithful and unique to Voight's credit. The cast is fantastic all across the board, and I don't think Rick Schroeder has done a better job of acting than in this series. Oliver Reed practically steals the show here, he is superb in a role that makes you care for his character as equally as you hate him.<br /><br />It is worth it to watch this if you haven't due to bad criticisms, especially that the DVD is so affordable (I got the 2-disc set for $10.99, you can probably find it cheaper). It is in no way the disappointment that Dead Man's Walk turned out (well, it was for me). And MCMurtry was involved with that one!",positive
"I have to say that I haven't expected that this movie to be this good. Usually, the eastern cinema presents the communist past in 90% of the films. However, this film surpasses the Romanian Cinema, being worthy of some more advertisement. <br /><br />The acting is truthfully and not exaggerated, the plot is simple yet complex as it presents the life in the Romanian suburbia, the sound amazed me, the directing was good and what more can I say... <br /><br />This ""Crash"" of Eastern Europe was drawn me into the film living each moment of it. I have even felt a desire coming out of me, a desire for adventure after seeing it.<br /><br />Watch it! You will definitely enjoy it!<br /><br />7/10",positive
"Okay, it's a movie for children, and it's not one of those movies that adults will enjoy as well. However, there are some unintentionally funny moments, most of them involving holes in the story. For example, the kid needs a computer part to bring his dad back to normal, and he doesn't have the money. So, does he ask his father for the dough? Nope, he STEALS IT and gets caught. Kids, if I'm ever turned invisible, I'll advance your allowance, ok? Also, while this kid is at the police station (no doubt about to be charged with criminally lame acting), his beautiful blond teacher comes in, announces who she is and where she works, then BUSTS THE CHILD OUT OF THE SLAM IN FRONT OF THE COPS! To make matters worse, instead of making a quick getaway, they then SIT IN THE PARKING LOT OF THE POLICE STATION AND LAUGH ABOUT THEIR ACHIEVEMENT. You know, I hate to pick, but the kid DID steal something and ought to face the consequences, but maybe being in this movie is punishment enough. Y'all avoid it!",negative
"This film is underrated. I loved it. It was truly sweet and heartfelt. A family who struggles but isn't made into a dysfunctional family which is so typical of films today. The film didn't make it an issue that they have little money or are Dominican Republican the way Hollywood have.<br /><br />Instead the issue is Victor is immature and needs to grow up. He does, slowly, by the film's end. He has a ways to go, but it was a heartfelt attempt to move forward. His grandmother is very cute and the scene where the little boy throws up had me laughing for the longest time. A truly heartfelt indie",positive
"I give the show a six because of the fact that the show was in fact a platform for Damon Wayans as the Cosby Show was for Bill Cosby, it dealt with a lot of issues with humor and I felt that it in fact tailored to getting a laugh as opposed to letting the jokes come from the character. <br /><br />Michael Kyle An interesting patriarch and a wisecracking person. He is PHENOMENAL in movies, but in the show he was there for the wisecrack and though I loved it, I felt that the laugh was more important than plausibility.<br /><br />Jay Kyle I have loved her since House Party and have enjoyed her in School Daze and Martin, this was a great role for her and she made a great choice in picking this sitcom to co-star in. I also feel that Jay and Michael were more like equals in the show but Jay was more the woman who fed her crazy husbands the lines and went along with his way of unorthodox discipline because she may have felt that it worked<br /><br />Jr Just plain stupid, his character should have been well developed and even though he does have his moments of greatness, we are returned to the stupidity as if he learned nothing, which drives me nuts!!!!!!!! Not to mention that most of the situations (in episodes I've seen) seems to center around him<br /><br />Clair The attractive sister who dated a Christian, I found her boyfriend's character to be more interesting than she was (she'd be better off sticking to movies, the writers should have done more to show her intelligence but it's not stereotypical enough)<br /><br />Kady Lovable and the youngest daughter. I think the writers established her character most on the show aside from the parents and Franklin<br /><br />Franklin I LOVE this character and I think they derived it from Smart Guy (T.J. Mowry) which only lasted one season. They did a great job of casting for this little genius (the effort would have been made if Jr would have been the smart one but show the down sides also)<br /><br />All in all, this sitcom is a wonderful thing and it's homage to the Cosby Show is well done, I love the show and wished it would have stayed on longer than that. I can't wait to see the series finale",negative
"For the life of me I can not understand the blind hype and devotion to this totally unbelievable movie......and I think I have the qualifications to say so.... I am a former Special Operations soldier with 14 years in the ""lifestyle"" ... This movie was totally totally unreal and obviously written by someone that did very little research into life in the Army, in combat or at a team or platoon level.<br /><br />Three EOD guys trouncing around Bagdad on their own????? Get Real... No chain of command????? Get Real... EOD clearing buildings??? Get Real....EOD/ Military Intelligence / Sniper qualified buck sergeant???? Get Real.... Wait... I shot and killed a bad guy and then let two guys take me without firing another shot or being injured at all???? Get Real....I carjack an Iraqi civilian, while I am only armed with a 9 mil, break into another civilians house, get punked by his wife then make it back to camp on foot in the middle of Bagdad at night without as so much as a scratch or confrontation???? Get Real...<br /><br />There is absolutely no adherence to military protocol {Army} and no resemblance at all to any Army unit that I have even encountered. Totally unbelievable and disrespectful to the men and women of EOD who contrary to this poor film are not wild adrenaline seeking yahoos but extremely qualified professionals doing an incredibly hard job.",negative
"i though this film was okay.i din't think it was great.it was a bit too slow for my taste.lots of drama,but not very much action until close to the end of the film.this movie was basically a dramatic film,with the payoff,if you can call it that,not until near the end.to me,the scenes of the dam bursting and the water flooding the town,were okay,but much too brief.the film itself is done okay,the acting is decent,but it just didn't do it for me,in the long run.think it had something to do with the fact that there was very little suspense or tension built through the whole movie.at least that's what i think.the other factor is that i had just recently watched '10.5' and its sequel '10.5:Apocalypse'.these are 2 big budget ""event movies,which,in my opinion, are a very hard act to follow,in terms of special effects and scenes of destruction.as a result,i have to rate Killer Flood:the Day the Damn Broke at 4/10",negative
"As someone who has read all of Baroness Orczy's books and seen most of the movies based on them, I must say that the 1980's version, with Anthony Andrews and Jane Seymour, was better than this. It was better written and stuck more to the spirit of the story than this one, which seemed to go out of its way to involve people getting shot. This new adaptation is less light-hearted, yet does not have as much depth, either. Although there is some good acting, the actors did not have much to work with. Nice costumes, though.",negative
"The plot had some wretched, unbelievable twists. However, the chemistry between Mel Brooks and Leslie Ann Warren was excellent. The insight that she comes to, ""There are just moments,"" provides a philosophical handle by which anyone could pick up, and embrace, life.<br /><br />That was one of several moments that were wonderfully memorable.",positive
"After all the hype I had heard about the Jane Austin novel and different film versions of the book I found myself very disappointed with the movie. I had expected a classic drama but that was not the case. First of all let me preface my review with the fact that I love old movies, particularly mysteries and dramas, but not female oriented movies. This probably makes a huge difference, so take my review with a large grain of salt. I thought the acting was a bit over the top, but that is very common in movies of this era. June Allyson was good as Jo but I found every sister to be stereotypical and form driven. There were no surprises or overly dramatic moments. I hate writing negative reviews, but the movie left me very cold. It has always been my intention to read the book, but after this that seem unlikely. The only warming story line was between the old gentlemen and the youngest sister, that was a very welcome bright spot in an otherwise disappointing viewing experience. Again there are others who love this movie, I'm just not one of them.",negative
"I loved this movie! It's truly bizarre, extremely funny, morbid, witty... It makes no sense to tell about the contents of the movie, because then I'd be giving out the outcome! You have to see it without knowing what is it about! Everything is connected and has its why & because. It starts subtly and then the things start rolling faster and faster until they culminate in the most insane outburst you can imagine! It's even more fun to watch the movie the second time, once you know all the ""tricks"". The actors are excellent, especially Ivan Trojan, whose final scenes are a real master piece! I highly recommend this film, it's one of the most original ones I've ever seen!",positive
"<br /><br />`The Last Frontier' is a superior western that overcomes numerous deficiencies in weaving its tale of trappers Jed (Victor Mature), Gus (James Whitmore) and Mongo (Pat Hogan) and their relationships with the army, particularly Captain Riordon (Guy Madison), Colonel Marston(Robert Preston) and Corrina Marston, colonel's wife (Anne Bancroft). Hired as scouts after losing their supplies to the Indians, Jed, Gus and Mungo adjust to living the `civilized' life within a fort on the edge of the `last frontier.' Jed, who has been raised by Gus, both inspires and looks up to the `older' Gus and Mungo, and has an especially difficult time dealing with `civilization.' His real problems start after he becomes strongly attracted to the colonel's wife, Corrina. Colonel Marstonis a reckless man, who endangers every one around him with his dreams of ruthless victory over any opponent. Corrina, a woman repressed by her station and sense of responsibility, loves her husband for what he could be and Jed for what he is. Caught in the middle is Captain Riordon, a brave and likeable man torn among his duty to the army, his strong friendship with Jed and his fear of the likely disastrous consequences of the colonel's recklessness. <br /><br />What makes this movie so interesting (as well as entertaining) is that, in most cases the weaknesses and the strengths of `The Last Frontier' are EXACTLY the same elements (forget the insipid title and dated music)<br /><br />First, the screenplay. Almost all of the subplots (particularly, the reckless Colonel) have been done better elsewhere, but have rarely been assembled with such eccentricity. Just when you THINK you know what is going to happen next, this one takes off in a DIFFERENT direction. POSSIBLE SPOILER: `The Last Frontier' being a `Production Code' movie (back in the day the word `virgin' was taboo), it's very surprising that the adultery factor was handled in such a mature, tolerant manner. I expected either Jed or the colonel's wife to reap some retribution for their sin. I was surprised and a little disappointed the movie didn't exploit that expectation to create a less predictable ending.<br /><br />Second, the casting. Mature is at least ten years too old to play the part of Jed, the wild-eyed innocent raised in the woods'. James Whitmore, who plays Gus, `the man who raised Jed' is actually five years younger than Mature. Nevertheless, Mature is very endearing, playing a character who is innocent of civilization but is in no way stupid. Although there were several actors who could have played the role at the time (most notably, Burt Lancaster and Kirk Douglas), none could have played Jed better. Preston (also Mature's junior) plays Colonel Marston, missing the tics and affectations one would expect from such a driven man. However, Preston perfectly captures the sense of honor someone must have seen in Marston to promote such a reckless fool to colonel's rank. Bancroft is an especially shrewd choice as Corrina. Bancroft's dark hair has been died blonde, and this achieves the same effect as it did for Winona Ryder (`Edward Scissorhands') and Christina Ricci (`Sleepy Hollow'). That is, I felt conflicted about the character without knowing exactly why; I believe the answer is that blondes and brunettes have considerably different skin tones and eye shades. Further, Bancroft has always projected a toughness that borders on hardness (here the blonde hair softens her up a bit, though). This enables the 24 year old Bancroft to stand toe to toe with both the 40 year old Mature and the 37 year old Preston; yep, she could be a colonel's wife. Madison walks a careful balancing act as Riordan, handling a complex role and sometimes ackward dialogue.Playing a role similar to that of John Wayne in `Fort Apache' Madison does a more skillful job at it.<br /><br />This movie has a `Silverado' type camaraderie. That alone makes it worth seeing. It also has memorable performances, beautiful scenerary and great action and direction. I just hope a letterbox version is available (many have been lost), because this movie takes full advantage of that format.",positive
"I'll keep this short as a movie like this doesn't deserve a full review.<br /><br />Given the setting, this movie could have been something really special. It could have been another ""28 days later"" or even a ""Blair Witch Project""<br /><br />The first 20 or so minutes of the movie I was really excited, directer did a decent job with cinematography and suspense, although I don't think He managed to capture true eeriness of an empty London Underground.<br /><br />Characters were a big let down. Our ""heroine"" in this movie is a worthless piece of crap, and you really don't care if she dies or not. As many people have said before, I was rooting for the homeless people and the black guy, who managed to give me a chuckle or two(whether intentional of the writers or not).<br /><br />The main villain, is kept in the dark for the first half of the movie, but when he is revealed I was really disappointed. I won't spoil it but lets just say my 10 year old sister could probably beat him in a wrestling match.<br /><br />All in all this is just another mediocre horror film which falls into the trap of following a simple Hollywood formula. This film had a lot of potential but really failed to hit the mark.<br /><br />Just to highlight how lame this movie was, the characters in this movie had at least FIVE TIMES to finish off and kill the main villain. INSTEAD THEY RUN AWAY.",negative
"I just watched this movie, by mistake. What a little gem. This film made in 1956 looks, and feels, like a late Seventies movie. And is in fact better, more restrained and correct than, say, Blue Soldier. The environmental, anthropological undertones are way ahead of its time. The understated cinematography is superb and terribly realistic. Much more than Dances with Wolves, The Last Hunt manages to convey the look and feel of the buffalo ""killing fields"" of the late 1800s. Probably because those in the movie were real killing fields. The movie was shot during legal forestry directed buffalo culls, so the animals you see are really being shot, the bones are real. In conclusion, a very under-rated western masterpiece, superbly acted, directed and shot.",positive
"Cliché-ridden story of an impending divorce - or is it? - through the eyes of a 6 year-old child. Corny dialogue, cardboard characters, stock situations, a red herring zombie sub-plot and, worst of all, absolutely no payoff, either emotionally or dramatically.<br /><br />Does no-one teach creative writing any more? The true sign of a weak storyteller - when you cannot create any kind of satisfying denouement - just end the story. I'm compelled to ask, ""what made you think this was a story worth telling in the first place!?"" <br /><br />Good, but wasted, debut by child actor Anthony De Marco - the rest of the cast was, at best, forgettable. And they wonder why no-one watches indie films! This is ninety minutes of my life I will never get back.",negative
"If I only had one camera that was accidentally glued to the floor, enough film for only one take of each shot, and then lost all that film and had to scrounge up some bucks to buy a few digital video tapes, and was forced to make an over-2-hour movie about the French Revolution, and also didn't have any sets and had to have my 4-year-old autistic son paint the backgrounds, and also the only actors I could find were the people who didn't make the auditions of that year's soap opera, and I was also forced to not use any music in the entire film, and also the zoom function on the camera didn't work except for one time when it accidentally started zooming in and couldn't stop, oh and if I hated my audience, then I might make something kind of like this awful, yet mistakenly hilarious, Hell-worthy waste of time. The almost grand looking but completely fake looking backdrops reminded me of some of George Lucas' latest creations, which made it so much more disappointing because through the whole movie, there was that little glimmer of hope in the back of my mind that the film would climax in a lightsaber duel/space laser battle. I don't mean to spoil the movie for those who haven't seen it, but that's not how it ends. The only thing I can think of that wasted more time than watching this movie was writing this review. Peace.",negative
""" While sporadically engrossing (including a few effectively tender moments) and humorous, the sledgehammer-obvious satire 'Homecoming' hinges on comes off as forced and ultimately unfulfilling. With material like this, timing is everything (Michael Moore knew to release ""Fahrenheit 9/11"" before the 2004 elections), and the real tragedy of Dante's film is that it didn't come out 2 years ago, when its message would have carried an energy that would have energized the dissidents further. In 2006, mockery of the well-settled Bush Administration hardly seems as controversially compelling (or imperiled) as it did then.""<br /><br />frankly anyone that could be convinced of anything by a ham fisted zombie flick has questionable intelligence. <br /><br />and if you didn't notice, michael moore didn't exactly help to defeat bush.<br /><br />there was nothing engrossing about this film. i just felt disgust at how blatant and frankly stupid the film was, it was painful to watch. if you are going to do something like this you need a bit of wit. sadly this has none. a poorly done satire actually has the opposite of its intended effect. as they say, with friends like these who needs enemies.",negative
"John Waters has made the most effusively buoyant, heartfelt, dark, personal little film I think I've ever seen (well maybe Fast Food Fast Women comes in close second) The directors vision is untainted...the narrative is whimsical, the characters are personal and odd reflections of family and his own inner life ...the tone never forced or stylistically over-arch.<br /><br />There is no pretentious shot design, ennui, or magazine grading....Martha Plimpton is amazing as the sister..Eddie furlong is inspired casting. A grandmother with a talking Mary, tea-bagging, recycled clothing, yesterday's garbage becomes today's art -- and the lesson of the film is that the most important thing we can value is family ... and a humble life.",positive
"Kalifornia is a movie about lost ideals. A journey on the darkest road ever. The road of no return. The plot is about a couple that set out to find a better life in California. The man (David Duchovny in his best role up to now) wants to write a book about the famous crimes that have happened in America and his girl - who is a photographer - is going to take the pictures. So they set out on a trail of famous murders not knowing what awaits them on the way. To share the journey expenses they decide to find another couple and they put an ad. But the couple that answers it is not just ANY couple. It is one of the strangest couples ever. The girl is a naive, frail creature that dreams a lot and loves cactuses. The man is exactly the opposite. A cruel ruthless murderer. We learn that early in the film and we follow him along the journey to Kalifornia (not with C as usual, but with K, presumably symbolizing the word killer), along his journey of betrayal, murder and finally defeat. All the leads, Duchovny, Pitt, Lewis and Forbes give really good performances and you have to take into consideration that when this movie was filmed not even one of them was a star. The photography is amazing, with darkness covering the greatest parts of the movie, and the music suits the dark character of the film. On the whole this is a really good movie. Don't miss it. You'll think again before taking some stranger in your car to share the gas with!",positive
There are few films that have had me waiting and waiting for release more than this one. This is the latest film from The Dead Gentlemen group responsible for the original Gamers film and the Demon Hunters films. This group has not been terribly active over the last few years but this film is a definite reason to try and keep things up in following their progress.<br /><br />This film follows a group of gamers who are trying to finish a campaign run by a GM frustrated by his group's disregard for his story. With the help of some new blood they attempt the campaign again with hopes of finishing this time.<br /><br />This movie is a breath of fresh air in the movie community and a great improvement over the original. The movie shows respect for the game much like the original movie did but on top of that this movie shows a dramatic improvement on special effects launching it above the simplicity of college films. The acting is fairly decent and the jokes are quite funny.<br /><br />Unfortunately many of the jokes are in jokes so if you are not a gamer you may not find the film as funny as others. So this is why I give the movie an 8 instead of the 9 that I initially thought of. Any case if you are a gamer or know about gaming check this one out you will enjoy it.,positive
"this is the 1990's TV show,not the movie from 1979.it looks to be three episodes totaling just under 90 minutes.before watching,i thought it was one of the movie versions,and i noticed right away,it had a TV show Feel to it.i didn't care for it too much.i just felt the story wasn't there,and there wasn't much in the way of excitement or drama.i was looking at the time elapsed on my DVD player frequently,as i was really bored.i also thought some of the dialogue was,to put it politely,not good.plus, i thought the acting left a lot to be desired. but that's just me however,it is good clean,wholesome family entertainment.there's certainly nothing offensive here.kids will likely enjoy it.for me,The Black Stallion is 4/10",negative
"This film has an excellent premise and is really crying out to be turned into a Hollywood blockbuster. As I recall (and it's a few years since I've seen the film) the action starts with a London omnibus filled with people. There is an horrific crash and one passenger dies. The rest of the film is then told in flashback, with 13 characters who were on the bus getting their recent lives explored in intricate detail. At the end of the film we return to the crash and find out which of these chirpy, vivid characters has met a gruesome end. Great stuff, a little like a good tabloid news story fleshed out in precise, even handed detail. If only it were available on video...",positive
"As I type these comments I'm watching a DVD of this movie that I just got from a mail-order dealer, and I'm finding that it holds up extremely well, with strong characterizations, believable situations, and well-staged action scenes.<br /><br />It's been a good 45 years, maybe 50, since I saw HELL BELOW, but the one scene that made an extremely deep impression on me was Sterling Holloway's death scene, which several other commenters have mentioned here. I haven't gotten to that scene yet on this viewing, but I can vouch for what other comments have said: once you see Sterling Holloway's death scene in this movie, you will absolutely never, ever forget it. Judging from how strong the film so far is holding up, I fully expect that scene to live up to the memory of it -- as unquestionably one of the greatest death scenes in movie history. The movie's worth seeing for that moment alone, but even without it, it would be a first-rate early submarine drama.",positive
"""Secret of the Lens"" is perhaps a pretty campy all-time favorite of mine. The best and funniest from Kajawari Yoshiaki, who is known for splatter anime and sleazy hentai-ecchi anime. I wish he did more campiness like this.<br /><br />My favorite scenes are the psychedelic CG sequence, the parts where Lord Helumis blows up his failing henchmen, the party riots that Bill causes (one of the funniest scenes) and whenever my favorite character, Worsle appears.<br /><br />Check this out.<br /><br />WARNING:This is not for serious sophisticated Anime fans!",positive
"Loved the shots of airports -- Dallas, Phoenix, Fresno, etc., just single buildings with the name in block letters on the roof. And the tri-motors, and the well-dressed passengers. Fast-forward 75 years....<br /><br />But what really got to me was the hammer and sickle emblem and what appeared to be a Chinese ideogram adjacent the logo, aft of the pilot's seat on the starboard side of the fuselage. Remember when the mutual acquaintance Neil and Jill encounter says that Jim'd become a general in a Chinese rebel army? That, based on the hammer and sickle, could only have been the People's Revolutionary Army of Mao Tse Dung!!! Never mind the undies and the unwed twosome in bed -- would that logo and that reference have survived during the Cold War? <br /><br />Additional observation 12/27: This film of the 30's with the soviet emblem may/must also reflect the influence on and charm of communism in Hollywood and much of America during the Depression. Adds to the historical value of this terrific film. <br /><br />Also I liked the American Dream aspects of two guys from Winnemucca taking at least part of the world by storm, Red-Blooded (literally and copiously in Jim's case)American Boys.<br /><br />Others have commented more ably than I on the aerobatics, etc. I loved it all.<br /><br />This gem deserved more than the mere 1.5 stars Osborne and Co. rated it on TCM, if only for recording parts of American history of the early 30s.",positive
"Scott Menville is not Casey Kasem. That is the first, most important, and most disturbing thing about this attempt at re-imagining Scooby-Doo and company.<br /><br />Shaggy's voice is squeaky and does not sound anything like he has ever sounded in any of the previous incarnations of the Scooby shows. They've also changed the outfit and the classic mode of walking from the original.<br /><br />I'm not sure what they're on about yet with the villain angle, but it surely isn't following the formula used in any of the previous Scooby shows.<br /><br />And the animation style is very bizarre and distorted. I like it, but it's not real Scooby-Doo type animation. But the weird animation used for other WB shows grew on me; this might, too.<br /><br />It's worth a glance at -- once -- if you can handle the lack of proper Shaggy voice. That right there is enough to jar one out of enjoying the show properly. Besides, I am trying not to be an inflexible, nitpicking fan. Evolve or die, as the saying goes. We'll see how it looks after two more episodes -- by then I'll have formed a much more solid opinion.",negative
"I'm so glad I only got this movie for $5. Anime is expensive, no doubt about that. I've had my eye on this one for awhile and finally I saw it on sale. I grabbed it immediately and took it home only to hang my head in disappointment. This movie sucked. I've heard people talk about how gory and violent this movie is. It's really not that gory or violent. I've watched it three times, and I think I've wasted enough of my life on this. The demons get a point for being unique and kinda cool at times. The sex gets a point since it's almost non-stop. The horny old man gets half-a-point for being horny and still having the sex drive. And the main character (who's name I've erased from my mind) gets half-a-point for the cool design of his gun. I saw major connections between this movie and Demon City Shinjuku. Both have same style animation, that's obvious because of the director, both have lame soundtracks which suck like the Antichrist, and both have terrible endings. Avoid this movie unless you're into anime sex.",negative
"Well well, at last a view of this underrated flick. But you can't find a good copy of it, terrible copy full with green drops, the editing isn't syncronized, the sound do has sometimes that terrible hiss and sometimes you even can hear the camera recording. Overall it's too dark, a waist of time you should say but it isn't. It's a bit slow, the first half part of the movie it's all talking and making love to each other. It is even still weird that the girls in movies from the 60's never wear any bra's. When they enter the sleeping room it's full glory. Anyway, banned in the UK since 84 and still on the video nasties list. The reason is simple, it's gory for their time being. It really has some nasty dismemberement's and it's creepy in some way due the fact that it is filmed handycam way. So every shot the image is moving, things they do these days with the steadycam. The Ghastly Ones could have been better if the quality of the film was better but still better then other films of the time like Schoolgirls In Chains.",negative
"I've seen hundreds of silent movies. Some will always be classics (such as Nosferatu, Metropolis, The General and Wings) but among them, my favorite is this film (it may not be the best--but a favorite, yes). In fact, when I looked it up on IMDb, I noticed I immediately laughed to myself because the movie was so gosh-darn cute and well-made. Marion Davies proved with this movie she really had great talent and was not JUST William Randolph Hearst's mistress.<br /><br />The story involves a hick from Georgia coming to Hollywood with every expectation that she would be an instant star! Her experiences and the interesting cameos of stars of the era make this a real treat for movie buffs and a must-see!",positive
"""Mr. Bug Goes To Town"" was the last major achievement the Fleischer studios produced. The quality of the Superman series produced at the same time is evident in this extraordinary film.<br /><br />The music and lyrics by Frank Loesser and Hoagy Carmichael (with assistance by Flieshcer veteran Sammy Timberg are quite good, but not as much as the scoring of the picture by Leigh Harline who also scored Snow White for Disney. Harline's ""atmospheric music"" is superb, and a treat for the ears.<br /><br />The layout and staging of the picture was years ahead of it's time, and once again the Fleischer's background artists outdid themselves. The techincolored beauty of the film cannot be denied, and while Hoppity the grasshopper is the star, the characters of Swat the Fly and Smack the Mosquito steal the picture. Swat's voicing by Jack Mercer (of Popeye fame) is priceless. Kenny Gardner (brother-in-law) of Guy Lombardo...and a featured vocalist in his band...does his usual pleasant job in the role of Dick Dickinsen.<br /><br />The movie has been criticized for all the wrong reasons. The Fleischer Studios were animation experts par excellence and this shows very clearly in the finished product. The movie is tuneful, the story great for all ages, and the final scenes of the bugs scrambling for their lives upon a rising skyscraper is some of the best staging and animation of any animated film past and present.<br /><br />Do not miss this wonderfully hand drawn film. Also don't fail to appreciate the title sequence with the most elaborate example of Max Fleischer's remarkable 3-D sterioptical process which took four months to construct and employed 16,000 tiny panes of glass in the ""electrified"" buildings of Manhattan.<br /><br />Do not miss Mr. Bug Goes To Town...aka Hoppity Goes To Town. I'll wager you'll be bug eyed at the results!",positive
"I got a few laughs out of this one, more than a lot of other so called comedies. The big ship was a knockout and getting to see a lot of it's scenery was fun: as was getting to see some of Dyan Cannon's curves. This wasn't the height of Lemmon's and Mattheau's career, but it wasn't a total dog as some suggest.",positive
"This story focuses on the birth defect known as FAS, or Fetal Alcohol Syndrome, a disease diagnosed too often among Native Americans. In spite of the down-beat nature of this drama, the great script and the characterizations move the story along very well. This is arguably Smits best performance.",positive
"This is yet another tell-it-as-it-is Madhur Bhandarkar film. I am not sure why he has this obsession to show Child moles***ion and g*y concepts to the Indian filmy audience, but I find some of those scenes really disgusting! What's new? It is a nice piece put together by Bhandarkar, where he shows the story of an entertainment reporter played by leading lady in the famous film, Mr & Mrs Iyer. What makes this movie different is, that it also covers the stories of people that this reporter interacts with or is friends with, such as her roomies, her colleagues, film stars, models, rich people and others featured in the Entertainment Page#3 in her newspaper.<br /><br />Noticeable: It is another good performance from Mrs Iyer. She is likely to be noticed for this role. She does selective roles but shines in them. She is noticeably de-glamorized and less beautiful in this film. But then, entertainment reporters are not supposed to outshine the people they cover, right? Verdict: Madhur has come up with another good movie, that brings social issues to the limelight very nicely. However, this movie loses focus and one is not sure what the director is trying to convey.<br /><br />Is he trying to show us the glitz and glamor of the rich people? or is he trying to show us the life of an entertainment reporter and contrasting that with the life of the REAL crime reporter? Is he trying to tell us how the government and rich folks rule the press? or is he trying to illustrate the issues with child abuse and g*y folk. The other concepts brought forth include the unwritten rule that young women have to sleep with directors or co-stars, if they wish to enter Bollywood.<br /><br />In addition, he talks about how flight assistants get sick and tired of their jobs after a while and resort to extreme measures by marrying much elder people, etc. He also talks about unhappy women and spoilt kids in rich families.<br /><br />This was all okay for me.. but might be too complex for an average movie-goer, who just wants to relieve some stress from day to day work",positive
"It's funny. It's not Arthur Miller or T.S. Elliot, but man this is funny. Kline and Fields are great. (Her toss-off line ""God, you are so disGUSting"" as she climbs in his window - great! Kline's running into the door after scoping out Teri Hatcher - great too!) Robert Downey Jr. and Kathy Moriarty work together flawlessly - until he finds out who she really is... a soap opera turn if there every was one!<br /><br />The scene near the end in the chinese dining area had my kids and I rolling on the floor - that scene alone is worth the rental price.<br /><br />Doesn't solve any world problems or show the seemy underbelly of daytime T.V. (I hope). Just a lot of fun.",positive
"A sparkling movie. BB is a marvel. She's sultry. She is a feminist. She is still very much in love.<br /><br />The movie features Paris in the 50's. It is wonderful to look at the sites, the cars (DS!) and Orly.<br /><br />A simple but very enjoyable romantic comedy. The music is horrendous. It almost dissonates. On the other hand it is hilarious. But it is probably the only thing amiss, at least looking at it with 21st century eyes.<br /><br />The movie comments on the French manner of treating infidelity. It is that sense modern. A movie like un elephant se trompe enormenent did it in an 80's way. But the basic premise stays the the same.<br /><br />Thanks to makers for providing BB with this opportunity.",positive
"Here's what I knew about ""Atlantis"" before watching it:<br /><br />* - It's officially Disney's first animated sci-fi adventure. I'm not sure how accurate that is (I like to nitpick) but it made me curious first time I heard it described.<br /><br />* - The preview looked, for the most part, damn cool. Evidently, it was also ""too cryptic"" according to some critics after the fact.<br /><br />* - It apparently did SO badly that Disney said, ""Screw it, let's re-release 'Spy Kids'"".<br /><br />So, with all that said, how is the movie?<br /><br />Hella-cool.<br /><br />I'm a sucker for animated fantasy that involves stirring music and rampant special effects anyway, but ""Atlantis"" goes all out. It's a throwback to all the CGI eye-candy shots in ""Beauty and the Beast"" and ""Aladdin"", so much so that it's almost an effects animator's Best-Of Show. The characters maybe aren't that memorable (except, perhaps, for the ship's medical officer), and the plot's a little dull, but this isn't a movie you watch for the plot.<br /><br />Here's a controversy that bothers me. The ""failure"" (as in, it ""only"" took in, like, five-hundred-million or something; I know animators who'd kill to see fifteen bucks of that) of this movie compared to the popularity of ""Shrek"" and ""Monsters Inc."" has been seen as evidence of the death of traditional animation. I don't think that's true. How do you account for the ""South Park"" movie? What about ""Final Fantasy""? Really, the story and the artistry is everything, not the method. I don't know what Disney's comeback movie will be like, but I don't think they're out of the picture yet.",positive
"I couldn't bear to sit through he entire movie. Do families like this really exist somewhere? There have been many comments describing this family as akin to LLBean models and such, and I think that that is a great description of how they behaved.<br /><br />More absurdly unbelievable writing/acting occurs as we meet a character referred to in High School as ""pigface"" who, of course, has grown into a drop-dead gorgeous 20-year Harvard-educated plastic surgeon (but only to do good in the world-not for the money,) and she beds Steve Carrel on the first date. That's when I quit watching...<br /><br />If you can completely suspend your disbelief for two hours, then perhaps you'll enjoy this sentimental, self-indulgent waste of time.",negative
"Why?!! This was an insipid, uninspired and embarrassing film. The embarrassment comes from being from the city where they made it...Pittsburgh PA! Why did they let these people do such a BAAAAAD movie there?<br /><br />When this movie was originally to be released...it was more of a romantic comedy...and no ROBO-anything. That all got changed along with cuteness courtesy of Disney. WHY???? They did a terrible interpretation of this classic comic character. Seeing Matthew Broderick make fun of his own movies was not fun either. Sheesh!!",negative
"So there's an old security guard and a guy who dies and then there's KEVIN, the world's biggest wuss. Kevin wants to impress his incredibly insensitive, bratty, and virginal girlfriend AMY. As he returns from work to... a random house... he finds his ""friends,"" the sexually confusing red-shorted KYLE and the truly revolting sluttish DAPHNE. They are soon joined by Daphne's boyfriend, the trigger-happy sex-crazed macho lunkhead NICK. And there's the title creatures, horrid little dogeared puppets who kill people by giving them their heart's desire. Kyle's heart's desire is to mate with a creepy, yucky woman in spandex. Nick's heart's desire is to throw grenades in a grade school cafeteria-- I mean nightclub. Kevin's heart's desire is to beat up a skinny thug with nunchucks. Amy's heart's desire is to be a disgusting slut. Daphne's already a disgusting slut, so she doesn't have a heart's desire. Along the way a truly hideous band sings a truly odd song. The hobgoblins randomly go back to where they came from then blow up. ""Citizen Kane"" cannot hold a candle to this true masterpiece of American cinema.",negative
"There's nothing to say except I want my time back that this movie took from me. I'm not racist against Latinos. Hell, I'm half Brazilian. I loved the movie Kids. It doesn't make any sense. These kids just go around and do nothing. They're not even good at skating. The whole time I'm just waiting for something, anything, to happen! but it doesn't. NOTHING happens the whole movie. Did I mention they suck at skating. I might make a movie called beat up rockers, and the whole premise will be about kicking the sh*t out of poser moron punks like these kids. I'm not even going to get into it, this movie sucks. Please do yourself a favor and burn this movie if you come in contact with it so some other poor soul won't make the same mistake.",negative
"I saw this when it first came out and have seen it several times since. I have the DVD. It's one of Drew Barrymore's best works and one that is worth seeing more than once. <br /><br />Not being popular in high school was one f the things in the film I could relate to. I wasn't quite as tortured as Josie was (during her real high school days) or like Aldys, but I was never the go- to-the-major-party type either. The prom scene were the three popular girls fall victim to their own prank as Josie pushes way Aldys (the intended victim) is my favorite scene and I clapped when I first saw it. <br /><br />I can still watch this movie today. it is excellent.",positive
"As seems to be the general gist of these comments, the film has some stunning animation (I watched it on blu-ray) but it really falls short of any real depth.<br /><br />Firstly the characters are all pretty dull. I got a hint of a kind of Laputa situation between Agito, Toola and the main antagonist Shunack. However maybe my mind wanderd and this was wishful thinking (Laputa being my favourite animé, original Engilsh dub). The characters are not really lovable either and as mentioned in another post they fall in love exceptionally quickly, leaving poor old Minka jealous and rejected (she loves Agito, who seems oblivious of this). However she promptly seems to forgive Toola at the end with no explanation for the change of heart other than it makes the ending a little bit more ""happy"". <br /><br />There is also a serious lack of explanation. Like who are the druids really? Are they people? and who are the weird women/girls who seem to hang out with them and run the forest? There is nothing explaining why they are there and how they can give regular humans superpowers. The plants coming from the moon still does not fill in the blanks about this. It is almost like a weird version of The Day of the Triffids.<br /><br />And who does call Toola? why bother with this if it wont be explained?<br /><br />I really wanted to like this film but I found the plot no where near as deep as a film like Ghost in the Shell or having any real character like those of Miyazaki. I do not resent watching it but I do sort of wish I hadn't bought it. My advice? Give it a go if you have a couple of hours to spare, but borrow it, or buy it cheap! Perhaps if your new to animé films and don't have much to go by you will enjoy it. It certainly is visually pleasing.",negative
"this is an entertaining movie. actually might make you uncomfortable since it isn't some undead psychopath or sociopath, its your everyday doctor. how scary is that. got some good actors and actresses in this movie, though some where unappreciated like Virginya Keehne as Sarah. Ken Foree who you might recognize from rob zombie's devils rejects and Halloween(2007) co-stars as our detective on schizoid Dr. Alan Feinstone's(Corbin Benson)trail. Short little summary is this: Dr. Alan Feinstone, a guy who has a sexy wife, nice house, and is a great dentist everyone loves. Until he catches his wife cheating on him with the pool cleaner. Then he starts having hallucinations that his patients' teeth are all rotted and that the female patients are his wife as he starts going nuts in this thriller. But before that, nice guy.",positive
"I enjoyed this film. It was funny, cute, silly, and entertaining. Had a fine cast and really got hammered by some critics for reasons that I truly don't understand. No, it wasn't ""The Grapes of Wrath"" or ""Casablanca"" or even ""Moonstruck"", but it was an enjoyable film.<br /><br />Julia was excellent playing the psychotic 'man behind the man'. The story is a little silly to be sure, but it this isn't high drama, folks. I happened to see a review of the film, probably the only good one it got and then ran into it one night when looking for a movie. I never heard it was supposed to stink until after I saw it, and I'm glad I saw it. Eventually bought the VHS tape on the bargain pile, and I watch it a couple times a year.",positive
"I rented this movie primarily because it had Meg Ryan in it, and I was disappointed to see that her role is really a mere supporting one. Not only is she not on screen much, but nothing her character does is essential to the plot. Her character could be written out of the story without changing it much.",negative
"I signed in just to comment on how awfully stupid this movie is. Besides being a rip-off of Executive Decision or Air Force One or any other kind of terrorist story, this is the kind of movie that makes you appreciate seeing a movie that can take the same basic ideas and do it well. It's hard to blame the actors when they are given such a stupid, cliché-ridden script to work with. It's bad enough if you groan once in a movie when you encounter an insult to your intelligence, but when you find yourself groaning over and over again, you have to conclude that the director also isn't the brightest bulb in the movie business, nor are the producers for deciding to bring this story to the screen in the first place. The mostly low-rent actors you can excuse for taking on this assignment, because they most likely showed up to get the money and exposure, not that being a part of this joke-of-a-movie is going to earn them any awards or recognition. It may end up embarrassing them for having such poor judgment as to get involved in such a loser. I see no point in summarizing the plot or even in giving any examples to prove my case, for, to do so, would be cruel and unusual punishment that no one involved in this debacle could withstand. Just as studying well-made movies can inspire you how to make a good, skillfully put-together work of art and beauty, the only thing that you can learn from watching this monstrosity is what NOT to do and what does NOT work! Be warned.",negative
"This movie tells about the real life story of Ramon Sampedro, who lived for 27 years lying in bed after having broken his neck, and fights a battle to get legal permission for someone that can assists with his death.<br /><br />Javier Bardem is one of best actors of his generation. Consider this: he has to carry this movie with only his face! Unbelievable that he didn't even got an Oscar-nomination. Now we can all see that the Academy is a joke! The supporting cast was terrific! The optimistic Rosa, his lawyer Julia, the rest of the family...Each and everyone has his/her own opinion about the fact that Ramon wants to die.<br /><br />Whether your for or against euthanasia, put your opinions aside, because this movie deserves to be seen by people all over the world! Half way through the movie I started crying and it didn't stop until the credits rolled. This movie is so heartbreaking but also wonderful to watch and I can't wait to see it again. I give it a 9/10, and in my opinion it is by far the Best Film of the year so far.",positive
"Bugs Bunny accidentally ends up at the South Pole while trying to vacation in Florida. Where he meets a little penquin, which he tries to save from an Eskimo. This short tries and the penquin is adorable, but in the end it's a bit too light in the laughs department. The Eskimo isn't really that great of a foil for Bugs and I just seen a lot better Bugs Bunny cartoons frankly, even other shorts when he's paired with other unknown antagonists. So I can't in good conscience recommend this one. However it is nice to see it in it's uncut form. This cartoon is on Disk 3 of the ""Looney Tunes Golden Collection Volume 1"" <br /><br />My Grade: C",negative
"The Muppet movie is an instant classic. I remember the opening scene with the bird's eye view of the swamp and Kermit starting into (in my opinion) the most loved song in the history of songs. At this point my mom would always sing along with Kermit.<br /><br />Watching this title as a young adult it makes me smile. I can still sing along to my heart's desire. Like many Muppet films there are in jokes for adults that are( In my opinion) still funny today. My favorite line of all time is actually from this film, it's the last line spoken by my green, goggle eyed hero Kermit ""Life's like a movie , Write your own ending"". That's what I intend to do! Thank you Jim Henson.",positive
"I'm far from a Sylvester Stallone fan and I guess the only time I really appreciated his appearance was in the French movie Taxi 3, which is an almost inexistent small role. And yet I must admit that this movie was actually not that bad, even though I feared the worst.<br /><br />When Gabe (Stallone) fails to rescue the girlfriend of one of his friends and she plunges to her death from a 4000 feet high mountain top, he can't possibly force himself to keep working as a mountain ranger. For almost a year he doesn't set a food in the reserve, but than he returns. Soon after he's back, they get an emergency call from a group of hikers who got trapped in a snow storm. At least, that's what the rangers believe. In reality it is a group of robbers who crashed with their airplane in the mountains after their daring plan to steal cases full of money from a flying government plane failed. The cases are spread all over the reserve and they need the help of professional climbers to retrieve them...<br /><br />This is of course not one of the most intelligent movies ever, but in its genre it's an enjoyable one. I especially enjoyed John Lithgow as the evil master mind and leader of the gang of robbers. I know him best from the TV-series ""3rd Rock from the Sun"", but I enjoyed his performance in this movie as well. Overall the acting is OK, it had a lot of action to offer and of course also some one-liners, but it also offered a very nice decor. This movie was filmed in a magnificent natural environment. I loved the snowy mountains and valleys, the mountain rivers and the forests... Perhaps that's why I give this movie a score higher than what I normally give to an action / adventure movie of this kind. I give it a 6.5/10. If you don't expect too much, this is an enjoyable movie.",positive
"My summary refers to the fact that this film has 1479 votes--just 21 short of making it eligible to be on IMDb's infamous Bottom 100 list--the 100 lowest rated films on the website. With a paltry score of only 1.8, this would place the film at approximately between #38 and 46 on the list--talk about a very dubious achievement!! My score of 3 isn't that bad--but it does bring the film that much closer to the dreaded list.<br /><br />As for the film, it stars the once-cute Aaron Carter--yet another prepackaged and forgettable pop star of the 1990s. When he first broke onto the scene, he was a cute kid with some songs that appealed to pre-teens and tweeners on Radio Disney. His songs, look and image were all scrupulously groomed and created by marketing folks and did the trick--leading to some huge album sales. Unfortunately, by 2005, sales were in decline and Carter had hit his awkward stage of life--something ALL kids his age have to deal with eventually. To put it bluntly, he isn't cute any more in this film and is at a very tough stage of life. I assume now he's a gorgeous young man...but in ""Popstar"" he's no longer the heart-throb he once was. Here, he is just very normal...a death sentence for a kid in his position as a ""pop sensation"".<br /><br />Interestingly, the film has some appearances by some other ex-teen heart-throbs from the last few decades--including a roles for David Cassidy and Leif Garrett--two guys who also know what it's like to disappear from the limelight. Cassidy managed to pick up the pieces and make a niche for himself, while Garrett is a great example of a pop star whose life after stardom has been a bit of a joke. Hopefully Carter will take after Cassidy in the future and so far, thankfully, he's managed to avoid the negative publicity and court appearances of many ex-pop idols. I was far from thrilled with the film but seriously wish him best in this department. It's not his fault he was plastered across the radio and television throughout the early to mid-1990s.<br /><br />In this film, Carter doesn't exactly need to stretch himself--he plays a pop star. However, despite making millions and being adored by girls, he doesn't ""have it all"". He's quite dense--mostly because he has little interest in learning. The problem is so bad that his mother decides to no longer home school him--forcing him to go to public school. The problem, though, is that he is rather phobic about taking tests...and making the grade in school is difficult. So, he gets the idea of finding a smart girl to date--one who would naturally be obliged to help him out in school. He picks the cute but bookish Jane (Alana Austin) and pretends to really like her in a sad attempt to make this scheme work.<br /><br />This plot, by the way, isn't bad and could work even though it seems a lot like an episode of a show like ""The Brady Bunch"" or a Nickelodeon sit-com. Sure, it's predictable and you KNOW that the formula will mean that she will eventually learn his plot and be hurt AND he will eventually realize that he actually does care for her AND by the end of the film, all will be forgiven and they'll be a real couple. But, given good acting and competent direction, this could be worth seeing for his teen fans, as predictable isn't always bad. And, as it turned out, this ISN'T exactly where the plot went...but it was awfully close.<br /><br />There are a few good things I liked about the film. Seeing Tom Bosley and Stella Stevens playing Jane's grandparents was very nice--their role was quite sweet and it was good seeing them again. Also, 1970s made for TV movie star Andrew Stevens appeared in the film--it was nice to see him again--though part of me hated him, as he looks so great after all these years and I look ever bit of my 45 years! He did a fine job and it was nice seeing him in the same film as his mother (Stella).<br /><br />As for Carter, with his many prior experiences on TV, he was, not surprisingly, pretty good. While his relationship with Jane didn't seem very believable, he and Ms. Austin gave it their best. The film wasn't great, but they did try and I think most of the problems with the film were in the writing--with a better and less formulaic plot, it could have worked much better. Plus the whole ""testophobia"" angle seemed pretty contrived...and rather insignificant. Who cares if a mega-millionaire star gets anxious taking tests in school?! Overall, not a rotten film as the current rating would imply, though there isn't much here to attract a wide audience. People who grew up loving Carter probably will enjoy the film. Older folks will probably care less as well as really young people who probably haven't heard of him. For them, there is no nostalgia value in the film.<br /><br />My favorite part of the film...Leif Garrett giving Aaron advice. I felt like screaming ""don't listen!!"" but didn't!",negative
"I am trying to find somewhere to purchase a DVD/VHS copy of the movie ""Isn't it Shocking?"" I was 7 years old when I saw this movie and I lived in the town where it was filmed. A couple of items from my family were used in the movie as props and a couple of my friend's homes were used in a couple of the scenes. The filming pretty well took place in the town and surrounding community. I have only seen the film once originally and I would like to get a copy so now I can show my family the film. I have done extensive searches online with not luck and I was wondering if anyone would have any ideas on trying to get a copy of this movie?",positive
"There is a word for this sort of film, and that word is ""drivel."" It was drivel when it was a VHS rental, and it's drivel on satellite re-runs now.<br /><br />It might fool you, because it has 2 moderately well-known names in Kistofferson and Henriksen, reasonable soundtrack music, and nice Monument Valley scenery.<br /><br />It also has some curly haired woman who fights a lot.<br /><br />If that's all you want from a movie, then maybe this will keep you happy.<br /><br />It's still drivel, though.",negative
"This is perhaps the worst movie I have ever seen, and I have seen well over 300 movies in my lifetime. The acting atrocious, the only bright spot seems to be judging the anatomical prowess of the female castmembers. After watching this movie, it is suggested that the viewer not operate heavy machinery or go driving for a period of at least 24 hours. Also a bottle of Valium would be recommended so you don't feel so bad for the 100 wasted minutes of your life. The plot is nothing original, the dialog excruciating, and even the weapons seem sub-par. Do yourself a favor and go to your local Blockbuster and burn whatever copies they have of this horrid film.",negative
"I'm a bit spooked by some of these reviews praising A.K.A. Not only do they sound as if they were written by the same person, but they contain all kinds of insider information that surely you could only find by reading the press book from cover to cover. Please don't tell me that the director is writing his own reviews as that would just be too sad to contemplate.<br /><br /> Afraid I'm another one of those who hated the film and was surprised by its unapologetic amateurism. Great idea, shame about the execution. And it was most disconcerting to watch so many good actors (as well as some very bad ones including the leaden lead) all apparently thinking that they were appearing in a series of very different films.<br /><br /> I wish that A.K.A. had been audacious, innovative or just simply interesting. Sadly it was like watching an unintentionally hysterical home video with arty aspirations. A missed opportunity.",negative
"This was recommended to me by a friend that said it was cute and cuddly for a ""lesbian sexuality Flick"". Boy was he wrong. I guess he just didn't get it. Growing up not understanding and then discovering yourself thru trial and tribulation is more like it.<br /><br />The characters are full and vibrant and the story has enough fun thrown in thru the theater performances to keep anyone interested.<br /><br />Rachael Stirling as ""Nan"" goes thru so many tries at finding the love she desires only to find it was the one person she was scared to reveal all too, and ran out on. Johdi May as ""Flo"" was remarkable. spent a couple hours trying to recall where I've seen her before, only to discover she was The quiet sister ""Alice"" in ""Last of The Mohicans"" Luckily,I was raised in a liberal family and had no issues with trying a movie like this. So many people are missing out on flicks like this. I'm glad I took my friend's advise and tried it. But, I'm sure I enjoyed it more the he.",positive
I read nothing but good things about this movie and finally had a chance to watch it late last night and it was everything I expected it to be and more.This is the way a proper horror movie should be.I think the reason it was so scary was because it was so realistic. The spooky sounding score was perfect for setting a dark mood.I liked the dramatic opening scene and enjoyed how the rest of the movie played out.It was very easy to follow and understand unlike some movies which are way too complicated.The special effects were very good.I would love to see more horror movies like this one.This is easily one of my favorite's.A realistic thunder and lightning storm would have set a nice atmosphere for this movie.Other then that it had all the elements a good horror movie needs.I highly recommend this movie to anyone who can appreciate a good scary movie that pulls no punches.I will be adding it to my collection.The DVD has some interesting special features.,positive
"This is a very well done film showing the life of international students during their ""Erasmus year"" in Barcelona which by the way is one of the most beautiful towns in Europe and is an ideal location. <br /><br />The idea itself with all the different languages is great and gives the film an original atmosphere. There are some clichés about the countries but most of them are true! The characters could not better represent their different countries.<br /><br />Having experienced ""Erasmus"" on myself during my exchang semester in Italy I can say that is movie is incredibly authentic. I had many experiences which were similar to the characters (except I didn't get laid as often). The movie is also quite funny yet not like all those stupid American college movies.<br /><br />Finally the movie touches also some important issues like the change from student to work life.<br /><br />9/10 (I may not be very objective though)",positive
"I always wrote this series off as being a complete stink-fest because Jim Belushi was involved in it, and heavily. But then one day a tragic happenstance occurred. After a White Sox game ended I realized that the remote was all the way on the other side of the room somehow. Now I could have just gotten up and walked across the room to get the remote, or even to the TV to turn the channel. But then why not just get up and walk across the country to watch TV in another state? ""Nuts to that"", I said. So I decided to just hang tight on the couch and take whatever Fate had in store for me. What Fate had in store was an episode of this show, an episode about which I remember very little except that I had once again made a very broad, general sweeping blanket judgment based on zero objective or experiential evidence with nothing whatsoever to back my opinions up with, and once again I was completely right! This show is a total crud-pie! Belushi has all the comedic delivery of a hairy lighthouse foghorn. The women are physically attractive but too Stepford-is to elicit any real feeling from the viewer. There is absolutely no reason to stop yourself from running down to the local TV station with a can of gasoline and a flamethrower and sending every copy of this mutt howling back to hell. <br /><br />Except.. <br /><br />Except for the wonderful comic sty lings of Larry Joe Campbell, America's Greatest Comic Character Actor. This guy plays Belushi's brother-in-law, Andy, and he is gold. How good is he really? Well, aside from being funny, his job is to make Belushi look good. That's like trying to make butt warts look good. But Campbell pulls it off with style. Someone should invent a Nobel Prize in Comic Buffoonery so he can win it every year. Without Larry Joe this show would consist of a slightly vacant looking Courtney Thorne-Smith smacking Belushi over the head with a frying pan while he alternately beats his chest and plays with the straw on the floor of his cage. 5 stars for Larry Joe Campbell designated Comedic Bacon because he improves the flavor of everything he's in!",negative
"I only voted excellent because this film took two snapshots of Americana: one in 1970, and one for every year afterward. <br /><br />Nothing's really changed.<br /><br />Joe is actually a jerk, a big stupid slob who's mad at everybody else in the world for his own idiocy. This ain't really a spoiler, but the key to the film is the big, corporate ""never does wrong"" guy making friends with this semi-troglodyte Joe, and he gets some kind of...validation from his bigotry and stupidity and sense of being wronged. <br /><br />Yet, few would argue, that the dealer boyfriend did deserve to die. And those kids shouldn't have ripped Joe and Compton off. And Joe and Compton were actually getting into the hash and the young skin until they got ripped off. A simple film in many ways, except that in 1970 New York City was par to a battle zone thanks to Nixon's care, and all of the money going to the war in Vietnam. As I write this (2/25/2007) there is a ""very long wait"" on Netflix for this film - which makes me happy because I think there are people out there who want to learn. This was a pretty good snapshot - not exact, a bit caricaturist - but actually pretty close to how it was back then. And the scary thing is - things haven't changed that much. Sure, there's no more welfare, but that just means the wage-slavery has won out. <br /><br />Amazing how millionaires will complain about not making enough money, then complain that $5.15 an hour is too much to pay their people.",positive
"Margaret Colin stars as the principal figure in this story; as I watched it, I remembered her bit part in Adrian Lynes's ""Ünfaithful"" as Diane Lane's neighbor in a tony NY neighborhood.<br /><br />This movie was surprisingly good, and Diane Stillman deserves credit for an accurate portrayal of class, crimes, and misdemeanors, which actually occur in upscale neighborhoods (perish the thought!!!).It is real but not over-dramatized; the audience lives through her accident, the pain it has caused;denial; and the ultimate resolution.<br /><br />It is more than just a question of ""what is a good person"" as Colin speaks to her husband....is a person's character defined by one single act; and should they be condemned forever because of their action?? The questions are pertinent; It is also amusing to see several cinematic references to Martha Stewart (i.e. the fussy, bothersome mother);Colin is reputed by her sometime friends to be a ""perfect hostess, with perfect genes""....(gag); and a scene wherein Colin is confronted by police;(the ""friends"" also betray her, later)....<br /><br />The denial and facades of American society are addressed; (Oh, murder doesn't occur here; similar to the theme in ""Ä Season in Purgatory"", by author Dominick Dunne, about the true murder of Martha Moxley; in Greenwich, Connecticut); Colin is aware of her crime; but consciously finds herself perpetuating the facade, until she finally breaks down;rent or buy this film; she is an underrated actress who does quite well in these roles.",positive
"It should come as no shock to you when I say that Alone in the Dark is a crappy movie. To put it bluntly, it's as if a dung monster defecated, ate the result, and then vomited. The final product would still outshine this movie.<br /><br />Seemingly based on an ancient (!) Atari video game, the movie has something or other to do with a portal to the bowels of the earth, the unleashing of demons, and ancient civilizations. Something about there being two worlds, that of darkness and that of light. (Guess which one's ours.) Oh, and 10,000 years ago a really super-duper advanced civilization opened the portal, demons came over and had a blast, then wiped out the civilization. Which is why we've never heard of them, conveniently enough.<br /><br />Christian Slater, perhaps pining for the days of Heathers and Pump up the Volume, plays Edward Carnby, a paranormal researcher to whom Something Bad happened when he was 10 years old. He's hot on the trail of one of the artifacts of said advanced civilization. Carnby used to be part of a secret institution called 713, which has been trying to figure out what happened to that long-ago civilization. But Carnby believed he wasn't going to be able to find the answers he sought, so he left the group.<br /><br />But see, these beasties are out, and they get their prey in varying ways, such as gutting them, splitting them down the middle, implanting neurological control devices in them, or just turning them into killing zombies. Yes, it's another zombie movie.<br /><br />That's about as distilled I can make the plot. It's pretty convoluted and incomprehensible. In similar movies, one might see the intrepid researcher/adventurer figure things out a step at a time, and when we the audience are mentally with the researcher, it's a lot of fun. But when the scenes shift from attack to attack with no perspective or context... not so much fun.<br /><br />The acting is dreadful, save for Slater, who (although he almost seems embarrassed to be in the movie) showed he was capable of carrying the acting load. He had to; get this - Tara Reid is cast as a museum curator! Honest to goodness, I thought I'd seen the casting of a lifetime when Denise Richards was cast as a nuclear physicist in Tomorrow Never Dies. But Reid here matches Richards, crappy emoting for crappy emoting. Hightlights include Reid pronouncing ""Newfoundland"" as ""New Fownd Land,"" Reid delivering most of her lines in a dazed, throaty monotone (kinda like she'd been on an all-night bender for the past week before filming), Reid - a museum curator, mind you - spending a lot of the movie in a midriff-bearing top and hip-hugger jeans. Oh yeah, she was as believable as Jessica Simpson giving stock quotes. Oh, why must the pretty ones be so dumb? (Note: I don't think Tara Reid's all that good looking. She looks like she's in perpetual need of food.) Almost everyone else in the cast is completely forgettable, except perhaps for Steven Dorff, who played Burke, one of the leaders of 713. Dorff's character wasn't terribly well developed, but nothing in the movie was, from the sets to the characters to Tara Reid. But I digress.<br /><br />Anyway, the perplexing and utterly preposterous storyline is tough enough to follow with the film moving at such a breakneck pace, but director Uwe Boll tosses in a pounding, mind-deadening soundtrack; it's so loud you can't hear what the actors are saying in some of the scenes! That can't be right. Given the acting level, however, perhaps thanks are in order to Mr. Boll.<br /><br />Oh, and a fun note. The opening moments of the movie include narration... of the words that are crawling across the screen at the same time. Remember the first Star Wars? You heard that now-familiar Star Wars theme while the prologue crawled. There was surely no need for narration; why do I need some doofus to read what's on the screen for me? Were the producers simply looking out for blind people? Maybe that also explains why the soundtrack was so loud - they were also looking out for hard-of-hearing people. Also, the narrator inexplicably had a lisp for the first few lines of the crawl - then lost it. Bizarre.<br /><br />Alone in the Dark is a loud, dopey mishmash of dreadful acting, an incoherent script, and ham-handed directing. Hardly a note rings true. There's so much chaos that the audience simply gives up caring about the characters and roots for their demise. Even in the dark, the demonic creatures seem cooler and much more developed by comparison.<br /><br />Ironically, since there were only three other people in the theater, I watched this Alone in the Dark. I wonder if Uwe Boll planned it that way? I can't quite give this the lowest rating, because I had low hopes for it to begin with - and because it never grabbed me enough for me to get worked up about it. It's atrocious, although Slater redeems himself a tiny bit.",negative
"NBC was putting out a lot of good product when this series came out, but none of it was getting viewers. At least according to their executives who wisely canceled good shows like Star Trek & My World & Welcome To It because of low ratings. NBC's advertisers were getting a bargain from NBC's ignorance.<br /><br />This show stands out as the only time James Garner wasn't enough to get viewers. It is ashame as this show had an excellent support cast from Stuart Margolin (later Angel in the Rockford files), to Neva Patterson to Margot Kidder.<br /><br />It was set in a 1900 western town. Garner was playing a sheriff who did not want to use violence to do his duties. It was small town stuff, but it was excellent. It wasn't long after this that Jim Rockford brought Garner back to success, but for my money, this show was good enough, it just wasn't in the right time, right place, or given the right opportunity.<br /><br />The show was so good that most of the folks who worked on it also got jobs on Rockford.",positive
"She is such an extraordinary singer, who cares about anything else!!!! That final scene is one of the best moments in all of show biz - bar none!! I'm glad she kept the camera on herself for ten minutes - she deserves that iconic status - such is the power of the voice. <br /><br />I first saw this film when I was five and it had a huge impact on me. I see it today, and yes, I can see some of the flaws (like Esther wanting to leave the Grammy's right as her award is being announced).<br /><br />But some of the other user comments are just plain false - I mean, where is the gratuitous nudity - maybe we saw different films??? <br /><br />Streisand's singing ability is monumental, and if she has a big ego - fine! <br /><br />She's earned it.",positive
"I read comments about this being the best Chinese movie ever. Perhaps if the only Chinese movies you've seen contained no dialogue, long drawn-out far-away stares and silences, and hack editing, then you're spot on.<br /><br />Complicated story-line? Hardly. Try juvenile and amateurish. Exquisite moods and haunting memories? Hardly. Try flat-out boring and trite.<br /><br />This was awful. I could not wait for it to be over. Particularly when the best lines in the movie consist of ""How are you? I'm fine. Are you sure? Yes."" Wow! What depth of character. I guess the incessant cigarette smoking was supposed to speak for them.<br /><br />As a huge fan of many Chinese, Japanese and Korean films, I was totally disappointed in this. Even Zhang's sentimentally sappy ""The Road Home"" was better than this.",negative
"With Pep Squad receiving an average of 4.7 on IMDb.com, no wonder Steve Balderson slanders this website so. But the fact is that Pep Squad is a poorly crafted ""black"" ""comedy"" (both words in quotation marks for a reason). It's a movie full of over-acting (Cherry, Beth's Mother), coupled with a couple of lethargic performances (Beth and Julie's boyfriend). A movie where you can follow cars from twenty feet away in a gaudy red Jeep and never be noticed. A movie chock full of not-so-appetizing cleavage and nudity shots that make you wonder, ""Does the director think this is funny? Or clever?"" Most of all, the characters are so paper-thin and poorly developed that the film becomes quite unpredictable, but probably not on purpose. Pep Squad can't decide whether to be a comedy, or a drama, or a satire (patriotic music, I get it...). The movie fails at being serious, because the idea of killing for any school position (this being Prom Queen) crosses the line into insanity (not to mention shots of flag burning and drive-by shootings, a poor attempt at being controversial and edgy), and fails at being a comedy, for all the forced and awkwardly placed jokes (big butt mama, ""funky"" black principal, and excessive cussing delivered poorly by the principal cast). Watching the documentary ""Wamego: Making Movies Anywhere"" only made this film more cringe-worthy, with praise lauded towards it by... the director and the director's father... hmmmmmm. Not a black comedy, or anything for that matter. I guess Kansas will have to wait.",negative
"A powerful adaptation of the best-selling book and the smash Broadway play about the lives of Bessie and Sadie Delany, two ""colored"" sisters who lived past the age of 100. Wonderfully played in their old age by Ruby Dee and Diahann Carroll, respectively, they tell their story in flashbacks to Amy Hill Hearth (played by Amy Madigan), a white New York Times reporter. The flashback and present-day scenes don't have as much inspirational value in them as in the book, but really are powerful. However, certain aspects of the sisters' lives, such as the inter-racial background of their mother and the reasons behind their father's stern personality are not presented clearly. You need to read the book to fully understand these things. Which is just as well, because the book's just as great! Aside from those flaws, it's wonderfully done and performed, especially by Dee and Carroll, and a very powerful and educational movie.",positive
"This movie is horrible if you pay attention to it. It's a perfect movie if you just watch the colorful images dance across the screen - each one with no apparent connection to the next. I rented this movie because I'm a David Bowie fan, and I really appreciate musicals. In finality, Bowie was in the film for a total of ten minutes and the songs and dance sequences were sparse and left something to be desired. The moral of the story was really befuddling. I couldn't tell if it was about racial issues in London in the 1950s or about not selling out. For the first half of the movie I was chuckling at how cheesy it was but I liked the campiness of the ""no selling out"" message. When blacks started being murdered I thought my tape had gotten messed up. Maybe I rented half of two different movies? Nope, there was a ""Keep Britain White"" song and dance sequence. I'm sorry, but WWII is not something you can write a musical about. At least not a musical that could conceivably be described as ""campy"" as I have several times in this review. Overall I'd say this movie could do a whole lot better if it made up its mind and cast better actors. (And put David Bowie in it for longer goddammit!) My grade: C-",negative
"If you like Sci-Fi, Monsters, and Ancient Legends, then you will love this movie!! <br /><br />The Special Effects are by far the best I have seen since Juarassic Park hit the big screen years ago. While the acting may have been a little less than desirable, the story line and effects adequately compensated for it.<br /><br />I wish now I had seen this at the movies on a theater screen instead of our 42 inch big screen TV.<br /><br />If you like non-stop action, awesome visuals, and taste for myth and lore....you have to see this movie!!",positive
"This film is a very descent remake of the famous Fritz Lang's masterpiece ""M- Murder"".It is well made and with a entertaining key to speak about pretty serious events and contemporary problems in Eurobe but not only the whole world.The ethnic intolerance is such a huge evil and very contagions nowadays. So ""Children of Wax"" or as it is known in US distribution reveals the question of German and Turk hatred in an amusing way.No doubt it is well appreciated to be taken for distribution by the great Weinsten brothers.And there is another fact I liked most is the participation in this movie of the favorite actor of Lars von Trier the great Udo Kier who shows to play with such a pleasure for the Bulgarian film director Ivan Nichev.",positive
"Bad. Personal opinion? The folks who made it? They knew that when they made it. To star in this movie, again my opinion, you needed to meet three criteria ... #1: You had to own your own Goth style clothing and jewelry. Makes wardrobe both easier and cheaper that way. #2: You had to be able to remember and repeat your lines with out cue cards. Note that I didn't say you had to do it well. Saves on time and paper work. #3: You had to be willing to get naked. Gives an R rating and thus bolsters sales. Want to watch a better movie? Easy. Get a camera and some of your buddies together and do it yourself. Trust me, you won't do any worse. As vampire movies go, well, this one sucks. And a hint here for people like me who like to look for little oddities in movies ... Consider the link between vampires and crosses. Now, take a look at the symbols and names on the headstones in the cemetery portions of this thing were filmed in. Ed Wood couldn't have planned that kind of an accident any better himself.",negative
"A Pentagon science team seem to have perfected a serum which causes invisibility but when the lead boffin tries it out on himself he can't reverse the process. Frustrated and drunk with power, he turns psychotic in the classic H.G. Wells tradition.<br /><br />This is a gleefully horrible Invisible Man story, delivered with relish by the ever-tasteful Verhoeven and Bacon as the genius-turned-loonytoon-maniac. As with much of Verhoeven's work it has a terrific unrestrained sense of Boy's-Own comic-book adventure (the secret underground lab where the scientists work is just wonderful) combined with the most horrific and depraved visuals (women in their underwear being groped and attacked by an invisible fiend, animals beaten to death, literally gallons of blood and wholesale slaughter in the last two reels). Whilst the story doesn't ring any new twists on an old idea, the CG special effects by Scott E. Anderson are eye-poppingly brilliant as we see veins and arteries, cardiovascular systems, muscles, tissue, bones and flesh all literally appear out of nowhere. In particular, a sequence where the team bring a gorilla back from the invisible state and the scene where Bacon drowns Devane in a swimming pool, are absolutely breathtaking in the detail and artistic invention of the effects. The film also has a great soundtrack by Jerry Goldsmith and classic horror-movie photography by Jost Vacano. The young cast are pretty much overshadowed by the movie's technical pedigree, but both Shue and Dickens are impressively out of their depth. This is a great fun nasty movie.",positive
"I have seen films come and go in my years,and when i see a disaster film i keep hoping i wont be disappointed.And with this one i was not in the least.The story of a whole country sinking into the ocean was a great concept written by sakyo komatsu,a novelist with intense theories on where this earth is going.The characters were top notch,and even though i am not Japanese,i didn't need a translator to give the idea of how people in their most desperate needs can come together for the common good.The special effects blew me away,i was literally on the edge of my seat watching the tidal waves lava flows and land explosions that must have taken months of work to perfect.As for the acting i thought yes,this is acting at its best,emotions run rampant throughout the film and i cried at the most severe scenes.For movie goers alike,you don't need to speak or understand Japanese to watch this film,you can get the idea and feeling from each person and character to understand it well and to follow it along like you are there.My hats off to Shinji Higuchi for directing it,i hope he can outdo his work with another mind blowing experience.As i said,....Fantastic Film.",positive
"I had just finished reading the book, and was really looking forward to seeing this TV adaptation which was broadcast on the Hallmark Channel on Monday night (5/30/05). The key to the whole book was the manifesto which was stolen by the man with steel teeth, but I watched for an hour (out of 3 1/2) and I saw the man with the steel teeth but I never saw him steal a manifesto. I saw someone steal some virus but what did that have to do with the book? It's too bad because this film had great production values and a good cast, but isn't the idea of turning a book into a movie (TV or film) to get the people who read the book to be part of the audience. They only kept me for an hour. I thought the premise of the book was great and what did they do but throw out the whole premise. This book had a great McGuffin (to paraphrase Hitchcock) but they ignored it. And it said in the titles that Forsyth was involved in the production. They sure must have paid him a LOT of money.",negative
"I loved this movie from the opening sequence right through to the end. I found the director/ actor's style of directly addressing me/the audience very engaging.<br /><br />What I found most exciting and refreshing about this movie was its ignoring -- and thus challenging -- of gender and class stereotypes. The idiosyncrasies of the characters are portrayed as strengths, and the absence of judgment -- and the characters' acceptance of themselves and each other -- enabled me to embrace them and allow myself to be drawn into their world. Without preaching, and with intelligence and gentle and loving humor, this movie has the power to open us to new possibilities, and offers hope for a world in which people see and accept each other as unique and precious individuals. I look forward to more offerings from this creative and talented director.",positive
"Lou Gossett, Jr. is great as 'Chappy Sinclair', a super U.S. Air Force pilot who comes to the rescue of a nice but undisciplined 'Doug Masters' (Jason Gedrick), the son of a captured pilot who is determined to borrow a couple of F-16 fighters to use in an attempt to save his Dad from a dictator (David Suchet) of an enemy overseas country.<br /><br />Better than 'Top Gun', this Air Force aviation film has excitement and lots of explosions - you know, all that cool stuff you'd want from a contemporary military adventure film.<br /><br />Cool music including Twisted Sister's Dee Snider belting out 'We're Not Gonna Take It' and King Cobra's excellent 'Never Say Die'.<br /><br />Aim High! Air Force!",positive
"THE INVADERS IS A FAST MOVING SCI-FI THRILLER STARRING BEN CROSS AND SEAN YOUNG. BEN PLAYS RENN, A TRAVELLER FROM ANOTHER GALAXY TRYING TO FIND ANNIE (PLAYED BY SEAN) WHO IS PHYSICALLY IDEAL TO HAVE HIS CHILD. THIS CHILD, IF ALLOWED TO BE BORN AND RETURNED TO HIS PLANET, MAY BE THE ONLY CHANCE FOR HIS RACE TO SURVIVE. THE ENEMY, AN ALIEN WHO HAS DESTROYED RENN'S PEOPLE, HAS ALSO FOLLOWED RENN ACROSS THE STARS TO STOP THIS BIRTH. CROSS AGAIN SHOWS GREAT RANGE FROM COMICAL BEGINNINGS AS THE ALIEN ENTERS A LOCAL BAR AND ORDERS HIS FIRST EARTHLING COCKTAIL, TO HIS RACE WITH THE ENEMY AND THE DRAMA OF WHETHER HE CAN KEEP ANNIE AND THE CHILD SHE IS CARRYING ALIVE.",positive
"Thunder Alley finds Fabian banned from NASCAR tracks after causing the death of another driver. Stanley Adams might want to put him on his team of racers, but the other drivers aren't for having him around.<br /><br />Desperate for employment Fabian hooks up with an auto stunt show owner Jan Murray who's paying him peanuts and trying to capitalize on Fabian's bad rep. He's got to take it, but Annette Funicello who's Murray's daughter provides another reason to stick around.<br /><br />The rest of the film is Fabian's struggle to get back to the NASCAR circuit while at the same time juggling both Annette and his current girl friend Diane McBain. Personally, I would have taken McBain, she has it all over Annette.<br /><br />Thunder Alley is helped by location shooting at the southern NASCAR tracks and good film footage of NASCAR racing. Not helped by a rather silly story which delves into the real reason for Fabian's problems and his rather unrealistic recovery from same.<br /><br />Still fans of NASCAR might go for this.",negative
"Your idol will deceive you in this movie. Stephen Nichols is mis-cast as a young german student still bending under his father's orders although the actor obviously looks near 40 years-old. This makes his relationship (a collection of copulation scenes, basically) to a very young looking girl all the more disturbing. The character's have no dimension and the war depiction serves only as a backdrop for this soft porn wannabe. Nichols, who is one of daytime TV's best performers shows no passion in what is to be the main interest of this movie: watching him have sex over and over with this girl. It's like watching two animals going at it. If you're a fan of this actor's talent in other projects, don't rent this for you will never view him in the same way. If, on the other hand, you want to see Stephen Nichols have an orgasm in front of the camera, you might like it: Stephen will show you his naked butt, lots of tongue work, his groaning range, but not his talent as this character who's obviously just as sex-driven and misjudging as he was for wanting to do such personal things in front of the camera. He may have found it kinky but I didn't - a BIG deception!",negative
"The famous international conductor Daniel Daréus (Michael Nyqvist) has a heart attack with his stressed busy professional life and interrupts his successful career with an early retirement. He decides to return to his hometown in the north of Sweden, from where his mother left when he was a seven year-old sensitive boy bullied by Conny and other school mates, to live a low-paced life. He buys an old school and is invited to participate in the church choir by the local Shepherd Stig (Niklas Falk), but the reluctant and shy Daniel refuses in the principle. However, he gets involved with the community and feels attracted by Lena (Frida Hallgren), a local woman with a past with the local doctor. His music opens the hearts of the members of the choir, affecting their daily life: the slow Tore (André Sjöberg) has the chance to participate in the choir; Inger (Ingela Olsson), the wife of Stig, releases her repressed sexuality; Gabriella (Helen Sjöholm) takes an attitude against her abusive and violent husband; the gossiper and frustrated Siv (Ilva Lööf) opens her heart against Lena; the fat Holmfrid (Mikael Rahm) cries enough against the jokes of the businessman Arne (Lennart Jähkel); even Daniel starts loving people and Lena as the love of his life. When they are invited to participate in an important contest in Vienna, Daniel finds his music opening the heart of people making his dream come true.<br /><br />""Så Som I Himmelen"" is a touching and sensitive movie, with a very beautiful story. It is impressive how director Kay Pollak and the screenplay writers have been able to develop a great number of characters in 132 minutes running time. The performances are top-notch, supported by magnificent music score and at least two awesome moments: when Gabrielle sings her song in the concert, and certainly the last concert in Vienna with the audience, jury and everybody participating in the melody, and Daniel making his dream come true. Like in ""Teorema"", the stranger changes the lives, not of only a family, but of a conservative community. Further, like many European movies, the open conclusion indicates that Daniel actually died, at least in my interpretation, reaching peace with the success of his music. My eyes became wet in these two scenes. My vote is nine.<br /><br />Title (Brazil): ""A Vida no Paraíso"" (""The Life In the Paradise"")",positive
"Certainly expected more after seeing the cast list, but WOW!<br /><br />I think a first time director could have done a better job with this project, and the fact that a veteran like John Buechler made it, puzzles me to no end. Somehow, the budget allowed them to secure a bevy of D-List actors, whom they succeeded in embarrassing for an hour and a half. The unknown actors were just plain awful, less Steve Wastell who does a decent job as Axl. The story is so bad, that it really needs no mention. The overall production value seems standard, with some above average camera work, if you can make it through the God-Awful ""slo-mo"" scenes and the painful ""person on fire"" sequences. I knew it would be dumb, I just had no idea how dumb, and unfortunately it's time spent that can never be returned to me. I suppose if you enjoy really bad ""B"" films, this might work for you, but if you value any story at all, this one is simply dreadful... A complete waste of time.",negative
"In 1958, Clarksberg was a famous speed trap town. Much revenue was generated by the Sheriff's Department catching speeders. The ones who tried to outrun the Sheriff? Well, that gave the Sheriff a chance to push them off the Clarksberg Curve with his Plymouth cruiser. For example, in the beginning of the movie, a couple of servicemen on leave trying to get back to base on time are pushed off to their deaths, if I recall correctly. Then one day, a stranger drove into town. Possibly the coolest hot rodder in the world. Michael McCord. Even his name is a car name, as in McCord gaskets. In possibly the ultimate hot rod. A black flamed '34 Ford coupe. The colors of death, evil and hellfire. He gets picked up for speeding by the Sheriff on purpose. He checks out the lay of the land. He is the brother of one of the Sheriff's victims. He knows how his brother died. The Clarksberg government is all in favor of the Sheriff. There's only one way to get justice served for the killing of his brother and to fix things so ""this ain't a-ever gonna happen again to anyone"": recreate the chase and settle the contest hot-rodder style to the death. He goes out to the Curve and practices. The Sheriff knows McCord knows. The race begins... This is a movie to be remembered by anyone who ever tried to master maneuvering on a certain stretch of road.",positive
"I really hoped for the best with this one, but it just didn't happen. Financed at a very non-dutch manner and still looking great, with a style and pace that's very much like Hollywood. What I don't understand is how-with all these great benefits- the director,writer,producer still managed to make this film a completely horrible picture to watch. Filled with bad jokes, cheap nudity and actors that just can't really talk [act] in the english language. Kudo's for pulling it off, but what was this guy thinking!",negative
"This is a superb film and was immediately put in my top ten (trust me I know films!). It's one of the movies that really makes you think, not necessarily about the storyline but about yourself! The film is about a fifteen year old kid (Leland Fitzgerald)who kills an autistic boy. he is sent to juvenile hall where he meets Pearl Madison, his teacher. His relationship with Pearl slowly grows and eventually Pearl decides to write a story on Leland and his peers but as he gets closer to finding out Lelands motive he learns he must deal with his own issues first.<br /><br />This is a great film and a must see with great music by the pixies and a fantastic score! Watch it!",positive
"A black guy fights ..... and supposedly wins .... yeah ... 1/10. Obviously fiction.<br /><br />So we're presented with a damm nice title, a real nice tag line and even a nice plot line .. Thats about it, thats where it ends.. We move into fiction after that.<br /><br />Michael Jai White, the black guy so don't get confused with the name.. portrays a black guy.. Umm, thats all there is to the name..<br /><br />Its so hard to find decent help, must have hired the black guys friends to help cause the low budget, low ineptness of this movie, has the camera's shadow trailing the first scenes.... Yeah obvious idiot moment for the average guy like you and me.. but yeah...<br /><br />10 lines. review submitted,. if you paid to see this movie, you got screwed.",negative
"Guys and Dolls has to be one of my favorite musical movies ever. It is a very fun movie to watch and nothing more. it embodies what people have forgotten about musicals-musicals were made to entertain, not to to preach. Nowadays we have Rent and Chicago which are great musicals and good movies but they fail to bring us solid entertainment with no strings attached. The only thing that bothered me in the movie was Marlon Brando, the guy can't sing! It was very annoying to listen to him sing and talk when I couldn't understand him. If it weren't for Marlon I would have given this 10 stars. Guys and Dolls provides old-fashioned entertainment that we rarely get these days. Watch it to have a good time!!",positive
"Some movies are not for everyone. This accurately describes Igmar Bergaman's movie, Skammen (Shame). At only 18, I still have what I guess you could call a minor form of ADD and well, I watch movies to be entertained. Shame was a movie with a very interesting premise, of trying to convey the effect of war on the common people, it however fell short of accomplishing this for me. I don't know if it was the subtitles, black and white filming, length of the movie, or the fact that it took two hours out of my studying for a huge chemistry test, but I did not enjoy it. I understand it is considered a great movie and very important in the history of cinema, however, I think as my teacher pointed out, not everyone has liked or likes it. I guess I just wish it finished all of its many side plots. Maybe the translation lost something, but I felt there were infinite little off shoots that never met a conclusion. You would meet characters and never see them again, or really understand why they were included in the movie. My overall recommendation for this movie is that it's worth seeing, but only to form your own opinion on it. Whether or not you like or dislike it, it is necessary to respect the point that it is trying to convey.",negative
"I'm not sure if users ought to be allowed to review films after only sitting through half, but I'm afraid I just couldn't stand another minute.<br /><br />If this abject excuse for a film doesn't have the late, great GP spinning like a wheel in his grave, then I doubt anything will.<br /><br />The excellent review above 'Not a film for Parsons fans' sums up most of my feelings. How dare a (second rate) director and writer attempt something to which they're so clearly incapable of delivering. What were they thinking? Where to start?<br /><br />THE SCRIPT: I thought I'd be getting a slice of bittersweet Americana. What I got was poorly executed slapstick with no cliché left unturned. Stupid hippy? Check. Stupid fat cop? Check. Awful plot contrivances? Check. Embarrassingly written female characters? Double check. Total disregard for the story which you're trying to portray? Check.<br /><br />After a while, you realize that what you're watching is a soap and not a very well written one at that. Scene with Knoxville. Scene with Ex girlfriend. Scene with Knoxville which hasn't moved on much. Scene with Ex girlfriend which was a bit like the last one. And so on...<br /><br />THE DIRECTION: My friends and I decided, after some consideration, that watching this was like watching a bad episode of Quincy, or maybe a particularly poor Dukes of Hazzard. That's how bad the direction was. Terrible jump cuts, awful camera work, clunky ins and outs to scenes. God, it was cringeworthy. And then I discovered the director was an Irishman who's most noteworthy recent work is a really lousy BBC Sunday night drama called Monarch of the Glen (trust me, it's lowest common denominator TV). And then it all made sense...<br /><br />THE ACTING: Are we now so critical that when some random guy from the TV decides to give acting a go, if he's not so bad, he stinks, we applaud his efforts? Knoxville JUST ABOUT manages to get through every scene. Poor Christina A. has no such luck. Her performance is a car crash (though what you do with those lines, I don't know). The 'hippy' in the hearse: oh dear, oh dear, oh dear. Have we not moved on since Cheech and Chong?<br /><br />I could go on, but I think you get my drift. What I would say is that, as other reviews have mentioned, no one on this film clearly gives a flying damn for The Byrds, The Flying Burrito Brothers or Gram's solo work. They knew nothing about the American road movie and they certainly give a damn about trying to do anything with an admittedly decent story from rock mythology. This film was shallow, failed to explore anything and was jaw droppingly unfunny from beginning to...oh wait, I didn't quite make the end. And I suggest you stay away too.",negative
"""Beowulf"" is like a very bad game : no characters, no story, no real dialogues, bad fights ... It's probably the worst movie in the history of cinema. It's deadly boring, a lost of time. I'm really sorry for Christophe Lambert, who visibly doesn't know how to choose a role. If someone suggests you to see ""Beowulf"", believe me : run like mad.",negative
"Oh dear god. This was horrible. There is bad, then there was this. This movie makes no sense at all. It runs all over the map and isn't clear about what its saying at all. The music seemed like it was trying to be like Batman. The fact that 'Edison' isn't a real city, takes away. Since I live in Vancouver, watching this movie and recognizing all these places made it unbearable. Why didn't they make it a real city? The only writing that was decent was'Tilman' in which John Heard did a fantastic job. He was the only actor who played his role realistically and not over the top and campy. It was actually a shame to see John Heard play such a great bad guy with a lot of screen time, and the movie be a washout. Too bad. Hopefully someone important will see it, and at least give John Heard credit where credit is due, and hire him as lead bad guy again, which is where he should be. on the A List.",negative
"A woman who hates cats (Alice Krige) and her son (Brian Krause) have moved into a small town, and must deal with a mean teacher (Glenn Shadix), their incestuous relationship, a lovely girl (Mädchen Amick) and one hell of a big secret.<br /><br />Okay, so technically, this is a ""bad film"". But, who cares? It's so very fun! <br /><br />Impossible things (involving corn) happen, people freak out about kitty cats, there's bad one-liners, there's too much cheese to handle!<br /><br />So, yes. You will enjoy this. A lot. It won't move you, touch you, scare you, or thrill you in any way, but it will keep you entertained and laughing!",positive
"Love the TPB's but this was a lame episode. Didn't have the same feel that the series or the movie has. Looked like it was put together in a hurry. I didn't enjoy it at all. The so-called acting was awful. The cast appeared like they knew this was a money-grab of an episode to get to market quickly. I hope we don't have an easter special next because that will be it for me. The writing of this episode was definitely Mike Clattenburg's worst in the history of this show. The direction left a lot to be desired and I almost felt bad for the cast and crew of this weak attempt at a Christmas special. Like I said, I love the TPB's but this one goes to the trash bin.",negative
"Sheba Baby, is another Pam Grier Blaxploitation film. It was one of Pam's less visceral films of this genre. Pam plays Sheba Shane, who's a Chicago gumshoe. Sheba's father is the owner of a small loan company, in Missouri. When local mobsters try to run her father of of business, Sheba goes after the bad guys.<br /><br />Pam Grier had already made her mark in Blaxploitation films, by the time Sheba Baby came along. Fans of both Coffy and Foxy Brown, know that Pam is capable of an explosive intensity as an actress. In Sheba Baby, the fiery performance that viewers had come to expect from Pam, wasn't as evident in this film. Not that Pam doesn't kick-butt in Sheba Baby. She's just not as much of a runaway-train vigilante, as she was in her previous Blaxploitation films.<br /><br />The supporting cast in this film, are a distinct disappointment. So Sheba Baby is Pam's film, through and through. And though Pam's a bit more subdued than in her other films, she still gives a compelling performance in Sheba Baby. This film is definitely worth your time, if you're an ardent Pam Grier fan.",positive
"For Daniel Auteuil, `Queen Margot' was much better. For Nastassja Kinski, `Paris, Texas' was much better. The biggest disappointments were from Chris Menges (`CrissCross' and `A World Apart' cannot even be compared with this one), and Goran Bregovic for use of a version of the same musical theme from `Queen Margot' for this movie (Attention to the end of the film). If this was an American pop movie, I would not feel surprised at all; but for a European film with more independent actors and director, a similar common approach about child abuse with no original insight is very simple-minded and disappointing. There are those bad guys who kidnap and sell the underage people. There are those poor children who hate people selling them and wait to be saved by someone. And finally, there is that big hero who kills all the bad guys and saves these poor children from bad guys. Every character is shown in simple black and white terms: the good versus the evil. Plus, from the very beginning, I could understand how the story would end. Is this the end of the history of child sexual abuse? I believe that the difficult issue of child molestation and paedophilia is much more complex than how it is portrayed in this not very original movie. I think this movie was not disturbing, but very disappointing.",negative
"I've seen tons of HK actioners, and this one is right at the top of the genre. The action scenes are as exciting and kinetic as anything you've ever seen in any action movie. The kung fu is spectacular, the pyrotechnics eye-popping, the stunt work heartstopping. The editing is perfectly paced, heightening the tension and complimenting the fluid camera work. This film is directed by old pro Corey Yuen, whose resume is stuffed with some of the best work of the genre, including the Jet Li vehicle The Legend of Fong Sai-Yuk. If there is one thing lacking in this film it is the presence of a three-dimensional character, though Martin, the male lead, comes closest to it. This movie is full of archetypes rather than characters--the sexy killer, the goofy thief and his bitchy girlfriend, the cackling villains. That said, Shannon Lee has a terrific screen presence; she's great with the fighting, the stunts, and the guns. When she's onscreen it's hard to take your eyes off her. She's that good. Why isn't this woman a major star?",positive
"This film would be considered controversial today, but is still very funny. The racial stereotyping is done from the view of humor & not hate. This film strips off & shows how corrupt politicians already were in the early 1930's. This film proves it started before the 1970's & beyond when it has accelerated in the United States. Lloyd is still in his typical genre here, even though his character was raised in China. <br /><br />The meaning of a Cat's Paw in this instance is a person who is running for political office but is being used by the established political machine to advance their agenda. In other words, they think this guy (Lloyd)is harmless when he runs for office. Then when he gets elected, he surprises them.<br /><br />This same theme is used later in James Stewarts film Mr. Smith goes to Washington. Stewarts is more famous & has a stronger message. This film is more clever & subtle which are Harold Lloyds trademarks. <br /><br />There is still the heart of romantic comedy hidden with the facade of the movie but today's mainstream audiences would still appreciate the political humor & the ending is absolutely priceless. I wish someone could beat today's political system in this way. I was surprised how much I enjoyed this film & find myself wishing Harold had done more like it during the 1930's. <br /><br />At least we have this one. I think the person who is quoted most in the movie is fictional Ling Po. I always thought Confusicus was the wise one but this one makes me believe the wisdom of China was not limited to him & is a vast field of comedy Lloyd mined in this movie.",positive
"There was a genie played by Shaq His name was Kazaam, and he was whack His rhymes were corny, this lines were bad some stupid kid cryin over his stupid dad bad actin, bad casting, bad special effects whats next? this movie sucks Prolly didn't make 20 bucks he lives in a boombox not a lamp hurts like a cramp like a wet food stamp...<br /><br />Yeah, you get it, a stupid rhyming genie who can't act, in a stupid movie with horrible special effects. Oh, and its confusing as hell. I'm not even gonna go on. Let's just say, it belongs in the ""its so bad, its funny"" category. Watch it once with your buddies and get a good laugh. But don't expect anything spectacular.",negative
"Friz Freleng's 'Rumours' is an excellent Private Snafu cartoon that warns against spreading panic-inducing rumours during wartime. Produced, as were all the Snafu shorts, to be shown to military audiences as entertaining instructional films, 'Rumours' is extremely imaginative and crams tons of ideas into its very brief lifespan. When Snafu starts a rumour about a bombing, it escalates into an eventual rumour that America has lost the war. This is illustrated brilliantly by way of a long, rubbery piece of baloney and several strange, fictional creatures who come back to haunt Snafu with ever more terrible news about his country's military. 'Rumours' is inventive, fast paced and funny, all of which help to overshadow the rather laboured, ""don't badmouth the military"" message. It stands up as one of the best of the Private Snafu shorts.",positive
"A strong woman oriented subject after long, director Krishna Vamsi's Shakti- The Power, the Desi version of the Hollywood hit Not Without My Daughter is actress Sridevi's first home-production. A story about a woman's fight against harsh injustice.<br /><br />The story of the film revolves around Nandini (Karisma Kapoor) who lives in Canada with her two uncles (Tiku Talsania, Jaspal Bhatti). There she meets Shekhar (Sanjay Kapoor), falls in love with him and they soon marry. Their family is complete when Nandini has a boy, Raja (Master Jai Gidwani). But their happiness is short lived, as the news of Shekhar's ailing mother (Deepti Naval)makes them leave their perfect life in Canada and come to India. And that's when the problems start. From the moment they reach<br /><br />India, both are shocked to see the pollution and the vast throngs of people everywhere. They take a crowded train to reach Shekhar's village and when they finally reach the station, they have to catch a long bus drive to his village. The filthy sweaty bus combined with the uncertain terrain makes it a never-ending drive. And unfortunately for them, a frenzied mob that beat Shekhar out of shape for no fault of his attacks their bus. Fortunately, they get shot dead just in time before they can further harm him. After that, they drive to the handing Havel where Shekhar''s father, Narsimha (Nana Patekar) lives with his wife (Deepti Naval). Nandani realized that her father-in-law is in command as soon as she enters the place, but her only solace is her mother-in-law's warm welcome.<br /><br />Living there, Nandini learns of her father-in-laws tyrannical behavior and realizes that ruthless killing is a way of life for him. The day she sees her father-in-law teach her son to throw a bomb, she loses it and lashes out against him, insisting to Shekhar that they move back to Canada. But terror strikes again when Shekhar is murdered one day, leaving a broken down Nandini alone with her son in this strange land where she is harrowed by a cruel father-in-law. Her fight against this man to save her son is what makes up the climax of this emotional heart-wrenching film.<br /><br />What sets apart Shakti from most films being made off late is also the rural setting of the movie. The only drawback is Ismail Darbar''s music, which fails to rise above the script. The only saving grace is the sexy item number Ishq Kameena, which has been composed by Anu Malik. Another pat for the director comes because he has extracted some splendid performances from his cast. Karisma Kapoor is the life of the film and has given a moving performance as a helpless mother. She is sure to win awards for this heated portrayal. Second is actor Nana Patekar who is back with a bang with this film. His uncouth mannerisms suit him to the hilt and he's shown his versatility once again with this role. Sanjay Kapoor is the surprise packet of the film with a sincere and effective portrayal that stands up against both the other actors. Deepti Naval too is in top form and her Pr-climax showdown with Nana is praiseworthy. Shahrukh's cameo provides the lighter moments and surely he's been pulled in to get the required star value. Though his role was not really required, he's done it well. Overall, Shakti is a far superior film than most churned out these days and the Pr-release hype is sure to get it a good opening. Shakti is sure to get the critics and audience thumps up. So what if the film needs to be desperately trimmed by at least 2 reels to better the impact. Shakti still has the power to go on without a hitch!",positive
"I feel it is my duty as a lover of horror films to warm other people about this horrible and very very bad ""horror"" film. Don't waste your time or money on this film, the acting is bad, the story is just one of the worst i have come across and the script was just awful. Nothing about it was good, you end up thinking to yourself why am i watching this crap. The plot had so many holes in it and they never got cleared up in the end, it was just so bad, i don't know how a film so terrible could be made. As i said before i love horror films and i was so let down, it was an 18 but you see little blood and no scares or jumps at all. Also what annoyed me was how stupid things happened in the film that had no point to the plot at all like the brother and sister kissing, why? is all i can say. Just don't bother, there are far more great horror films out there, just don't waste your time life is too short.",negative
"Shawn Michaels vs. Edge-8- Kind of hard to believe Shawn Michaels is in the opening match but still a great match by both men, Edge, whether you like or not is a great performer in the ring, and Shawn Michaels is just ageless when it comes to his performance The Undertaker vs. Heidenreich. Casket Match-2- OK, after a good opening match, now this, what a crappy match. Undertaker has given some great matches at the Royal Rumble, and 1998's Royal Rumble against Shawn Michaels was the same type of match, but this is way worse then that match.<br /><br />Kurt Angle vs. Big Show vs. Bradshaw. Triple Threat WWE Championship-6- It's alright, i feel all three men could of given a better performance, this just really didn't show them at their best.<br /><br />Randy Orton vs. Triple H. World Heavyweight Championship-9- Triple H gets a clean win, can you believe it, sure he takes out the Sledgehammer but doesn't use it. Randy Orton did great when acting like he got a concussion, but how he got the concussion is really ridiculous. I really liked this match, this was the best performance i've seen from HHH in forever.<br /><br />The Royal Rumble Match-7- This was highly entertaining and i usually don't score the royal rumble match this high. The winner is again, very predictable, but just this had a lot of moments that were very entertaining to watch The segments with Flair and Guerrero are hilarious the best segments i've seen in a while.<br /><br />Overall, this is a great PPV and a must own for wrestling fans.",positive
"This movie is a love story set in the backdrop of war. Everything about the movie was perfect. I just saw the movie yesterday and I want to get my own DVD asap and watch it many times over. The story ends as it started I was very happy that he came back and I was proud of her for becoming a doctor and fulfilling her father's dream. She honored her father, boyfriend-husband, and her lover. The character had many shades. Christian Bale is also an phenomenal actor. Some stories do have happy endings. Aside from the love story angle I thought about how a beautiful, serene and peaceful island had been affected by war and it made me realize the true devastation war can have on its people...government makes the decision whereas the people suffer. Her father was a very educated man and wanted more for his daughter while she had regular dreams. I loved the scene where she is complaining about not getting a dowry and I also loved the scene where both lived through the earthquake. They were survivors.",positive
"I put this film in the queue on a whim after a recent trip to NYC, and I couldn't believe I'd never heard of it anywhere! It has all the makings of a cult classic, starting with the characters. They are archetypal roles we recognize from every stretch of daily life, but were so nuanced and fully realized by the actors playing them (Peter Stormare and Bai Ling's performances were particularly strong). Their interactions are poignant and grounded while at the same time brimming with a subtle, quirky humor that is (sadly) all too rare in American films these days. Writer/director Ramin Niami does a beautiful job of weaving these scenes together into a funny and moving portrait of a city of the past. Highly recommended!",positive
"I don't think most people give this movie as much credit as it deserves. I love low budget horror movies and this takes the cake, especially for originality. Yes the Scarecrow is a Kung-Fu fighting frightner, but why not? No one else is willing to go that far. I really haven't had this much fun watching a movie since Candyman. So the town picks on this one kid calling him scarecrow, even his mom doesn't care about him. Then he gets killed and the spirit is infused with in the Scarecrow, who then goes on a Killing spree. His demise is relatively easy to assume once the movie gets going. The dedications at the end go straight to a bunch of horror directors, but with most dedication towards Dario Argento really struck me as cool, these folks who wanna make movies of a newer genre. Over the movie has a lot of Arnold rip offs, with one liners you'll definitely laugh at like stick around and he kills the sheriff with a stick. I would say, grab a pizza some friends an laugh your A$$ off with this movie. I love it for its originality, most fun.",positive
"this film is wonderful film for students of film. in mainstream American film it is common to see stylistic techniques used to draw the audience into the movie. in this film, the director uses stylistic techniques to push the story forward.<br /><br />this is a love story that offers no sex. to be honest, i can't even recall the characters kissing. rather, the plot focuses on the emotional ties between the two characters.<br /><br />i would not recommend this film for everybody. it is not very accessible. it is very slow moving and the subtle. it is a difficult film and mostly not entertaining.<br /><br />i would reccoment this film to people who want to see something different. it is a piece of art. the soundtrack is most beautiful and visually, every frame is a photograph. and most beautiful of all, it's not visually stimulating for the sake of being visually stimulating. every frame illustrates a little bit more of the story...",positive
"What gives this movie its personality is the knowledge, in the end, that it is all true. While it is a compelling and humorous documentary that does border on mockumentary in some parts (are they staged or is it really happening humorously?), it does seem to get a bit long towards the end.<br /><br />This movie is funny in places it needs to be, and flows relatively well. Reminiscent of Christopher Guest's movies, if you liked those or Adaptation then I recommend you keep a look out for this one.<br /><br />B+",positive
"What a stupid idea. Ewoks should be enslaved and tortured. Utterly useless as a species... Fine you want ten lines of text regarding my unending hatred of Ewoks? Fine, here it is, fool. First of all, they are an inferior race that would be slaughtered en mass had Lucas not pussified the entire series with their foul presence. They're little bears with large asses, and they probably smell like donkey crotch. Yeah, I said it, donkey crotch. They have little to no technology whatsoever, resorting to using sticks as makeshift weapons. I'm surprised they even had access to fire. Their guttural language makes my skin crawl. Can't...suppress...anti-Ewok...RAGE! AHHH!!!",negative
This movie is a disgrace. How can you take one of the greatest science fiction stories of all time and turn it into some kind of half-assed love story. The entire beginning of the movie was not in the H.G. Wells story and didn't need to be. Also the Eloi were done completely wrong. They did build houses or form any kind of real society. They didn't care about each other at all. That was an important part of the story. The way they had formed a world that was without hardship or complex emotions. They were barely even aware of the Morlocks. I don't know why this movie was made the way it was but some stories should be told as they are or left alone.,negative
"They said it would be a film greater than Turks Fruit. How dare<br /><br />they? It's not even 10% of this classic. Bad acting. The only character i felt sympathy for was the one<br /><br />played by Angela Schijf. Her acting was the best in the whole film. The story could've been interesting, but it wasn't. Some scenes were very beautiful filmed (lights and camera), (the<br /><br />opening scene for example), but the bad acting made the magic<br /><br />disappear.<br /><br />I really don't understand why so many people voted this film so<br /><br />good.",negative
"This gem captures early 80's life brilliantly. As a grad '83 boy<br /><br />myself, I must say that Valley Girl (along with Fast Times at<br /><br />Ridgemont High )stands out as the class of the teen sex film<br /><br />genre. The characters are accurate representatives of the era; the<br /><br />vapid mall chicks, pseudo punk rebels, preppy jocks are all<br /><br />represented here.<br /><br />I have seen this over ten times now. The music in the film was top<br /><br />notch. Unfortunately, these tunes could were never as popular in<br /><br />their era as those by arena cockrockers like Journey, Styx or<br /><br />Loverboy. Before the soundtrack existed, I searched out records<br /><br />and tapes (it was the 80's after all !) of Josie Cotton, Sparks,<br /><br />Plimsouls and Modern English.<br /><br />This movie deserves respect. It isn't just a good 80's teen flick. It is<br /><br />a great film. Period.",positive
"Yet again, I appear to be the only person on planet Earth who is capable of criticizing Japanese films made before 1970. ""Fires on the Plain"" (1959) is another in the seemingly endless line of ""classics"" that get all sorts of praise for no apparently good reason. As much as I love to overgeneralize and psychoanalyze all of these moviegoers who have such horrible taste in film, it's still nearly impossible to rationalize why anyone would ever think that poorly made fluff like this should be proclaimed as some sort of ""masterpiece."" What I find truly ironic is that fans of derivative ""classics"" like ""Fires on the Plain"" focus so much on ""inside the box"" movie-making (orthodox grading standards like scriptwriting, acting, camera-work, etc.) yet it always seems like the most highly revered ""classics"" are most deficient in these very standards. For example, one of the laziest copouts for a filmmaker involves forced verbal exposition where characters basically explain everything for the viewer even when the constructed scenario is totally artificial. Most surprisingly, the very first scene in ""Fires on the Plain"" uses this indolent tactic to the extreme.<br /><br />After a funny head slap, the following useless dialogue assaults the viewer, ""Why can't you grasp the situation? We landed to the west under heavy fire to reinforce units at Tacloban. We lost two-thirds of our men. Our artillery was sunk in transit. We tried to reach Burauen airfield by crossing the central mountains but without artillery it was impossible. The enemy's counterattack forced a fanout across the valley. You know that."" So why, exactly, is one character telling another character something he already knows? Oh yeah, that's right, the makers of this film are too lazy to think of more natural ways to communicate this information. You see, a quality film would actually show these events happening, or at worst it would involve dialogue involving one character who has no knowledge of those events. Heck, even an opening summary in paragraph form directed at the viewer would have been better than what transpired here.<br /><br />Such instances of poor quality movie-making are littered throughout ""Fires on the Plain"" to the point where this film feels like it was written by imbeciles for imbeciles. For example, the lead character stumbles upon some skeletons wrapped in Japanese garb. Instead of doing the natural thing like  oh I don't know  giving a depressed mannerism, the character blurts out ""Japanese soldiers."" Thanks buddy, but I could have figured that one out for myself.<br /><br />Even worse, this movie is saturated with over-dramatic ploys. The most ridiculous scene involves a pair of boots. Picture this. A soldier walks along and finds a pair of worn out boots. One would think that such a find is utterly useless, but it turns out that the soldier's boots are in even worse condition, so he picks up the worn boots and leaves his SUPER worn boots behind. Fine, I get the point. The soldiers are in rough shape  a fact that is already clearly emphasized with their worn boots to begin with. The scene is ridiculous, but I was ready to let it go, until the SECOND soldier arrives! You see, he finds the previous soldier's SUPER worn boots and notices  get ready, cause here it comes  that his boots are SUPER DUPER worn boots! Lucky man, he picks up the SUPER worn boots and leaves his SUPER DUPER worn boots behind. But you see, that's not all  because the THIRD soldier then arrives! He finds the previous soldiers SUPER DUPER worn boots and inspects them, along with his own SUPER DUPER worn boots. Since both pairs suck, he tosses them both aside and smiles as he continues barefoot. At this point I was ready to throw my television through my living room window. The heavy handedness, overdramaticism, and paramount absurdity of this sequence is beyond bad film-making. It's SUPER DUPER bad film-making.<br /><br />There are a number of similar, completely stupid moments to be had. Like the time when the lead character asks someone, ""Hey, are you dead?"" Like the guy is going to answer ""Yes"" if he actually kicked the bucket. I'll also be the first to condemn the subpar performance of the lead actor, who is the quintessential posterchild for artificial reaction. I laughed hard during that opening head slap where his head slingshot back in place with this stupid, goofy expression on his face.<br /><br />The fact that this trivial fluff piece gets an IMDb average rating of 8.4 while a certifiable masterpiece like ""A Tale of Two Sisters"" (2003) only gets a 7.5 is the height of mass stupidity. And to think that some people actually delude themselves into thinking that ""AToTS"" doesn't make sense. Well, not every movie can have completely outrageous SUPER DUPER worn boots on its side.",negative
"Let's keep it simple: My two kids were glued to this movie. It has its flaws from an adult perspective, but buy some jelly-worms and just enjoy it. <br /><br />And the Pepsi girl was excellent!<br /><br />And Kimberly Williams was pretty gosh-darned hot, although she's not in the film very much, so don't get too excited there.<br /><br />Not that's it's really a bad thing, but it is the kind of movie you watch just once. Don't buy the DVD.<br /><br />Enjoy!<br /><br />Did I mention Kimberly Williams? (That was for the dads.)",positive
"I've seen some Bible-based trash. This one tops it all. To make matters worse, it lasts about three hours. A horrible waste of time, unless you want to match your kid's biblical knowledge against the innumerable aberrations. Do yourself a favor - take a walk in the Sahara instead. Since I am required to give you a ten line statement of why not to watch this movie, let me just say there is absolutely no redeemable quality to it. God's conversations with Noah are ridiculous. The whole thing has a stench of ""let's make the Biblical account look retarded."" The basic logic goes, if they spent the money on a biblical film, why not make it worthwhile? Since the basic logic is not met, something is amiss. The movie starts with a disclaimer about Poetic Licenses taken...that is the understatement of the century. Poetic rape. But then, poetic would be an unmerited favor.",negative
"I saw this show about 3-4 years ago. It was dam Funny! When i first time i saw it was playing on ETV(Estonian Television) And i started to like it. Too bad that that show is on bad time for me. Hyde is like a cool guy who likes to sing Frank Sinatra! And he comes on stupid ideas. He got these glasses which h are brown. I like it . And there's FeZ. The group Pervert. We all know what he does when his alone..... He wants to get laid badly. He even had it with his boss in one episode.His from India. And there is Michael , The stupidest guy on whole group , probably stupidest in town and his a cop! He is so stupid that i remember follows: Hyde says: Did u called cops ? - No Michael comes in and says. Does anyone know how to turn off siren? He is a town playboy. Then comes Jackie , who is former girlfriend of Michael and then she's Hyde's girlfriend. Then is Eric Who's son of grumpy war veteran and son of Kitty the housewife. His one big pussy. But he loves Donna , his girlfriend with who they plan for they're marriage. Donna is one hot girl. Hmm what i forget? ah Hyde lives in a basement .",positive
"This movie was excellent. I was not expecting it to live up to all the hype but it did. Like all the Bourne movies the action is fast paced, realistic and intense. If you liked the other two movies in the trilogy you will love this one also. The movie's plot is straightforward and there are no plot twists that are too unrealistic. OK, Julia Stiles character showing up in the Italian safe house was kind of far-fetched especially after what happened in Supremacy but it makes sense that she is the only character in ""Treadstone"" that Bourne knows, that does not want him dead and he could possibly trust and the only person to lead him in the right direction. The action is driven by characters and their reactions to what is happening all around them. The thing that I always loved about the Bourne movies is that Bourne can kick butt but when matched with people as good as he is the fights are struggles and he takes a lot of damage in them. They never treat the audience like idiots.<br /><br />All the actors were solid in their performances. I believe that Damon could play Bourne in his sleep and receives excellent support from Joan Allen reprising her role from Supremacy, David Strathairn and Scott Glenn. I recommend this film and the trilogy. I do miss Franka Potente though.",positive
"So, this is the WORST movie you will probably ever see. It's up there with ""Crossbones"" and ""Southern Comfort"", but if your a bad movie fan like I am, this atrocity of a film will be the most fun you've had in years. WHY does the camera make old-school kung fu noises when it zooms? WHY does that random guy stuff a nascar commemorative plate in his bag? And who is he anyway? WHY do the vampires shoot lightning after they die? What is this? Highlander? Dracula McCloud? Who cares! Just laugh at it. This movie has no continuity, no plot, no anything, really. Ron Hall's range of emotions are always off. He looks happy when he should be sad, angry when he should be confused. The rest of the cast couldn't act their way out of a paper bag. The special (""Short bus"" kinda special) effects are randomly placed, and never needed. Most scenes are lit with a desk lamp, if they are lit at all. Mel Novak has the AUDACITY to look off-camera for his line, and it's not even edited out. They just keep on filming. In fact, half of this movie isn't even on film at all. It's 1/2 film, 1/2 sony hand-cam. For most of the film it seems that they left their boom mike at home. This movie doesn't just have a few plot holes, it's a mine field of confusion and mental pain! But OH do I love it! Thank you Ron Hall, for this cinematic abomination. I went out and bought it, cause it's just so damn funny. ($1.99 on Amazon, and I had it rush delivered!)<br /><br />""I have weapons! I have weapons! I have WEAPONS!""",negative
"In a penitentiary, four prisoners occupy a cell: Carrère (Gérald Laroche), who used his company to commit a fraud and was betrayed by his wife; the drag Lassalle (Philippe Laudenbach) and his protégée, the retarded Pâquerette (Dimitri Rataud), who ate his six months sister; and the intellectual Marcus (Clovis Cornillac), who killed his wife. One night, Carrère finds an ancient journal hidden in a hole in the wall of the cell. They realize that the book was written by Danvers (Geoffrey Carey) in the beginning of the last century and is about black magic. They decide to read and use its content to escape from the prison, when they find the truth about Danvers' fate. ""Maléfique"" is an original, intriguing and claustrophobic French low-budget horror movie. The story is practically in the same location, does not have any clichés and hooks the attention of the viewer until the last scene. I am a great fan of French cinema, usually romances, dramas and police stories, but I noted that recently I have seen some good French horror movies, such as ""Un Jeu d' Enfants"", ""Belphegor"" and ""Dead End"". My vote is seven.<br /><br />Title (Brazil): ""Sinais do Mal"" (""Signs of the Evil"")",positive
"This low budget B horror's plot comes with all the amenities - mad scientist complete with sidekick, malicious corporate greed of pharmaceutical industry, eccentric and extreme genetic engineering, and information technology....can't leave that out.<br /><br />Start with strange sequence of hot looking nameless boaters that foolishly decide to take a dip in the waters near an uncharted island and end up chum for swarming hammerhead sharks.....<br /><br />Cut to weak back story implying the stock decline of a generic pharma corporation which motivates its wicked Shakespeare quoting CEO to entertain an un-solicited offer made by a former employee/scientist that was jilted out of his job as head of research and who also happens to be a nut...of course (total Herbert West wannabe). He is offering up a new stem cell technology that could make tons o' cash...or so it seems...This lures in several employees to his Moreau-ish island (must have been quite an impressive exit package from the company when he was let go for him to afford an island) to validate his scientific findings including the CEO and, co-incidentally, the ex-fiancé of the mad scientist's son now morphed sharkuman (how convenient)....<br /><br />The plan, sort of, is to rekindle lost love between the former nuptials while exacting revenge on the former colleagues for his termination. (Sheez, how can this guy be bitter? He has his own friggen' island after all...).<br /><br />Soon, everyone is on the run (from endless supply of security guards toting heavy weaponry, from mutant plants  can there be an uncharted island without man-eating plants?, from sharky son's appetite for carnage, from quack daddy's breeding plans, and from lack of a cell phone signal)...and they all must learn to work together to get off the island alive! <br /><br />Will anyone escape? Will a new species be created? Watch it and find out.<br /><br />There is some entertainment value in this movie, but don't expect much...for the true Combs fan, this is not to be missed. <br /><br />Don't say I didn't warn you.",negative
"There have been many movies about people returning home from wars and having to cope, but ""The War at Home"" is worth seeing. Portraying Vietnam vet Jeremy Collier (Emilio Estevez) having trouble connecting with his Texas family, much of the movie is very likely to tense you up. But nothing can prepare you for what ends up getting revealed.<br /><br />Part of what makes this movie so good is how it gives the viewer the feeling of both Texas and of the generation gap. Jeremy's parents Bob (Martin Sheen) and Maurine (Kathy Bates) clearly have a problem with their son's attitude, both about the war and his rejection of Americanism. His sister Karen (Kimberly Williams) is uncertain with whom to side. But after the dinner, there can be no neutrality.<br /><br />So, we as Americans may never be able to fully get over the Vietnam War, but this movie can probably help us look seriously at how it affected so many people. Emilio Estevez certainly did a good job directing. Also starring Corin Nemec and Carla Gugino.",positive
"Without a doubt this is the WORSE comicbook movie every made. PERIOD!! Yes, it's worse then Dolph Lundgren's (1989) Punisher. Yup.. worse then the 1979 & 1991 Captain America movies. Oh yeah, it's even WORSE then Christopher Reed scripted Superman IV: Quest for Peace movie. Sheeshh.. that movie was so bad that the guy who played Nuclear Man only starred in one other film and it was only on T.V. =oP<br /><br />This movie is ""D"" quality. I had a chance to watch it on the SciFi channel back in 1997. I had heard it was pretty bad, but had nothing else to do that night so I figured I check it out. What a waste of an hour and a half. I would have been better off watching reruns of Different Strokes. Besides having the lamest special effects and worse acting I've ever seen, the whole script was just awful and not well directed at all. Thankfully a NEW Fantastic Four movie is being done and hopefully this version will do the heroes justice. I was hoping for a New SPAWN movie in the future, but it has yet to materialize. <br /><br />Do not rent this movie. If you happen to see it being televised on cable, check it out. Be warned though, you'll most like be flipping the channel after the first 15 mins.",negative
"Based on the true story of two young Americans who sold national secrets to the Soviet Union in the height of the Cold War, ""Falcon And The Snowman"" wants to be both suspenseful and philosophical, and winds up falling short in both departments. It's less le Carré than who cares.<br /><br />Timothy Hutton stars as Christopher Boyce, a former seminarian who, disgusted by Watergate and the middle-class values around him, is probably the wrong guy to be hired by a company running spy satellites for the CIA. Sean Penn plays his drug-dealing pal, Daulton Lee, who makes himself Boyce's courier, delivering secret files to the Soviet embassy in Mexico City. An offbeat synth-jazz score, lack of sympathy or emotional attachment for anyone, and lots of scenes of guys getting angry in rooms all combine to deaden what could have a decent moral-dilemma thriller.<br /><br />It's really Penn's movie despite the second billing; his character gets to talk turkey with the Russians while Hutton plays with his pet falcon. Hutton looks like they woke him up five minutes before they called ""action"". With Penn, it's a crapshoot whether you get a brilliant performance or an over-the-top one. Here, it's a bit of both, but more the latter, especially in the second half when Lee switches from coke to heroin. He screeches. He snorts. He crashes Russian embassy parties. He gets pummeled with telephone books. He spits at himself in a mirror, a big goober he must have been saving for a paparazzi. ""I don't know who my friends are anymore!"" he cries out. It's exhausting to just watch him.<br /><br />Penn seems to have modeled Lee somewhat on Dustin Hoffman's Ratso Rizzo from ""Midnight Cowboy"", complete with overly nasal line readings and constant eye shifting. John Schlesinger directed this film as well as ""Midnight Cowboy"", but he seems to have had another Hoffman film in mind, ""The Graduate"", throwing up scene after scene of Boyce and Lee poolside, trying to decide how to live their lives in their gilded cage. Too bad no one suggested plastics.<br /><br />From the opening shots, news footage of American decline juxtaposed with Boyce and his bird, ""Falcon"" makes clear it is a message movie, though the message itself is far from clear, probably because the characters never come into focus. Is Boyce supposed to be an idealist? Or is he just a mercenary? Hutton and Schlesinger don't seem to know, which makes it harder for us. Meanwhile, opportunities to establish some suspense, like Boyce stealing documents from the top secret ""Black Vault"" where he works or Lee playing games with the Russians, are interrupted by jump cuts to scenes of the pair with their families and friends. It's the normalcy of the story that Schlesinger finds interesting, but it's the least interesting aspect for us.<br /><br />Good stuff: It's interesting to see a film that works the 1970s vibe so early as this one, referencing Maria Muldaur and Tang. Dorian Harewood, memorable in ""Full Metal Jacket"", has a nice turn as Boyce's paranoid colleague Gene, who shows Boyce how to make margaritas with a shredder but has some serious 'Nam issues beneath his partying exterior. Macon McCalman is also fine in a totally different way as the no-nonsense boss who gives Boyce his high-security job. David Suchet as the Russian embassy official who deals with Lee makes for a fascinating blend of menace and amiability.<br /><br />But ""Falcon And The Snowman"" stands or falls on the the question of the two title characters, and neither the actors nor Schlesinger are able to mine much in the way of answers. Worse, after more than two hours in their alternately feral and catatonic company, you don't really want answers. You just want those credits to roll.",negative
"Hideously bad movie purportedly about a croupier who wants to be a writer and the incidents that make up casino life. Moves at a snail's pace. Dull, dull, dull! Virtually everything about this movie is amateurish and unconvincing - with one very notable exception: the performance of Clive Owen, who is like a Rolls Royce purring through a slum. Advice for the casino sequences were allegedly provided by a professional but judging by the way in which they are handled they were completely ignored by the director. While casino staff may very well be a different breed to the rest of the world they are nowhere near as witless and booooring as the characters presented in this script. Odds and ends are thrown into the script in an attempt to provide it with convincing background but would appear to have been jotted down in a list on a cocktail napkin. For anyone who makes a living in the casino business (as this writer has for the last FORTY years!) this is a poverty stricken depiction of their world which even in the farthest and most obscure reaches of England has NEVER been this wanting! An appalling, insulting mess of a movie that plods and plods and plods along to an idiotic and unconvincing ending. American critics loved it.",negative
"....as to the level of wit on which this comedy operates. Barely even reaching feature length, ""Can I Do It....'Till I Need Glasses"" is a collection of (mostly) dirty jokes. Many of them are so short that you can't believe it when you realize that THAT was supposed to be the punchline (example: the Santa Claus gag); others are so long that you can't believe it when you realize that they needed so much time to set up THAT punchline (example: the students' awards gag). And nearly all are directed without any artistry. Don't get me wrong: about 1 every 10 jokes actually manages to be funny (the iron / phone one is probably my favorite). There is also some wonderful full-frontal nudity that proves, yet again, that the female body, especially in its natural form, is the best thing on this planet (there is some comedic male nudity as well). And I agree with others that the intentionally stupid title song is actually pretty damn catchy! But none of those reasons are enough to give this film anything more than * out of 4.",negative
"A film that tends to get buried under prejudice and preconception - It's a remake! Doris Day is in it! She sings! - Hitchcock's second crack at 'The Man Who Knew Too Much' is his most under-rated film, and arguably a fully fledged masterpiece in its own right.<br /><br />This is, in more ways than one, Doris Day's film. Not only does she give the finest performance of her career, more than holding her own against James Stewart, but the whole film is subtly structured around her character rather than his. This is, after all, a film in which music is both motif and plot device. What better casting than the most popular singer of her generation? Consider: Day's Jo McKenna has given up her career on the stage in order to settle down with her husband and raise their son. This seems to be a mutual decision, and she doesn't appear to be unhappy. But look at the way Stewart teases her in the horse-drawn carriage over her concerns about Louis Bernard, implying that she is jealous that Bernard wasn't asking her any questions about her career. This is clearly a recurrent joke between them - she responds with a 'har-de-har-har' that denotes the familiarity of this gag, suggesting that she has a certain latent resentment about her confinement, and that they both realise it.<br /><br />After their son has been kidnapped, Stewart insists on doping her before giving her the news. This is a cruel scene, brilliantly played by both actors, which illustrates the power imbalance in their marriage - he is seeking to control and subdue her reactions, in essence using his professional knowledge to suppress her voice in the marriage just as his medical career has suppressed her singing career.<br /><br />The potency of that voice is demonstrated in the Ambrose Chapel sequence, when she has to reign in its highly trained clarity and volume to blend in with the congregation of female drudges - they almost act as a warning of what will become of her if she continues to suppress her talent. At the Albert Hall, it is her need to cry out, to exercise those impressive lungs, that saves a man's life, and in the Embassy finale, it is her talent and reputation that allows them to locate their son. By contrast, all of Stewart's masculine activity is counterproductive - his visit to the taxidermist is a dead end, he gets left behind at the church whilst everyone else moves on to the Albert Hall, and his efforts there only succeed in getting the assassin killed, thus depriving the Police of potentially useful information. It is only when his action is joined to his wife's voice, in the rescue of Hank from the embassy, that he actually succeeds in doing something useful.<br /><br />Far from being forced into the film to give Day an opportunity to sing, 'Que Sera Sera' acts as the first musical device in the film, foreshadowing the nightmare that is about to engulf the McKennas; 'the future's not ours to see' indeed. It also neatly prepares the way for the finale, in which the close bond mother and son share through music will allow Doris to save the day.<br /><br />The most famous sequence in the film makes music the central feature - the build up to the assassination attempt in the Albert Hall. This lengthy wordless sequence may be the single most extraordinary thing Hitchcock committed to film, the ultimate expression of his belief that films should be stories told visually. We see people conduct conversations in this sequence, but we never hear a word they say. We don't need to - the images say everything. It is also his most exquisite suspense sequence, with the pieces moving slowly into place as the music builds. The editing is incredibly tight, matched to the music perfectly. There isn't a frame out of place - anything that doesn't relate directly to the assassination is giving the viewer a sense of the environment, the geography in which all this is playing out. It builds slowly, but by the end the suspense is nearly unbearable. When Jo screams, it isn't just a relief for her, but for the audience.<br /><br />The Ambrose Chapel sequence is witty, and particularly effective for anyone who has had to sit through a service at a particularly stick-in-the-mud Nonconformist church. The Embassy sequence seems a little flat after the Albert Hall one that preceded it on first viewing, but second time around actually seems more effective, with the final walk at gunpoint really benefiting from the gorgeous use of Day singing in the background, reminiscent of the music-as-ambient-noise in 'Rear Window'. The score as a whole is subtle, allowing the music from on-screen sources to be foregrounded effectively.<br /><br />Bernard Miles is a low-key villain, a little banal, but with a dry wit. He's outshone by Brenda de Banzie as his wife, who walks a fine line between sinister and sympathetic. Just look at the way she smokes a cigarette whilst her husband preps the assassin - her stance is pure gangster's moll, belying the Middle-England exterior, but she clearly has a soft side, and possibly maternal feelings towards Hank.<br /><br />Stewart is excellent, although if Hitchcock really did always cast him as 'Everyman', as the Director's daughter seems to think, then it confirms that Hitchcock had a cynical view of his audience. Stewart played a hypocritical intellectual who espoused fascist ideology in Rope, a voyeur who mistreated his girlfriend in Rear Window and an obsessive necrophiliac in Vertigo. Day is nothing short of phenomenal. Just look at her reaction to the news that her son has been kidnapped - she never overdoes anything, but neither does she sell it short. This is one of Hitchcock's most emotionally effective films. He never lets us forget what the stakes are for the McKennas; they feel the most fully human of all his central characters.",positive
"With the exception of the main character, the acting didn't convince me, but the story was quite good: It's about a love affair between a gay party boy and a young Mormon missionary. As you can imagine, such a relationship is quite problematic. The movie is very American and, as such, has some metaphysical undertones to counterbalance its criticism of religious intolerance. But some story lines are hilarious: one of the main characters asks his gay colleague: ""Do you believe in God?"" And he answers: ""you mean: other than Madonna?"" All in all, the film is not one of my all-time favorites, but the script is really good and I really liked it: it's entertaining and stands up against (religious) prejudice and intolerance. I think this is an important message in our times. Since I rated films that I liked less with 9, this is clearly a 10 for me. Some people may find this exaggerated, but I think this film deserves it.",positive
"Betty and Boris eye each other at a junior dance when they're still kids, but unfortunately Hugh gets to her first and thirty years later when we tune back in--Betty is married to Hugh and putting up with his fussy mother, who also lives with them.<br /><br />Neither Boris, nor Betty, however, have forgotten each other and when their paths cross again, they soon declare their feelings.<br /><br />But Betty feels she can't divorce Hugh, a Councilman, it would hurt him too much. What Betty doesn't know is, Hugh isn't hurting at all. He's rolling in the sheets with his beautiful secretary Meredith.<br /><br />Boris, an undertaker, thinks he has the answer. They'll fake her death.<br /><br />Christopher Walken plays Frank Featherbed, an outrageous, competing undertaker in their medium-sized town--that causes additional problems for Boris and Betty.<br /><br />All kinds of complications arise as Boris and Betty try to pull off this major coup.<br /><br />There are laugh out-loud scenes, some delightful dancing, and nary a curse word to be heard. In short, the film was a pleasure to watch.<br /><br />10 stars.",positive
"I'm not surprised that so many people fell for this one. When I was watching this movie, a couple viewers next to me sobbed whenever you're ""supposed"" to sob -- or at least feel ""touched"". Like when Hunting said he didn't love the girl. Like when Robin Williams' character (sorry I forgot his role's name) was telling Hunting repeatedly ""It's not your fault"" (oh Lord, just thinking of that scene gives me the goosebumps). I couldn't have cared less for what would happen to the characters. Many people sob for Hollywood manufactured characters they can't even relate to (think Titanic; Yuck!)... but it really only made me cringe and want to get out of the theatre. I guess I simply refuse to be psychically and emotionally manipulated by all this.<br /><br />Folks it's not me who's being condescending ... those characters are, and for no good reason because they're unreal. Worse yet, nothing is new or surprising. Even Robin Williams' character is all cliched.<br /><br />I gave it 1 out of 10. It's probably not that bad; it's just quite mediocre... but so many people went to the other extreme and gave it a 10 so I figured a single balancing vote won't hurt.",negative
